course_name,login_count,active_days,login_frequency,login_consistency,course_access_count,module_completion_rate,page_view_count,class_exercise_submissions,class_exercises_attempted,total_practice,exercises_attempted,quiz_attempt_count,quiz_completion_rate,quiz_average_score,quiz_view_count,mock_exam_score,portal_based_exam_score,model_exam_score,pba_score,cia_score,end_semester_score,in_between_assessment_grade,pba_assessment_score,average_access_hour,study_session_count,time_spent_on_course_minutes,study_frequency_per_week,week_1_6_engagement,week_1_9_engagement,week_1_12_engagement,week_1_16_engagement,week_1,week_2,week_3,week_4,week_5,week_6,week_7,week_8,week_9,week_10,week_11,week_12,week_13,week_14,week_15,week_16,completed_modules,study_interval_regularity
Course 1,124,72,1.72,0.31,193,100.0,6,18,11,323,160,4,100.0,34.75,203,0.0,0.0,0.0,0.0,22.0,108.0,10.33,0.0,13.24,22,4828.0,10,832,2045,3229,3229,0,61,95,0,283,393,813,399,1,827,357,0,0,0,0,0,2,0.761
Course 1,140,70,2.0,0.32,128,100.0,35,28,11,583,160,4,100.0,37.75,176,10.0,0.0,0.0,0.0,27.0,105.0,13.67,0.0,11.71,36,9445.0,10,3158,3851,5118,5118,0,73,509,315,980,1281,521,141,31,609,658,0,0,0,0,0,2,0.845
Course 1,53,34,1.56,0.2,20,100.0,0,18,11,239,160,4,100.0,26.0,93,0.0,0.0,0.0,0.0,10.0,90.0,4.67,0.0,12.44,10,967.0,6,488,512,1670,1740,0,0,0,0,346,142,0,24,0,311,847,0,70,0,0,0,2,0.621
Course 1,58,40,1.45,0.22,49,100.0,4,14,11,195,160,4,100.0,35.75,80,0.0,0.0,0.0,0.0,21.0,110.0,11.0,0.0,11.25,11,1684.0,6,605,608,1807,1807,0,0,0,8,455,142,0,3,0,66,1133,0,0,0,0,0,2,0.658
Course 1,54,40,1.35,0.22,17,100.0,0,11,11,199,160,4,100.0,39.75,146,0.0,0.0,0.0,0.0,29.0,114.0,15.0,0.0,11.54,9,1554.0,7,737,904,1701,1701,0,0,1,0,450,286,0,167,0,170,627,0,0,0,0,0,2,0.632
Course 1,88,59,1.49,0.27,32,100.0,20,22,11,324,160,4,100.0,44.25,100,20.0,0.0,0.0,0.0,25.0,110.0,19.0,0.0,8.71,19,3931.0,9,947,1526,2259,2611,0,29,0,113,446,359,195,384,0,474,259,0,352,0,0,0,2,0.664
Course 1,42,28,1.5,0.15,31,100.0,8,24,11,303,160,4,100.0,25.25,81,0.0,0.0,0.0,0.0,6.0,90.0,3.67,0.0,10.84,11,1809.0,8,791,800,1609,2467,0,6,0,0,677,108,1,8,0,49,760,0,858,0,0,0,2,0.624
Course 1,129,65,1.98,0.32,90,100.0,66,31,11,382,160,4,100.0,39.0,168,10.0,0.0,0.0,0.0,27.0,110.0,13.67,0.0,8.54,22,7062.0,7,1094,1112,4670,4700,0,0,32,0,554,508,0,18,0,538,3020,0,30,0,0,0,2,0.734
Course 1,132,70,1.89,0.3,53,100.0,63,19,11,329,160,4,100.0,47.75,115,8.0,0.0,0.0,0.0,41.0,129.0,19.33,0.0,9.22,20,6814.0,8,1772,2016,3553,3553,0,65,105,113,640,849,0,0,244,119,1414,4,0,0,0,0,2,0.724
Course 1,154,92,1.67,0.39,72,100.0,46,24,11,361,160,4,100.0,45.5,110,16.0,0.0,0.0,0.0,33.0,108.0,22.0,0.0,9.71,30,7625.0,10,1868,2467,4548,4548,0,102,362,92,354,958,377,215,7,1190,889,2,0,0,0,0,2,0.824
Course 1,131,78,1.68,0.33,31,100.0,14,11,11,263,160,4,100.0,42.75,125,16.0,0.0,0.0,0.0,33.0,107.0,18.67,0.0,10.14,16,3371.0,8,1062,1330,2219,2219,0,84,263,23,461,231,268,0,0,687,202,0,0,0,0,0,2,0.671
Course 1,142,95,1.49,0.4,80,100.0,11,34,11,326,150,4,100.0,46.75,81,18.0,0.0,0.0,0.0,32.0,108.0,23.33,0.0,12.01,23,7346.0,10,1618,1896,3291,3291,0,53,176,100,494,795,0,28,250,604,737,54,0,0,0,0,2,0.745
Course 1,74,50,1.48,0.24,52,100.0,63,29,11,361,160,4,100.0,51.0,108,16.0,0.0,0.0,0.0,44.0,105.0,30.33,0.0,9.48,23,3447.0,10,1445,1970,2986,2986,0,69,54,245,521,556,354,82,89,117,899,0,0,0,0,0,2,0.775
Course 1,143,95,1.51,0.41,45,100.0,25,38,11,543,160,4,100.0,36.25,208,0.0,0.0,0.0,0.0,31.0,108.0,12.33,0.0,10.25,32,8282.0,10,1705,2660,3934,3934,0,62,222,200,735,486,653,236,66,493,781,0,0,0,0,0,2,0.823
Course 1,96,58,1.66,0.28,46,100.0,4,38,11,274,150,4,100.0,38.0,159,0.0,0.0,0.0,0.0,25.0,114.0,12.67,0.0,9.55,19,1704.0,8,799,1086,2508,2508,0,0,1,76,449,273,264,23,0,796,546,80,0,0,0,0,2,0.717
Course 1,81,48,1.69,0.23,39,100.0,17,17,11,216,152,4,100.0,41.5,150,20.0,0.0,0.0,0.0,26.0,108.0,16.0,0.0,8.19,17,2270.0,8,776,996,1816,1816,0,0,3,37,368,368,20,200,0,597,223,0,0,0,0,0,2,0.685
Course 1,90,51,1.76,0.26,66,100.0,106,40,11,399,160,3,100.0,53.0,119,0.0,0.0,0.0,0.0,29.0,105.0,27.0,0.0,7.62,25,6072.0,9,1312,1825,3311,3311,0,0,16,0,533,763,58,428,27,212,1274,0,0,0,0,0,1,0.778
Course 1,100,82,1.22,0.36,34,100.0,56,34,11,256,160,3,100.0,39.0,115,0.0,0.0,0.0,0.0,31.0,76.0,20.5,0.0,11.88,21,2398.0,9,784,1186,3298,3298,0,0,1,1,404,378,312,2,88,1132,976,4,0,0,0,0,1,0.781
Course 1,59,39,1.51,0.21,26,100.0,11,11,11,210,160,4,100.0,31.0,231,0.0,0.0,0.0,0.0,22.0,99.0,8.33,0.0,8.24,13,1111.0,6,809,884,1859,1859,0,29,0,0,460,320,0,75,0,654,321,0,0,0,0,0,2,0.627
Course 1,34,22,1.55,0.13,27,100.0,7,29,11,239,151,4,100.0,42.75,159,0.0,0.0,0.0,0.0,32.0,120.0,17.0,0.0,10.12,12,2045.0,6,872,1265,2104,2104,0,0,0,0,382,490,292,0,101,122,610,107,0,0,0,0,2,0.717
Course 1,153,69,2.22,0.32,65,100.0,17,48,11,396,160,4,100.0,47.0,211,0.0,0.0,0.0,0.0,36.0,126.0,20.67,0.0,9.97,25,3364.0,9,1282,2200,4092,4092,0,0,86,94,693,409,537,290,91,1301,591,0,0,0,0,0,2,0.816
Course 1,27,17,1.59,0.1,15,100.0,8,44,11,244,160,4,100.0,30.25,128,0.0,0.0,0.0,0.0,12.0,106.0,5.0,0.0,12.33,15,1087.0,8,554,924,2168,2168,0,35,128,0,215,176,366,4,0,262,982,0,0,0,0,0,2,0.684
Course 1,136,82,1.66,0.35,221,100.0,7,13,11,238,160,4,100.0,33.75,133,6.0,0.0,0.0,0.0,15.0,104.0,9.33,0.0,10.79,22,1992.0,9,890,1475,2398,2398,0,38,9,101,517,225,356,229,0,365,558,0,0,0,0,0,2,0.743
Course 1,135,91,1.48,0.39,54,100.0,38,30,11,371,160,4,100.0,46.5,149,18.0,0.0,0.0,0.0,38.0,110.0,22.33,0.0,8.25,29,3846.0,10,1937,2544,3611,3611,0,17,248,0,1137,535,404,152,51,374,693,0,0,0,0,0,2,0.792
Course 1,111,72,1.54,0.34,34,100.0,7,13,11,285,160,4,100.0,39.0,224,6.0,0.0,0.0,0.0,27.0,109.0,14.67,0.0,9.2,18,2591.0,8,969,1465,2568,2568,0,0,45,55,569,300,0,173,323,918,185,0,0,0,0,0,2,0.732
Course 1,77,56,1.38,0.25,43,100.0,16,35,11,264,160,4,100.0,42.5,62,10.0,0.0,0.0,0.0,32.0,109.0,18.67,0.0,7.41,18,2256.0,8,1154,1190,2187,2187,0,1,2,0,443,708,33,3,0,748,249,0,0,0,0,0,2,0.7
Course 1,60,37,1.62,0.2,20,100.0,24,21,11,201,150,4,100.0,37.25,99,0.0,0.0,0.0,0.0,23.0,115.0,11.33,0.0,7.6,8,1294.0,7,515,1124,1663,1663,0,0,1,15,258,241,609,0,0,79,460,0,0,0,0,0,2,0.62
Course 1,157,93,1.69,0.4,33,100.0,18,68,11,678,160,4,100.0,41.0,171,6.0,0.0,0.0,0.0,30.0,108.0,17.67,0.0,8.33,31,7744.0,10,2595,3494,5077,5077,0,86,131,457,877,1044,614,240,45,406,1165,12,0,0,0,0,2,0.835
Course 1,134,90,1.49,0.39,64,100.0,42,17,11,411,160,4,100.0,53.0,161,18.0,0.0,0.0,0.0,40.0,130.0,24.33,0.0,8.5,29,4104.0,10,2066,2835,3405,3405,0,89,64,299,774,840,466,90,213,129,436,5,0,0,0,0,2,0.805
Course 1,107,50,2.14,0.24,39,100.0,6,11,11,194,160,4,100.0,47.25,176,6.0,0.0,0.0,0.0,37.0,128.0,19.33,0.0,8.53,11,2833.0,6,1007,1246,2471,2471,0,0,19,0,498,490,0,0,239,124,1101,0,0,0,0,0,2,0.675
Course 1,132,89,1.48,0.38,165,100.0,4,32,11,257,160,4,100.0,19.0,62,0.0,0.0,0.0,0.0,15.0,53.0,7.67,0.0,10.11,20,1641.0,9,1016,1422,3105,3105,0,50,0,63,239,664,353,48,5,298,1385,0,0,0,0,0,2,0.758
Course 1,50,26,1.92,0.15,52,100.0,2,24,11,221,150,3,100.0,62.0,124,0.0,0.0,0.0,0.0,41.0,126.0,30.0,0.0,10.38,21,3255.0,8,774,783,2250,2250,0,0,154,148,23,449,0,2,7,294,975,198,0,0,0,0,1,0.714
Course 1,159,85,1.87,0.37,76,100.0,40,25,11,296,150,4,100.0,41.5,142,0.0,0.0,0.0,0.0,33.0,105.0,20.33,0.0,9.31,25,5513.0,9,1447,1698,2781,2781,0,0,63,84,666,634,110,132,9,982,101,0,0,0,0,0,2,0.78
Course 1,56,23,2.43,0.13,28,100.0,3,25,11,301,160,5,100.0,31.6,146,0.0,0.0,0.0,0.0,31.0,92.0,19.67,0.0,9.09,11,2738.0,6,847,848,2528,2528,0,0,0,0,446,401,0,1,0,1122,558,0,0,0,0,0,2,0.715
Course 1,75,42,1.79,0.21,35,100.0,8,11,11,169,160,4,100.0,33.0,95,0.0,0.0,0.0,0.0,31.0,93.0,13.0,0.0,6.74,11,994.0,5,440,462,1427,1427,0,0,0,0,90,350,22,0,0,209,756,0,0,0,0,0,2,0.642
Course 1,103,68,1.51,0.31,19,100.0,8,14,11,233,160,3,100.0,63.67,111,0.0,0.0,0.0,0.0,37.0,129.0,31.0,0.0,10.11,12,1573.0,8,708,824,1886,1886,0,0,72,48,430,158,5,111,0,972,90,0,0,0,0,0,1,0.699
Course 1,106,69,1.54,0.32,27,100.0,18,11,11,166,160,4,100.0,36.5,147,4.0,0.0,0.0,0.0,28.0,108.0,12.0,0.0,6.67,12,1542.0,5,522,720,1581,1581,0,0,0,0,311,211,0,184,14,591,266,4,0,0,0,0,2,0.69
Course 1,63,31,2.03,0.16,33,100.0,3,18,11,203,160,4,100.0,39.25,100,8.0,0.0,0.0,0.0,19.0,114.0,13.0,0.0,12.97,8,1328.0,5,585,585,1591,1591,0,0,8,0,463,114,0,0,0,78,858,70,0,0,0,0,2,0.554
Course 1,88,62,1.42,0.28,33,100.0,25,20,11,234,160,4,100.0,36.0,122,10.0,0.0,0.0,0.0,21.0,100.0,13.0,0.0,12.09,17,2903.0,9,547,601,1897,1897,0,0,2,0,335,210,49,4,1,360,936,0,0,0,0,0,2,0.697
Course 1,125,79,1.58,0.34,49,100.0,12,17,11,270,160,4,100.0,43.75,80,20.0,0.0,0.0,0.0,32.0,110.0,18.33,0.0,11.84,20,3577.0,9,1828,2043,3455,3455,0,59,407,131,291,940,207,8,0,1284,128,0,0,0,0,0,2,0.758
Course 1,190,99,1.92,0.43,144,100.0,31,23,11,356,160,4,100.0,46.25,111,16.0,0.0,0.0,0.0,33.0,109.0,22.67,0.0,11.72,33,8846.0,10,1867,2685,3771,3771,0,226,404,0,802,435,582,121,115,567,519,0,0,0,0,0,2,0.819
Course 1,175,87,2.01,0.37,65,100.0,7,14,11,357,160,4,100.0,54.5,140,16.0,0.0,0.0,0.0,43.0,130.0,26.67,0.0,9.89,25,5674.0,9,1836,2241,4385,4385,0,114,488,0,347,887,7,129,269,1693,451,0,0,0,0,0,2,0.799
Course 1,88,66,1.33,0.3,34,100.0,15,14,11,257,160,3,100.0,57.67,132,0.0,0.0,0.0,0.0,35.0,122.0,25.5,0.0,12.26,20,2778.0,9,1254,1590,2506,2506,0,116,343,41,630,124,146,75,115,204,712,0,0,0,0,0,1,0.736
Course 1,109,77,1.42,0.33,62,100.0,3,12,11,266,152,4,100.0,44.75,184,16.0,0.0,0.0,0.0,32.0,116.0,18.33,0.0,12.92,15,3448.0,9,1173,1470,2335,2335,0,69,290,136,410,268,63,0,234,794,71,0,0,0,0,0,2,0.699
Course 1,102,68,1.5,0.31,58,100.0,46,1,1,207,132,3,100.0,21.0,123,0.0,0.0,0.0,0.0,18.0,31.0,16.0,0.0,7.9,22,2854.0,9,558,701,2032,2032,0,0,20,15,112,411,0,141,2,143,512,676,0,0,0,0,1,0.712
Course 1,43,24,1.79,0.13,25,100.0,4,18,11,271,160,4,100.0,52.75,149,20.0,0.0,0.0,0.0,32.0,130.0,23.67,0.0,13.09,14,2711.0,7,798,935,2391,2391,0,0,12,20,530,236,137,0,0,1018,438,0,0,0,0,0,2,0.683
Course 1,115,72,1.6,0.34,70,100.0,32,19,11,308,151,4,100.0,45.0,156,20.0,0.0,0.0,0.0,24.0,118.0,17.33,0.0,10.73,26,3103.0,9,1093,1753,2665,2665,0,0,2,73,443,575,302,353,5,240,611,61,0,0,0,0,2,0.767
Course 1,117,71,1.65,0.35,98,100.0,42,15,11,243,160,4,100.0,42.0,87,20.0,0.0,0.0,0.0,31.0,106.0,17.33,0.0,12.95,25,3405.0,9,1028,1386,2312,2312,0,0,18,44,600,366,293,64,1,555,370,1,0,0,0,0,2,0.763
Course 1,62,43,1.44,0.22,22,100.0,4,17,11,259,160,4,100.0,35.75,62,0.0,0.0,0.0,0.0,30.0,110.0,11.0,0.0,8.06,16,2254.0,8,561,780,2590,2590,0,2,2,0,298,259,0,219,0,893,917,0,0,0,0,0,2,0.71
Course 1,58,40,1.45,0.21,51,100.0,42,18,11,231,150,4,100.0,44.0,149,16.0,0.0,0.0,0.0,34.0,100.0,22.67,0.0,9.48,20,1494.0,8,989,1567,2233,2233,0,0,16,10,334,629,134,444,0,56,596,14,0,0,0,0,2,0.725
Course 1,52,38,1.37,0.19,31,100.0,1,31,11,227,151,4,100.0,48.75,132,20.0,0.0,0.0,0.0,35.0,117.0,22.67,0.0,8.08,16,2169.0,7,630,995,1784,1784,0,0,128,0,280,222,357,8,0,115,548,126,0,0,0,0,2,0.652
Course 1,83,54,1.54,0.26,48,100.0,30,20,11,266,156,4,100.0,40.0,226,0.0,0.0,0.0,0.0,40.0,109.0,17.0,0.0,8.19,22,2956.0,9,1229,1706,2798,2798,0,0,33,78,456,662,469,4,4,161,929,2,0,0,0,0,2,0.759
Course 1,156,86,1.81,0.38,73,100.0,14,24,11,297,152,4,100.0,36.25,150,0.0,0.0,0.0,0.0,21.0,105.0,13.33,0.0,10.77,24,8012.0,9,1342,1669,2794,2794,0,4,415,0,424,499,283,1,43,791,334,0,0,0,0,0,2,0.744
Course 1,51,30,1.7,0.16,49,100.0,2,22,11,214,160,4,100.0,37.75,128,0.0,0.0,0.0,0.0,29.0,109.0,14.0,0.0,12.97,10,2600.0,6,703,1153,1861,1861,0,0,0,0,318,385,81,369,0,163,545,0,0,0,0,0,2,0.688
Course 1,122,84,1.45,0.36,43,100.0,19,12,11,172,160,4,100.0,36.25,84,4.0,0.0,0.0,0.0,26.0,110.0,11.0,0.0,10.87,14,2785.0,8,771,1024,1685,1685,0,5,0,0,623,143,239,14,0,466,191,4,0,0,0,0,2,0.62
Course 1,122,64,1.91,0.29,357,100.0,6,12,11,203,160,5,100.0,33.0,168,10.0,0.0,0.0,0.0,31.0,99.0,19.33,0.0,9.09,21,4183.0,9,1393,1847,2872,2872,0,0,15,0,682,696,75,378,1,706,319,0,0,0,0,0,2,0.78
Course 1,80,62,1.29,0.29,80,100.0,23,16,11,198,150,4,100.0,39.25,213,20.0,0.0,0.0,0.0,20.0,102.0,15.0,0.0,10.14,23,2333.0,8,838,1078,1929,1929,0,0,91,6,468,273,206,34,0,196,655,0,0,0,0,0,2,0.726
Course 1,120,94,1.28,0.41,43,100.0,0,26,11,228,160,4,100.0,37.0,138,20.0,0.0,0.0,0.0,28.0,96.0,14.0,0.0,11.66,20,1681.0,9,976,1475,2289,2289,0,0,5,2,423,546,266,201,32,530,283,1,0,0,0,0,2,0.732
Course 1,87,54,1.61,0.26,34,100.0,14,15,11,206,160,4,100.0,37.0,105,0.0,0.0,0.0,0.0,31.0,103.0,15.0,0.0,8.35,13,1563.0,7,423,687,1898,1898,0,0,0,0,252,171,253,11,0,883,328,0,0,0,0,0,2,0.701
Course 1,119,70,1.7,0.32,193,100.0,53,26,11,348,150,4,100.0,38.75,132,16.0,0.0,0.0,0.0,30.0,92.0,18.33,0.0,7.13,30,6039.0,10,1607,2210,2855,2855,0,109,428,32,487,551,475,124,4,102,534,9,0,0,0,0,2,0.786
Course 1,104,70,1.49,0.3,38,100.0,8,12,11,336,160,4,100.0,44.5,77,18.0,0.0,0.0,0.0,33.0,100.0,23.0,0.0,9.15,24,4037.0,9,1318,1670,2466,2466,0,31,179,141,529,438,217,135,0,401,395,0,0,0,0,0,2,0.735
Course 1,128,84,1.52,0.36,53,100.0,66,11,11,270,160,4,100.0,48.0,138,20.0,0.0,0.0,0.0,37.0,109.0,24.33,0.0,11.37,19,3133.0,9,1399,1814,2792,2792,0,119,314,144,218,604,5,410,0,646,332,0,0,0,0,0,2,0.736
Course 1,91,52,1.75,0.25,40,100.0,16,25,11,256,160,4,100.0,42.25,150,20.0,0.0,0.0,0.0,27.0,107.0,17.33,0.0,9.24,16,1429.0,7,750,1491,2221,2221,0,0,0,85,116,549,443,298,0,607,123,0,0,0,0,0,2,0.737
Course 1,63,39,1.62,0.19,34,100.0,34,14,11,212,160,4,100.0,48.0,175,20.0,0.0,0.0,0.0,40.0,119.0,21.0,0.0,8.86,18,2424.0,7,844,1183,2390,2390,0,18,0,0,314,512,285,54,0,768,439,0,0,0,0,0,2,0.666
Course 1,69,55,1.25,0.27,27,100.0,23,20,11,246,150,4,100.0,40.5,119,10.0,0.0,0.0,0.0,31.0,110.0,15.67,0.0,7.6,16,1637.0,8,1076,1372,1868,1868,0,0,68,0,514,494,207,54,35,92,404,0,0,0,0,0,2,0.715
Course 1,143,100,1.43,0.43,49,100.0,37,26,11,346,160,4,100.0,49.75,167,18.0,0.0,0.0,0.0,32.0,130.0,20.0,0.0,12.79,25,4700.0,10,1264,1756,3047,3047,0,36,116,111,507,494,388,53,51,1042,249,0,0,0,0,0,2,0.776
Course 1,103,64,1.61,0.29,14,100.0,15,34,10,370,150,4,100.0,51.25,146,18.0,0.0,0.0,0.0,39.0,125.0,23.67,0.0,9.8,20,2773.0,9,1559,1908,2967,2967,0,1,70,0,472,1016,303,46,0,235,824,0,0,0,0,0,2,0.723
Course 1,84,51,1.65,0.26,48,100.0,7,17,11,234,160,4,100.0,42.0,167,0.0,0.0,0.0,0.0,28.0,115.0,17.67,0.0,11.51,16,2637.0,7,1125,1958,3133,3133,0,0,10,0,466,649,795,38,0,141,1034,0,0,0,0,0,2,0.734
Course 1,20,6,3.33,0.13,144,100.0,18,9,6,189,145,4,100.0,18.25,58,0.0,0.0,0.0,0.0,10.0,59.0,4.67,0.0,8.54,6,820.0,4,73,73,2313,2335,0,0,0,0,0,73,0,0,0,65,2175,0,22,0,0,0,2,0.615
Course 1,99,49,2.02,0.25,162,100.0,7,31,11,248,160,4,100.0,31.0,190,0.0,0.0,0.0,0.0,23.0,96.0,9.33,0.0,9.04,21,3601.0,10,1387,1940,3424,3424,0,16,13,5,625,728,52,500,1,747,737,0,0,0,0,0,2,0.777
Course 1,40,18,2.22,0.32,47,100.0,23,11,11,216,150,4,100.0,35.25,189,20.0,0.0,0.0,0.0,26.0,89.0,14.0,0.0,8.97,18,1907.0,7,1363,1427,2138,2138,0,0,20,0,584,759,0,64,0,168,543,0,0,0,0,0,2,0.697
Course 1,132,54,2.44,0.25,131,100.0,12,20,11,284,160,4,100.0,27.75,142,0.0,0.0,0.0,0.0,16.0,84.0,9.0,0.0,10.54,19,3747.0,9,1156,1666,2856,2856,0,41,3,0,566,546,503,5,2,119,1071,0,0,0,0,0,2,0.749
Course 1,115,54,2.13,0.27,66,100.0,16,31,11,413,160,4,100.0,29.25,117,0.0,0.0,0.0,0.0,11.0,99.0,6.0,0.0,11.43,26,5937.0,10,1561,2601,4003,4003,0,22,18,0,476,1045,925,102,13,713,688,1,0,0,0,0,2,0.783
Course 31,156,54,2.89,0.24,52,100.0,35,7,5,351,155,5,100.0,62.38,327,87.58333,83.25,48.33333,29.66667,0.0,0.0,4.94,29.66667,10.45,24,2332.0,11,1905,3055,3367,3367,17,224,54,953,631,26,733,0,417,257,55,0,0,0,0,0,4,0.567
Course 31,181,72,2.51,0.31,102,100.0,17,5,5,195,162,4,100.0,56.42,245,37.5,104.5,48.33333,35.33333,0.0,0.0,2.46,35.33333,11.34,21,3514.0,9,1362,2192,2387,2387,79,100,700,135,346,2,239,0,591,145,50,0,0,0,0,0,3,0.698
Course 31,120,44,2.73,0.22,51,100.0,59,7,5,225,160,5,100.0,49.92,279,90.0,76.66667,20.0,21.0,0.0,0.0,4.33,21.0,9.09,12,2106.0,8,1440,2493,2665,2665,0,54,622,250,514,0,153,0,900,172,0,0,0,0,0,0,4,0.716
Course 31,113,43,2.63,0.2,26,100.0,15,0,0,190,78,3,100.0,57.61,142,63.33333,87.5,0.0,22.0,0.0,0.0,4.15,22.0,7.37,11,777.0,7,1063,1608,1782,1782,0,74,3,705,244,37,0,0,545,174,0,0,0,0,0,0,2,0.637
Course 31,138,55,2.51,0.28,106,100.0,8,20,5,411,158,4,100.0,30.5,128,53.0,20.0,44.0,5.0,0.0,0.0,3.48,5.0,10.95,26,4207.0,11,2438,3533,4925,4925,154,0,827,1114,276,67,478,116,501,239,472,681,0,0,0,0,3,0.77
Course 31,162,83,1.95,0.35,40,100.0,48,9,5,347,162,4,100.0,54.54,296,102.41667,45.08333,50.0,20.66667,0.0,0.0,6.72,20.66667,8.97,16,2640.0,7,1993,3415,3596,3596,0,114,336,846,697,0,110,0,1312,181,0,0,0,0,0,0,3,0.731
Course 31,109,53,2.06,0.23,41,100.0,27,6,5,264,154,4,100.0,46.4,360,57.33333,80.41667,15.66667,32.16667,0.0,0.0,3.76,32.16667,10.88,17,2271.0,9,2547,3488,3653,3653,332,73,1547,11,584,0,40,344,557,156,9,0,0,0,0,0,3,0.722
Course 31,134,79,1.7,0.34,67,100.0,4,11,5,563,161,5,100.0,60.32,400,78.66667,94.5,46.33333,28.66667,0.0,0.0,4.33,28.66667,11.75,23,4902.0,10,4065,5442,5599,5599,0,515,2291,243,756,260,692,0,685,146,11,0,0,0,0,0,4,0.799
Course 31,158,88,1.8,0.37,94,100.0,1,6,5,232,161,5,100.0,69.08,238,99.0,97.0,64.0,26.66667,0.0,0.0,5.17,26.66667,8.4,22,2237.0,10,1455,2459,2609,2609,98,213,397,266,481,0,126,0,878,110,35,5,0,0,0,0,4,0.697
Course 31,102,61,1.67,0.27,39,100.0,5,18,5,372,163,5,100.0,50.08,383,62.0,73.0,51.66667,28.0,0.0,0.0,3.2,28.0,8.22,20,2118.0,9,2069,3787,3848,3848,235,310,563,237,724,0,593,0,1125,57,0,4,0,0,0,0,4,0.727
Course 31,255,96,2.66,0.41,57,100.0,10,4,4,249,144,5,100.0,56.88,161,89.41667,87.41667,15.0,26.33333,0.0,0.0,5.1,26.33333,10.31,21,2455.0,9,1746,2302,2439,2439,84,217,782,236,375,52,81,0,475,120,17,0,0,0,0,0,4,0.697
Course 31,157,85,1.85,0.36,146,100.0,71,14,5,462,162,5,100.0,56.07,418,87.66667,85.83333,52.0,19.0,0.0,0.0,4.05,19.0,11.05,25,4837.0,10,2505,4475,5002,5002,306,154,729,421,895,0,584,768,618,383,144,0,0,0,0,0,4,0.785
Course 31,164,71,2.31,0.31,125,100.0,26,14,5,323,159,5,100.0,37.48,353,49.91667,65.33333,37.33333,15.66667,0.0,0.0,2.26,15.66667,10.17,21,1932.0,10,2285,3540,3936,3936,213,234,1175,93,536,34,411,0,844,386,4,6,0,0,0,0,4,0.749
Course 31,169,67,2.52,0.29,52,100.0,9,8,5,232,142,5,100.0,48.65,327,87.5,59.5,46.33333,15.33333,0.0,0.0,4.0,15.33333,9.35,21,2326.0,9,2079,2887,3132,3132,50,359,946,54,481,189,88,155,565,245,0,0,0,0,0,0,4,0.793
Course 31,155,80,1.94,0.34,64,100.0,48,11,5,466,163,5,100.0,60.0,371,62.0,100.08333,50.66667,37.33333,0.0,0.0,3.67,37.33333,10.93,19,4720.0,8,2804,4138,4629,4629,551,489,724,343,697,0,414,0,920,440,51,0,0,0,0,0,4,0.755
Course 31,173,81,2.14,0.34,55,98.44,37,20,5,321,157,5,100.0,64.2,406,81.5,91.58333,65.0,29.0,0.0,0.0,4.44,29.0,9.76,18,3431.0,9,2081,4052,4260,4260,224,0,397,690,770,0,997,16,958,204,4,0,0,0,0,0,4,0.727
Course 31,187,93,2.01,0.39,83,100.0,12,11,5,439,162,5,100.0,53.1,480,80.75,59.25,65.0,18.66667,0.0,0.0,4.02,18.66667,8.57,22,5143.0,9,4151,5790,6079,6079,492,670,1761,388,840,0,1013,0,626,223,62,4,0,0,0,0,4,0.781
Course 31,110,52,2.12,0.23,45,100.0,10,12,5,239,156,5,100.0,50.1,577,68.08333,64.5,43.66667,24.66667,0.0,0.0,3.86,24.66667,8.42,19,1352.0,9,2284,2929,3028,3028,225,277,531,176,1071,4,123,0,522,99,0,0,0,0,0,0,4,0.764
Course 31,178,74,2.41,0.32,38,100.0,50,12,5,413,151,5,100.0,44.67,368,85.0,53.66667,23.33333,24.0,0.0,0.0,4.01,24.0,10.39,15,2602.0,7,3118,3912,4063,4063,180,174,946,836,982,0,7,0,787,151,0,0,0,0,0,0,4,0.746
Course 31,175,86,2.03,0.37,57,98.51,20,12,5,606,163,5,100.0,64.42,303,88.0,91.16667,58.0,26.66667,0.0,0.0,4.8,26.66667,9.05,26,4707.0,10,3515,6331,6597,6597,823,455,685,947,417,188,423,143,2250,263,3,0,0,0,0,0,4,0.806
Course 31,196,90,2.18,0.38,92,100.0,22,9,5,303,161,5,100.0,56.65,334,64.5,90.33333,44.0,35.66667,0.0,0.0,3.71,35.66667,8.61,17,5326.0,9,2195,3437,3742,3742,252,527,545,247,514,110,393,0,849,235,70,0,0,0,0,0,4,0.748
Course 31,133,84,1.58,0.36,59,100.0,19,11,5,333,160,5,100.0,50.17,323,75.5,52.25,56.33333,17.0,0.0,0.0,4.11,17.0,8.2,18,1633.0,9,2282,2621,3589,3589,237,371,847,183,584,60,8,0,331,196,772,0,0,0,0,0,4,0.729
Course 31,114,59,1.93,0.3,52,100.0,5,12,5,411,157,5,100.0,69.85,264,77.75,115.75,61.0,31.33333,0.0,0.0,4.63,31.33333,7.16,21,3433.0,8,2420,3398,3527,3527,0,127,1479,360,454,0,382,10,586,113,16,0,0,0,0,0,4,0.723
Course 31,106,62,1.71,0.29,75,98.51,8,10,5,384,162,5,100.0,63.48,299,68.0,88.0,67.33333,27.0,0.0,0.0,4.43,27.0,8.42,22,3720.0,9,2410,3459,3637,3637,184,707,812,222,485,0,293,0,756,166,12,0,0,0,0,0,4,0.738
Course 31,147,69,2.13,0.29,72,98.46,5,8,5,389,161,5,100.0,57.93,360,84.91667,79.0,50.33333,18.66667,0.0,0.0,4.64,18.66667,8.55,17,1767.0,8,2301,3605,3907,3907,165,309,979,386,462,0,534,0,770,288,14,0,0,0,0,0,4,0.716
Course 31,184,73,2.52,0.32,81,100.0,16,16,5,499,161,5,100.0,49.25,314,39.0,82.0,49.0,38.0,0.0,0.0,2.53,38.0,8.87,25,5552.0,10,3415,4558,4784,4784,374,962,870,515,690,4,330,0,813,215,11,0,0,0,0,0,4,0.784
Course 31,192,88,2.18,0.37,74,98.51,15,19,5,763,163,5,100.0,66.8,367,80.41667,108.16667,46.66667,35.0,0.0,0.0,4.73,35.0,8.65,29,6563.0,10,4023,6261,6556,6556,456,749,1347,473,674,324,843,465,930,283,12,0,0,0,0,0,4,0.825
Course 31,122,61,2.0,0.28,98,100.0,196,7,5,477,162,3,100.0,60.17,275,0.0,103.16667,51.66667,25.66667,0.0,0.0,0.0,25.66667,9.16,23,5476.0,10,1965,3202,4273,4273,242,579,570,0,574,0,106,56,1075,132,939,0,0,0,0,0,2,0.749
Course 31,200,77,2.6,0.34,66,100.0,54,14,5,496,163,5,100.0,51.12,384,97.16667,49.91667,42.33333,31.33333,0.0,0.0,4.33,31.33333,8.77,29,8070.0,10,3675,5315,5499,5499,293,1002,702,885,723,70,289,6,1345,180,4,0,0,0,0,0,4,0.804
Course 31,154,73,2.11,0.32,90,100.0,20,20,5,339,161,5,100.0,51.8,259,54.16667,68.58333,59.0,24.0,0.0,0.0,3.52,24.0,9.51,25,4456.0,10,2996,3838,4077,4077,498,580,1099,255,476,88,148,2,692,233,6,0,0,0,0,0,4,0.772
Course 31,120,81,1.48,0.34,40,100.0,6,19,5,351,153,5,100.0,43.35,342,75.83333,49.0,40.66667,15.0,0.0,0.0,3.67,15.0,10.96,19,2487.0,9,2324,4110,4434,4434,213,357,859,320,575,0,393,26,1367,168,156,0,0,0,0,0,4,0.744
Course 31,107,55,1.95,0.24,55,100.0,17,6,5,206,161,4,100.0,59.94,293,53.75,87.33333,65.0,33.66667,0.0,0.0,3.52,33.66667,7.7,16,1633.0,8,1572,2282,2425,2425,195,111,276,483,507,0,84,0,626,143,0,0,0,0,0,0,3,0.708
Course 31,170,92,1.85,0.39,67,100.0,4,8,5,256,160,5,100.0,58.58,264,64.75,79.5,60.0,35.0,0.0,0.0,3.88,35.0,9.68,28,3226.0,10,2292,2995,3120,3120,279,155,911,485,449,13,105,113,485,121,4,0,0,0,0,0,4,0.745
Course 31,177,97,1.82,0.41,90,100.0,20,14,5,518,160,5,100.0,67.55,252,85.91667,88.0,64.0,35.66667,0.0,0.0,4.92,35.66667,10.22,32,7223.0,11,2549,4342,4762,4762,342,367,1010,266,465,99,716,219,858,155,265,0,0,0,0,0,4,0.797
Course 31,127,63,2.02,0.29,35,100.0,12,5,5,228,153,4,100.0,63.54,181,65.5,89.33333,67.33333,32.0,0.0,0.0,4.3,32.0,6.51,15,1341.0,8,1308,2265,2449,2449,122,97,794,58,237,0,30,0,927,164,20,0,0,0,0,0,3,0.66
Course 31,106,52,2.04,0.22,42,100.0,21,5,5,297,158,4,100.0,52.79,225,80.5,73.33333,23.33333,34.0,0.0,0.0,5.28,34.0,8.09,21,1935.0,9,1702,2365,2942,2942,474,177,435,264,352,0,269,110,284,573,4,0,0,0,0,0,3,0.722
Course 31,187,89,2.1,0.38,174,100.0,28,7,5,309,155,5,100.0,56.13,379,64.33333,88.5,74.0,22.66667,0.0,0.0,3.13,22.66667,11.13,24,3993.0,9,2576,3549,3788,3788,158,865,751,146,652,4,1,0,972,176,59,4,0,0,0,0,4,0.742
Course 31,114,62,1.84,0.28,46,100.0,2,11,5,304,156,5,100.0,48.98,374,60.25,69.33333,49.66667,27.0,0.0,0.0,3.24,27.0,9.38,23,2481.0,9,2360,3312,3456,3456,113,221,796,537,693,0,228,115,609,140,4,0,0,0,0,0,4,0.732
Course 31,128,75,1.71,0.33,53,100.0,10,10,5,501,147,5,100.0,64.77,286,94.5,88.25,55.0,33.0,0.0,0.0,4.84,33.0,9.68,23,4448.0,9,3509,5168,5524,5524,350,1233,883,622,420,1,613,285,761,348,8,0,0,0,0,0,4,0.791
Course 31,221,85,2.6,0.36,41,100.0,3,12,5,332,163,5,100.0,50.98,310,55.16667,85.5,49.0,27.83333,0.0,0.0,3.04,27.83333,9.32,18,2015.0,8,2123,3187,3338,3338,314,243,627,448,491,0,173,0,891,151,0,0,0,0,0,0,4,0.742
Course 31,142,74,1.92,0.32,35,100.0,18,15,5,228,151,5,100.0,41.14,259,63.96667,46.08333,41.33333,27.66667,0.0,0.0,2.97,27.66667,11.51,19,2183.0,9,1571,2360,2470,2470,139,153,671,48,558,2,54,0,735,110,0,0,0,0,0,0,4,0.742
Course 31,163,89,1.83,0.38,79,100.0,16,8,5,315,153,5,100.0,56.02,302,72.25,86.91667,43.33333,27.33333,0.0,0.0,4.02,27.33333,8.71,28,2887.0,11,2428,3238,3417,3417,286,253,733,564,522,70,223,1,586,152,27,0,0,0,0,0,4,0.758
Course 31,125,62,2.02,0.27,51,100.0,11,15,5,264,154,4,100.0,42.77,251,57.58333,47.75,0.0,18.33333,0.0,0.0,3.44,18.33333,8.59,17,2107.0,10,2258,2812,2965,2965,338,327,858,238,492,5,189,0,365,145,8,0,0,0,0,0,3,0.725
Course 31,125,66,1.89,0.29,59,100.0,17,19,5,409,159,5,100.0,66.67,339,77.5,93.16667,64.0,29.0,0.0,0.0,4.83,29.0,9.21,23,4504.0,9,2617,3803,3913,3913,408,460,827,319,603,0,148,0,1038,103,7,0,0,0,0,0,4,0.736
Course 31,133,91,1.46,0.38,124,100.0,7,16,5,387,159,4,100.0,60.33,228,97.5,65.25,0.0,26.66667,0.0,0.0,4.9,26.66667,10.41,19,3511.0,9,2390,4350,4534,4534,0,653,890,285,562,0,800,0,1160,180,4,0,0,0,0,0,3,0.756
Course 31,81,39,2.08,0.2,88,100.0,7,18,5,278,150,5,100.0,36.41,455,63.2,40.83333,46.33333,12.33333,0.0,0.0,2.71,12.33333,12.62,16,3478.0,10,2762,4309,4572,4572,0,99,1575,103,985,0,382,0,1165,212,51,0,0,0,0,0,4,0.752
Course 31,184,94,1.96,0.4,90,100.0,14,23,5,545,161,5,100.0,55.55,393,86.41667,77.08333,40.66667,27.66667,0.0,0.0,4.34,27.66667,10.38,28,6896.0,10,3758,5028,5229,5229,851,963,838,286,747,73,424,0,846,171,23,7,0,0,0,0,4,0.786
Course 31,101,71,1.42,0.32,42,100.0,17,8,5,283,159,5,100.0,50.87,252,67.5,82.33333,53.0,22.0,0.0,0.0,3.18,22.0,10.53,23,2488.0,11,1562,2643,2868,2868,122,299,573,152,388,28,53,0,1028,190,31,4,0,0,0,0,4,0.735
Course 31,101,51,1.98,0.23,42,98.44,20,12,5,245,153,4,100.0,54.15,314,71.58333,72.0,42.0,31.0,0.0,0.0,4.69,31.0,9.79,19,1726.0,9,1477,2419,2704,2704,141,191,519,66,560,0,61,0,881,276,4,5,0,0,0,0,3,0.689
Course 31,168,86,1.95,0.36,49,100.0,11,18,5,300,163,5,100.0,49.19,264,59.0,70.0,63.0,29.66667,0.0,0.0,2.73,29.66667,11.54,23,3652.0,10,2018,3274,3486,3486,186,795,485,138,414,0,352,5,899,177,31,4,0,0,0,0,4,0.732
Course 31,106,62,1.71,0.27,34,98.51,13,10,5,445,163,5,100.0,54.33,404,65.5,83.5,49.0,24.0,0.0,0.0,3.78,24.0,7.64,15,2111.0,7,2254,4077,4280,4280,149,246,96,1022,741,0,182,0,1641,199,0,4,0,0,0,0,4,0.712
Course 31,243,99,2.45,0.41,89,100.0,8,6,5,265,163,5,100.0,70.65,246,107.5,97.66667,57.33333,31.33333,0.0,0.0,5.47,31.33333,10.11,26,6187.0,9,2532,3424,3547,3547,226,561,736,592,417,0,208,98,586,68,51,4,0,0,0,0,4,0.725
Course 31,306,98,3.12,0.41,66,100.0,3,6,5,229,163,5,100.0,62.43,307,98.5,81.75,45.0,36.0,0.0,0.0,4.9,36.0,9.29,22,1995.0,9,2073,2751,2879,2879,285,589,330,338,528,3,11,1,666,101,20,7,0,0,0,0,4,0.718
Course 31,174,84,2.07,0.35,48,100.0,10,10,5,315,161,5,100.0,60.97,359,96.0,85.08333,54.0,33.0,0.0,0.0,4.35,33.0,10.23,21,2656.0,10,1756,2899,3156,3156,186,363,491,217,499,0,275,0,868,238,15,4,0,0,0,0,4,0.723
Course 31,177,94,1.88,0.4,93,100.0,99,11,5,445,166,5,100.0,70.63,451,109.0,98.33333,55.0,33.0,0.0,0.0,5.47,33.0,11.39,27,6234.0,11,3403,4961,5766,5766,343,344,1457,534,706,19,404,208,946,323,482,0,0,0,0,0,4,0.811
Course 31,89,41,2.17,0.2,179,100.0,9,6,5,140,121,4,100.0,22.33,245,26.16667,41.5,9.0,12.66667,0.0,0.0,1.72,12.66667,12.68,15,939.0,7,1295,1876,1939,1939,0,0,674,123,498,0,16,0,565,63,0,0,0,0,0,0,3,0.7
Course 31,120,53,2.26,0.25,30,100.0,6,10,5,208,156,5,100.0,54.68,233,73.5,91.25,47.33333,27.66667,0.0,0.0,3.51,27.66667,9.25,20,1793.0,9,1634,2099,2362,2362,189,105,659,269,412,0,42,0,423,72,191,0,0,0,0,0,4,0.694
Course 31,163,81,2.01,0.35,62,97.01,20,17,5,339,158,5,100.0,55.83,260,55.58333,95.25,54.0,31.33333,0.0,0.0,3.23,31.33333,8.75,24,3454.0,10,2163,3563,3694,3694,0,328,1152,159,517,7,541,0,859,125,2,4,0,0,0,0,4,0.758
Course 31,180,77,2.34,0.34,86,100.0,9,10,5,265,162,5,100.0,55.5,299,65.25,94.0,51.66667,35.0,0.0,0.0,3.17,35.0,9.75,27,2976.0,10,2157,3130,3389,3389,191,298,891,276,501,0,42,0,931,126,37,96,0,0,0,0,4,0.743
Course 31,115,48,2.4,0.24,64,100.0,14,10,5,239,153,3,100.0,34.78,208,0.0,35.33333,61.66667,7.33333,0.0,0.0,0.0,7.33333,10.49,17,3488.0,9,1635,2966,3145,3145,0,246,924,221,244,0,109,0,1222,171,8,0,0,0,0,0,2,0.71
Course 31,185,78,2.37,0.33,81,100.0,19,5,5,195,160,5,100.0,29.9,319,57.83333,17.75,25.0,14.66667,0.0,0.0,3.02,14.66667,11.22,25,5435.0,10,1874,3037,3198,3202,16,324,822,218,494,0,192,128,843,111,28,22,0,4,0,0,4,0.694
Course 31,204,96,2.13,0.41,85,100.0,30,16,5,428,159,5,100.0,56.73,337,82.66667,86.25,48.33333,20.0,0.0,0.0,4.23,20.0,10.89,26,6055.0,10,2574,3819,4145,4145,202,486,1100,131,642,13,292,58,895,293,33,0,0,0,0,0,4,0.776
Course 31,107,72,1.49,0.31,50,100.0,44,5,5,290,159,5,100.0,41.8,456,63.73333,50.41667,55.0,18.66667,0.0,0.0,2.78,18.66667,9.29,19,2118.0,9,1781,2663,3260,3260,124,263,425,297,672,0,358,0,524,593,4,0,0,0,0,0,4,0.726
Course 31,127,85,1.49,0.36,47,100.0,29,5,5,373,163,4,100.0,58.0,331,79.33333,65.0,62.33333,25.33333,0.0,0.0,5.2,25.33333,9.7,20,2026.0,9,2224,3225,3523,3523,199,540,819,187,479,0,535,0,466,291,7,0,0,0,0,0,3,0.724
Course 32,206,93,2.22,0.39,111,100.0,54,13,5,533,162,5,100.0,47.77,345,53.5,107.0,51.33333,27.0,0.0,0.0,1.75,27.0,9.8,27,9804.0,10,4750,5988,6459,6459,457,2234,285,474,1114,186,3,582,653,334,137,0,0,0,0,0,5,0.809
Course 32,196,78,2.51,0.33,53,100.0,15,12,5,325,163,5,100.0,58.62,368,92.75,95.0,54.0,25.0,0.0,0.0,3.9,25.0,8.8,14,3525.0,9,3498,4335,4780,4780,546,0,1299,21,1400,232,0,413,424,445,0,0,0,0,0,0,5,0.776
Course 32,131,79,1.66,0.34,76,100.0,37,14,5,326,162,5,100.0,35.73,204,34.41667,46.5,48.33333,15.66667,0.0,0.0,2.23,15.66667,10.63,21,4356.0,10,3415,4651,4810,4810,310,1257,661,265,739,183,75,199,962,147,12,0,0,0,0,0,5,0.784
Course 32,202,89,2.27,0.38,118,100.0,29,10,5,428,163,5,100.0,44.67,468,48.41667,62.16667,57.33333,26.66667,0.0,0.0,2.53,26.66667,10.77,27,9426.0,11,4860,6279,7219,7219,525,1868,699,294,1168,306,0,419,1000,432,508,0,0,0,0,0,5,0.824
Course 32,198,95,2.08,0.4,114,100.0,78,10,5,371,163,5,100.0,58.37,280,95.66667,81.33333,47.33333,25.0,0.0,0.0,4.53,25.0,11.16,25,7955.0,9,3458,4337,5025,5025,440,169,1352,305,1190,2,0,275,604,334,354,0,0,0,0,0,5,0.762
Course 32,162,93,1.74,0.39,59,100.0,25,15,5,324,163,5,100.0,45.53,306,46.25,58.91667,55.0,24.66667,0.0,0.0,2.92,24.66667,9.16,19,3941.0,9,2987,3481,4691,4691,539,82,1158,184,790,234,0,144,350,884,326,0,0,0,0,0,5,0.756
Course 32,67,36,1.86,0.17,47,100.0,22,5,5,186,158,5,100.0,18.97,199,33.41667,23.41667,25.0,12.0,0.0,0.0,1.13,12.0,8.17,14,2815.0,10,1841,1947,2642,2642,211,0,683,206,706,35,0,45,61,87,608,0,0,0,0,0,5,0.693
Course 32,170,81,2.1,0.34,41,100.0,14,6,5,250,163,5,100.0,33.87,511,15.0,71.0,55.0,28.33333,0.0,0.0,0.49,28.33333,8.2,15,3381.0,10,2562,3056,3707,3707,253,0,774,42,1350,143,0,330,164,571,80,0,0,0,0,0,5,0.731
Course 32,149,56,2.66,0.24,52,100.0,15,5,5,258,162,4,100.0,47.48,240,55.25,63.0,50.0,21.66667,0.0,0.0,3.62,21.66667,9.21,18,2308.0,10,2318,3006,3163,3163,241,253,1012,156,541,115,0,173,515,138,19,0,0,0,0,0,4,0.726
Course 32,186,85,2.19,0.36,116,100.0,35,12,5,346,163,5,100.0,44.87,370,33.0,80.0,63.33333,21.0,0.0,0.0,1.97,21.0,10.83,20,7003.0,9,5025,6095,6384,6384,491,953,1246,668,1350,317,0,371,699,289,0,0,0,0,0,0,5,0.82
Course 32,99,46,2.15,0.22,76,100.0,38,6,5,244,161,5,100.0,34.12,282,33.75,43.5,44.0,34.33333,0.0,0.0,1.6,34.33333,6.35,17,2122.0,9,2576,3211,3360,3360,214,198,1033,152,851,128,0,223,412,149,0,0,0,0,0,0,5,0.77
Course 32,99,53,1.87,0.23,81,100.0,24,23,5,271,157,5,100.0,14.65,247,0.0,28.91667,28.33333,16.0,0.0,0.0,0.0,16.0,9.21,17,2384.0,9,2921,3811,4026,4026,568,0,677,8,1387,281,0,347,543,194,21,0,0,0,0,0,5,0.734
Course 32,222,103,2.16,0.43,93,98.46,31,18,5,429,164,5,100.0,58.87,209,90.0,83.91667,45.0,27.33333,0.0,0.0,4.53,27.33333,10.13,29,9183.0,10,4121,5006,5184,5184,536,357,1230,766,1041,191,107,343,435,139,39,0,0,0,0,0,5,0.799
Course 32,84,46,1.83,0.23,75,100.0,6,6,5,269,159,5,100.0,39.12,217,91.41667,63.66667,20.0,7.0,0.0,0.0,3.44,7.0,9.1,19,4210.0,9,2830,3253,3534,3534,195,5,1128,278,1008,216,0,21,402,248,33,0,0,0,0,0,5,0.717
Course 32,299,100,2.99,0.42,75,100.0,6,9,5,273,163,4,100.0,35.13,136,73.0,20.5,34.0,13.0,0.0,0.0,4.79,13.0,8.03,23,6464.0,10,3699,4204,4660,4660,562,1123,737,468,656,153,0,254,251,375,81,0,0,0,0,0,4,0.771
Course 32,106,50,2.12,0.24,58,100.0,7,14,5,218,161,5,100.0,25.75,106,55.5,31.0,19.0,6.0,0.0,0.0,2.39,6.0,7.96,18,3508.0,9,2557,3065,3204,3204,185,0,918,315,1033,106,0,93,415,136,3,0,0,0,0,0,5,0.712
Course 32,97,59,1.64,0.25,39,100.0,8,10,5,259,161,5,100.0,29.72,158,26.16667,79.41667,0.0,20.0,0.0,0.0,1.61,20.0,6.41,13,2431.0,8,2329,2683,2858,2858,474,0,582,105,1068,100,0,141,213,175,0,0,0,0,0,0,5,0.727
Course 32,213,103,2.07,0.43,69,100.0,17,11,5,482,164,5,100.0,52.77,291,65.25,94.5,54.0,22.33333,0.0,0.0,3.05,22.33333,10.18,27,7130.0,10,4076,4677,4971,4971,535,809,1362,130,899,341,26,217,358,293,1,0,0,0,0,0,5,0.779
Course 32,134,85,1.58,0.36,56,100.0,9,15,5,263,164,5,100.0,22.32,249,15.0,43.66667,37.33333,10.33333,0.0,0.0,0.66,10.33333,6.79,19,4114.0,9,2024,2236,2489,2489,202,120,567,103,874,158,0,87,125,227,26,0,0,0,0,0,5,0.689
Course 32,204,93,2.19,0.39,76,100.0,36,8,5,412,163,5,100.0,55.63,579,92.66667,56.33333,60.66667,29.0,0.0,0.0,4.33,29.0,9.65,21,5668.0,10,4340,4993,5528,5528,612,1106,898,261,1172,291,0,240,413,504,31,0,0,0,0,0,5,0.777
Course 32,176,55,3.2,0.25,137,100.0,23,9,5,246,161,5,100.0,28.22,234,72.16667,11.58333,44.0,11.0,0.0,0.0,2.44,11.0,11.23,21,5667.0,10,2311,2992,3204,3204,411,0,888,326,629,57,17,68,596,206,6,0,0,0,0,0,5,0.732
Course 32,183,90,2.03,0.38,55,100.0,6,11,5,338,163,5,100.0,40.45,274,21.75,96.0,48.33333,19.66667,0.0,0.0,1.25,19.66667,9.95,22,3694.0,11,3213,4169,4491,4491,316,448,538,340,1322,249,0,417,539,131,191,0,0,0,0,0,5,0.772
Course 32,178,86,2.07,0.36,70,98.46,24,6,5,244,163,5,100.0,56.23,288,100.75,77.5,54.0,24.66667,0.0,0.0,4.1,24.66667,10.5,17,3545.0,9,2540,2978,3168,3168,357,30,949,0,1044,160,0,115,323,189,1,0,0,0,0,0,5,0.712
Course 32,135,65,2.08,0.28,63,100.0,14,17,5,331,160,5,100.0,28.27,308,0.0,67.33333,50.66667,23.33333,0.0,0.0,0.0,23.33333,8.22,17,3280.0,9,3190,3724,3857,3857,384,47,864,296,1464,135,0,89,445,133,0,0,0,0,0,0,5,0.774
Course 32,120,73,1.64,0.31,62,100.0,27,12,5,261,160,5,100.0,41.18,262,92.25,43.33333,40.0,15.33333,0.0,0.0,3.52,15.33333,9.88,16,2577.0,9,2502,3357,3477,3477,113,75,852,0,1267,195,0,184,671,120,0,0,0,0,0,0,5,0.754
Course 32,166,94,1.77,0.39,61,100.0,227,13,5,471,163,5,100.0,53.8,653,92.25,63.0,64.0,22.66667,0.0,0.0,3.91,22.66667,8.38,21,6523.0,9,5732,6705,8166,8166,671,1683,669,396,1964,349,96,232,645,586,875,0,0,0,0,0,5,0.818
Course 32,112,41,2.73,0.18,70,100.0,8,9,5,306,163,3,100.0,27.0,331,0.0,55.0,0.0,26.0,0.0,0.0,0.0,26.0,9.56,13,1907.0,9,3662,3962,4766,4766,324,957,0,320,1812,249,0,170,130,803,1,0,0,0,0,0,3,0.741
Course 32,118,57,2.07,0.26,72,98.39,17,7,5,245,159,5,100.0,32.77,237,0.0,81.16667,63.0,19.66667,0.0,0.0,0.0,19.66667,7.88,18,3872.0,10,2914,3342,3782,3782,219,0,1044,224,1350,77,0,125,303,347,93,0,0,0,0,0,5,0.734
Course 32,123,57,2.16,0.27,60,100.0,8,10,5,321,163,5,100.0,27.08,279,14.25,48.5,51.66667,21.0,0.0,0.0,0.47,21.0,8.82,20,4114.0,9,2781,3322,3446,3446,0,1012,349,177,1002,241,31,130,380,116,8,0,0,0,0,0,5,0.745
Course 32,111,70,1.59,0.3,49,100.0,17,13,5,265,162,5,100.0,44.82,224,78.58333,60.33333,34.0,22.33333,0.0,0.0,3.52,22.33333,9.72,17,3769.0,10,2579,3159,3398,3398,296,0,1008,1,1176,98,0,170,410,185,54,0,0,0,0,0,5,0.727
Course 32,39,20,1.95,0.29,34,100.0,16,8,5,230,162,5,100.0,26.59,144,40.5,33.75,38.0,7.33333,0.0,0.0,1.77,7.33333,7.9,19,2737.0,9,2375,3000,3148,3148,178,95,903,353,762,84,0,111,514,147,1,0,0,0,0,0,5,0.724
Course 32,190,97,1.96,0.41,72,98.44,56,16,5,261,162,5,100.0,29.93,313,35.25,33.25,48.33333,15.66667,0.0,0.0,1.72,15.66667,10.56,23,4060.0,11,2988,3527,4033,4033,283,55,1362,229,932,127,0,201,338,318,188,0,0,0,0,0,5,0.756
Course 32,119,69,1.72,0.29,50,100.0,4,13,5,224,162,5,100.0,64.22,320,115.16667,95.66667,48.33333,22.66667,0.0,0.0,5.06,22.66667,8.72,17,3576.0,10,1950,2369,2767,2767,240,247,345,97,893,128,0,152,267,389,9,0,0,0,0,0,5,0.704
Course 32,209,109,1.92,0.46,74,100.0,23,19,5,457,163,5,100.0,39.42,341,70.0,44.0,47.33333,29.0,0.0,0.0,2.52,29.0,9.75,27,4945.0,9,5881,7037,7549,7549,628,1898,891,808,1354,302,254,187,715,131,381,0,0,0,0,0,5,0.821
Course 32,89,42,2.12,0.22,58,100.0,31,12,5,234,160,5,100.0,34.85,380,17.25,83.08333,38.0,24.66667,0.0,0.0,0.93,24.66667,8.66,18,3967.0,8,3236,3616,3836,3836,237,172,1271,149,1267,140,0,34,346,208,12,0,0,0,0,0,5,0.729
Course 32,162,80,2.03,0.34,71,100.0,10,18,5,457,163,5,100.0,39.38,351,22.5,84.66667,40.0,28.0,0.0,0.0,1.45,28.0,10.04,19,5139.0,9,3488,4676,5008,5008,602,1074,428,177,1021,186,0,91,1097,332,0,0,0,0,0,0,5,0.799
Course 32,203,98,2.07,0.41,70,100.0,63,13,5,306,163,5,100.0,53.87,190,90.0,83.0,48.33333,20.0,0.0,0.0,3.87,20.0,11.12,22,5316.0,10,3132,4012,4338,4338,450,613,796,169,920,184,0,77,803,151,175,0,0,0,0,0,5,0.762
Course 32,54,22,2.45,0.12,46,100.0,7,17,5,220,158,4,100.0,6.13,105,3.25,10.25,5.0,6.0,0.0,0.0,0.21,6.0,11.85,12,2820.0,8,2007,2665,2745,2745,279,0,876,0,790,62,0,166,492,80,0,0,0,0,0,0,4,0.71
Course 32,62,35,1.77,0.19,55,100.0,37,10,5,247,163,4,100.0,9.27,174,0.33333,19.75,6.0,11.0,0.0,0.0,0.02,11.0,8.36,11,1503.0,8,2836,3041,3315,3315,0,0,1725,0,958,153,0,165,40,220,0,54,0,0,0,0,4,0.7
Course 32,187,79,2.37,0.33,75,100.0,42,7,5,264,162,4,100.0,39.75,233,25.0,77.66667,30.0,26.33333,0.0,0.0,1.64,26.33333,9.67,25,5024.0,10,3037,3658,3852,3852,441,863,525,258,817,133,0,313,308,175,15,4,0,0,0,0,4,0.748
Course 32,162,85,1.91,0.36,87,100.0,43,13,5,296,163,5,100.0,52.52,283,69.0,77.41667,58.33333,31.66667,0.0,0.0,3.12,31.66667,9.46,23,3506.0,10,2945,3677,3908,3908,476,609,702,1,961,196,31,168,533,181,50,0,0,0,0,0,5,0.764
Course 32,125,79,1.58,0.33,43,100.0,9,7,5,237,161,4,100.0,56.54,267,70.0,81.83333,53.33333,21.0,0.0,0.0,4.59,21.0,9.68,16,2404.0,9,2146,2489,2879,2879,273,0,1169,6,672,26,0,119,224,390,0,0,0,0,0,0,4,0.743
Course 32,175,86,2.03,0.36,67,100.0,73,11,5,491,163,5,100.0,45.19,332,81.25,44.75,51.66667,26.0,0.0,0.0,3.4,26.0,9.49,24,5830.0,10,5500,6538,7196,7196,505,275,1853,251,1988,628,0,314,724,275,383,0,0,0,0,0,5,0.806
Course 32,139,73,1.9,0.31,92,100.0,25,9,5,293,160,5,100.0,55.92,260,81.5,86.25,53.0,19.0,0.0,0.0,3.98,19.0,9.87,22,7909.0,9,3688,4302,4423,4423,476,540,619,443,1488,122,0,295,319,121,0,0,0,0,0,0,5,0.799
Course 32,101,34,2.97,0.17,60,100.0,27,7,5,198,160,5,100.0,26.5,256,35.75,40.25,28.33333,5.66667,0.0,0.0,1.91,5.66667,11.67,15,4496.0,8,2639,3187,3355,3355,273,0,1392,106,782,86,0,66,482,168,0,0,0,0,0,0,5,0.732
Course 32,159,83,1.92,0.35,88,100.0,20,9,5,247,163,5,100.0,37.72,296,69.41667,48.08333,43.33333,21.0,0.0,0.0,2.5,21.0,8.1,18,4338.0,10,2581,3080,3359,3359,309,142,608,275,1051,196,0,86,413,279,0,0,0,0,0,0,5,0.76
Course 32,160,87,1.84,0.37,93,100.0,22,6,5,295,163,5,100.0,52.15,224,79.75,76.33333,65.0,21.66667,0.0,0.0,3.2,21.66667,10.3,17,3144.0,9,2862,3570,3829,3829,297,485,944,0,900,236,0,185,523,259,0,0,0,0,0,0,5,0.77
Course 32,199,93,2.14,0.39,64,100.0,27,6,5,242,162,5,100.0,47.55,315,36.41667,84.58333,50.0,33.0,0.0,0.0,2.3,33.0,9.63,19,4183.0,10,3524,4235,4624,4624,457,852,862,0,1254,99,0,117,594,187,202,0,0,0,0,0,5,0.761
Course 32,174,82,2.12,0.34,54,100.0,54,8,5,310,163,5,100.0,54.18,249,72.25,68.41667,55.0,29.66667,0.0,0.0,3.86,29.66667,8.0,17,4260.0,8,3033,3649,3858,3858,508,121,782,353,1132,137,0,37,579,176,33,0,0,0,0,0,5,0.726
Course 32,112,80,1.4,0.34,48,100.0,14,8,5,275,163,5,100.0,59.18,220,94.5,90.25,40.0,21.0,0.0,0.0,4.74,21.0,8.49,18,3225.0,9,3385,3975,4198,4198,374,985,750,182,941,153,0,146,444,202,21,0,0,0,0,0,5,0.744
Course 32,181,93,1.95,0.39,84,100.0,42,9,5,376,163,5,100.0,44.2,404,64.83333,55.33333,55.0,19.33333,0.0,0.0,2.99,19.33333,9.77,19,4557.0,10,3159,4012,4347,4347,883,456,546,0,1107,167,0,648,205,220,115,0,0,0,0,0,5,0.758
Course 32,94,55,1.71,0.23,41,100.0,5,7,5,296,162,5,100.0,52.73,226,74.5,88.5,40.0,21.66667,0.0,0.0,3.72,21.66667,7.62,16,2780.0,9,2239,2513,2979,2979,209,113,566,140,998,213,0,46,228,190,276,0,0,0,0,0,5,0.706
Course 32,127,60,2.12,0.26,38,100.0,36,25,5,273,163,5,100.0,32.65,381,62.25,39.25,40.0,13.0,0.0,0.0,2.33,13.0,8.82,17,3569.0,10,2650,3180,3348,3348,324,43,818,47,1298,120,0,86,444,167,1,0,0,0,0,0,5,0.728
Course 32,72,39,1.85,0.17,37,100.0,20,6,5,223,160,2,100.0,20.5,44,0.0,0.0,34.0,7.0,0.0,0.0,0.0,7.0,12.98,12,2752.0,7,1180,1835,2018,2018,336,0,764,0,0,80,0,69,586,109,74,0,0,0,0,0,2,0.591
Course 32,164,79,2.08,0.34,57,100.0,43,12,5,343,163,5,100.0,29.38,275,22.5,59.16666,33.33333,26.66667,0.0,0.0,0.91,26.66667,8.32,20,3789.0,9,3777,4638,4828,4828,393,1448,527,235,1022,152,0,391,470,140,50,0,0,0,0,0,5,0.764
Course 32,160,86,1.86,0.37,63,100.0,4,10,5,297,162,5,100.0,52.83,247,68.83333,89.25,55.0,18.0,0.0,0.0,3.34,18.0,10.99,20,5144.0,9,3561,4234,4358,4358,389,1214,439,439,907,173,0,288,385,113,11,0,0,0,0,0,5,0.758
Course 32,161,66,2.44,0.28,55,100.0,19,10,5,250,163,5,100.0,42.38,256,63.08333,41.25,40.0,24.66667,0.0,0.0,3.48,24.66667,10.91,18,4624.0,9,2902,3402,3521,3521,290,310,1173,166,780,183,0,171,329,119,0,0,0,0,0,0,5,0.767
Course 32,142,69,2.06,0.3,57,100.0,12,10,5,433,162,5,100.0,41.18,261,21.75,88.0,65.0,23.66667,0.0,0.0,0.96,23.66667,10.69,18,3341.0,9,3432,3786,4016,4016,409,373,1073,375,919,283,0,82,272,230,0,0,0,0,0,0,5,0.776
Course 32,65,36,1.81,0.16,49,100.0,23,27,5,308,163,4,100.0,28.15,134,38.0,18.58333,44.33333,11.66667,0.0,0.0,2.49,11.66667,8.2,14,1743.0,8,2667,3297,3578,3578,117,0,967,0,1122,461,0,35,595,186,95,0,0,0,0,0,4,0.7
Course 32,131,48,2.73,0.24,74,100.0,15,10,5,291,163,5,100.0,18.05,153,11.41667,16.5,53.33333,9.0,0.0,0.0,0.37,9.0,11.05,18,3178.0,8,2332,3195,3260,3260,122,162,985,378,630,55,0,172,691,65,0,0,0,0,0,0,5,0.751
Course 32,138,71,1.94,0.3,75,100.0,39,21,5,363,161,4,100.0,47.17,225,71.08333,44.91667,57.66667,15.0,0.0,0.0,4.66,15.0,10.2,21,5151.0,10,2653,3400,4173,4173,469,188,818,0,1033,145,0,181,566,387,374,12,0,0,0,0,4,0.746
Course 32,161,78,2.06,0.33,80,100.0,74,11,5,283,162,5,100.0,39.8,192,93.41667,34.91667,55.66667,15.0,0.0,0.0,3.06,15.0,7.5,18,4406.0,10,2376,2888,3095,3095,217,129,787,1,912,330,0,163,349,177,30,0,0,0,0,0,5,0.716
Course 32,140,62,2.26,0.27,102,100.0,116,15,5,272,161,5,100.0,18.08,207,29.25,12.91667,25.0,13.0,0.0,0.0,1.3,13.0,10.35,23,5333.0,10,3617,4182,4346,4346,440,43,1143,363,1396,232,33,41,491,114,50,0,0,0,0,0,5,0.773
Course 32,133,71,1.87,0.3,50,100.0,42,5,5,221,163,5,100.0,15.27,126,32.25,16.08333,19.0,7.0,0.0,0.0,1.12,7.0,10.51,24,3267.0,9,2727,3514,3613,3613,181,76,1576,379,433,82,0,212,575,95,4,0,0,0,0,0,5,0.724
Course 22,165,66,2.5,0.28,97,0.0,4,16,12,340,203,4,0.0,29.5,112,0.0,0.0,0.0,0.0,31.0,44.0,24.67,0.0,9.01,35,3958.0,11,915,1816,2790,2790,2,184,465,50,40,174,220,99,582,2,440,532,0,0,0,0,0,0.764
Course 22,137,66,2.08,0.28,106,0.0,1,20,10,223,159,4,0.0,29.0,105,0.0,0.0,0.0,0.0,35.0,44.0,26.5,0.0,9.32,29,2827.0,11,387,1423,1954,1954,0,154,109,45,4,75,118,175,743,0,33,498,0,0,0,0,0,0.708
Course 22,131,55,2.38,0.23,70,0.0,14,13,8,297,163,3,0.0,38.78,84,0.0,0.0,0.0,0.0,38.33333,48.0,34.17,0.0,10.14,20,3308.0,9,658,1211,2211,2211,23,49,397,67,122,0,0,280,273,0,692,308,0,0,0,0,0,0.636
Course 22,221,79,2.8,0.33,82,0.0,12,30,11,598,172,3,0.0,29.11,79,0.0,0.0,0.0,0.0,31.66667,25.0,31.17,0.0,9.58,35,8592.0,12,1751,5546,6213,6213,5,327,363,446,277,333,161,1617,2017,0,624,43,0,0,0,0,0,0.813
Course 22,279,109,2.56,0.46,91,0.0,22,25,11,465,173,4,0.0,35.25,102,30.0,0.0,0.0,0.0,34.0,47.0,24.67,0.0,7.75,41,8283.0,11,1394,3349,4351,4351,0,266,362,190,308,268,580,485,890,0,205,797,0,0,0,0,0,0.814
Course 22,168,78,2.15,0.33,77,0.0,17,19,11,432,161,6,0.0,29.72,176,30.0,0.0,0.0,0.0,33.0,42.0,22.83,0.0,8.7,32,5019.0,12,1295,2482,3084,3084,0,255,293,155,250,342,244,389,554,0,311,291,0,0,0,0,0,0.771
Course 22,350,91,3.85,0.39,164,0.0,51,21,11,397,173,4,0.0,34.17,134,0.0,0.0,0.0,0.0,35.0,47.0,30.33,0.0,7.21,38,6532.0,11,2018,3798,4457,4457,0,496,557,265,383,317,338,880,562,0,419,240,0,0,0,0,0,0.809
Course 22,215,106,2.03,0.45,112,0.0,18,27,11,434,173,4,0.0,23.83,82,10.0,0.0,0.0,0.0,25.0,40.0,16.22,0.0,9.2,50,11312.0,11,1640,2975,3838,3838,0,327,544,165,364,240,130,868,337,143,546,174,0,0,0,0,0,0.839
Course 22,225,82,2.74,0.36,80,0.0,58,32,11,763,173,3,0.0,27.44,57,0.0,0.0,0.0,0.0,23.0,38.0,22.17,0.0,10.03,40,11893.0,11,2948,6109,7742,7742,0,257,1284,381,492,534,1173,382,1606,26,1280,327,0,0,0,0,0,0.864
Course 22,175,85,2.06,0.36,124,0.0,2,24,11,372,171,5,0.0,29.0,140,0.0,0.0,0.0,0.0,36.0,39.0,26.67,0.0,8.93,34,5027.0,11,821,2660,3185,3185,0,140,266,90,126,199,70,443,1326,0,139,386,0,0,0,0,0,0.771
Course 22,273,105,2.6,0.44,80,0.0,5,18,12,466,198,5,0.0,31.87,124,20.0,0.0,0.0,0.0,42.0,46.0,25.0,0.0,8.11,35,7207.0,10,1224,2858,4544,4544,0,348,158,224,360,134,432,487,715,209,1441,36,0,0,0,0,0,0.811
Course 22,193,98,1.97,0.42,184,0.0,21,18,11,501,175,4,0.0,35.75,120,0.0,0.0,0.0,0.0,34.0,50.0,32.0,0.0,7.59,35,5082.0,12,1995,3441,4386,4386,0,243,567,228,499,458,223,254,969,0,621,324,0,0,0,0,0,0.549
Course 22,214,107,2.0,0.45,99,0.0,30,41,11,1060,173,4,0.0,28.83,125,0.0,0.0,0.0,0.0,36.0,29.0,31.17,0.0,7.74,40,7764.0,11,3114,5670,6822,6822,96,510,791,382,609,726,1047,454,1055,410,692,50,0,0,0,0,0,0.858
Course 22,486,136,3.57,0.57,146,0.0,83,42,12,923,203,4,0.0,30.75,136,0.0,0.0,0.0,0.0,31.66667,37.0,30.5,0.0,9.95,51,15430.0,13,3303,5807,8094,8094,379,516,795,179,754,680,780,476,1248,320,1380,587,0,0,0,0,0,0.685
Course 22,307,107,2.87,0.45,159,0.0,5,29,12,629,203,5,0.0,30.8,144,0.0,0.0,0.0,0.0,35.0,32.0,31.33,0.0,9.16,41,7032.0,11,2027,4204,5563,5563,22,291,651,285,396,382,481,667,1029,364,946,49,0,0,0,0,0,0.843
Course 22,105,51,2.06,0.22,64,0.0,2,2,2,118,80,3,0.0,23.67,96,0.0,0.0,0.0,0.0,29.0,24.0,23.5,0.0,7.7,23,1776.0,11,221,523,988,988,0,138,47,4,21,11,4,125,173,0,433,32,0,0,0,0,0,0.614
Course 22,266,106,2.51,0.45,126,0.0,76,42,11,661,173,4,0.0,23.58,125,0.0,0.0,0.0,0.0,28.0,29.0,21.78,0.0,7.07,44,10936.0,14,1939,4347,5470,5480,0,352,571,164,253,599,542,882,984,22,889,212,0,0,10,0,0,0.77
Course 22,142,71,2.0,0.3,65,0.0,41,12,11,324,174,4,0.0,30.08,136,10.0,0.0,0.0,0.0,35.0,41.0,24.22,0.0,9.31,25,3456.0,10,950,2117,2701,2701,1,84,605,53,85,122,154,25,988,0,505,79,0,0,0,0,0,0.718
Course 22,198,95,2.08,0.4,180,0.0,41,31,10,425,156,5,0.0,21.33,138,20.0,0.0,0.0,0.0,30.66667,17.0,17.44,0.0,9.88,35,10087.0,11,1523,3433,4120,4120,0,328,624,287,126,158,344,660,906,0,636,51,0,0,0,0,0,0.797
Course 22,237,106,2.24,0.45,122,0.0,13,15,10,490,167,3,0.0,27.11,83,0.0,0.0,0.0,0.0,25.33333,31.0,25.17,0.0,8.91,43,8996.0,11,2179,4088,4792,4792,0,184,873,205,424,493,533,743,633,18,646,40,0,0,0,0,0,0.835
Course 22,181,99,1.83,0.42,116,0.0,119,25,11,589,173,3,0.0,34.0,141,0.0,0.0,0.0,0.0,35.0,36.0,33.0,0.0,9.32,41,7332.0,11,1321,4622,6631,6631,0,204,363,73,474,207,1399,360,1542,597,504,908,0,0,0,0,0,0.856
Course 22,194,91,2.13,0.39,67,0.0,1,16,12,390,203,5,0.0,30.47,106,20.0,0.0,0.0,0.0,35.0,48.0,21.0,0.0,8.04,29,4383.0,11,1041,2699,3539,3539,0,513,237,38,144,109,750,269,639,0,802,38,0,0,0,0,0,0.775
Course 22,273,105,2.6,0.44,368,0.0,18,35,12,703,203,6,0.0,26.33,212,30.0,0.0,0.0,0.0,38.0,18.0,25.25,0.0,9.62,39,7369.0,11,1774,4315,5999,5999,0,405,406,345,295,323,532,1130,879,0,1306,378,0,0,0,0,0,0.838
Course 22,195,90,2.17,0.38,223,0.0,11,41,12,711,203,5,0.0,30.27,171,20.0,0.0,0.0,0.0,40.0,23.0,28.75,0.0,8.68,32,6424.0,10,2133,5238,6301,6301,0,294,664,400,590,185,506,947,1652,0,698,365,0,0,0,0,0,0.809
Course 22,237,111,2.14,0.47,38,0.0,37,29,11,713,173,4,0.0,26.75,120,0.0,0.0,0.0,0.0,33.0,22.0,28.33,0.0,9.58,45,8844.0,12,2589,4685,6204,6206,70,699,532,423,542,323,337,267,1492,0,858,661,2,0,0,0,0,0.833
Course 22,217,97,2.24,0.41,81,0.0,6,49,11,433,170,4,0.0,30.5,110,30.0,0.0,0.0,0.0,34.0,30.0,24.0,0.0,9.84,34,6632.0,11,1282,2455,3364,3364,0,499,332,72,105,274,323,234,616,0,447,462,0,0,0,0,0,0.769
Course 22,281,104,2.7,0.44,149,0.0,85,28,11,548,173,5,0.0,31.73,103,30.0,0.0,0.0,0.0,35.0,40.0,23.56,0.0,8.98,42,10065.0,12,1685,4452,5820,5820,0,311,390,70,286,628,406,729,1632,133,937,298,0,0,0,0,0,0.847
Course 22,168,78,2.15,0.33,69,0.0,13,12,11,358,173,5,0.0,31.73,158,30.0,0.0,0.0,0.0,40.0,36.0,25.56,0.0,9.26,35,5135.0,12,1197,2462,3044,3044,0,580,58,91,191,277,294,429,542,0,511,71,0,0,0,0,0,0.774
Course 22,275,113,2.43,0.48,107,0.0,36,23,11,511,174,5,0.0,31.4,113,20.0,0.0,0.0,0.0,35.0,45.0,23.89,0.0,8.09,39,7172.0,11,1937,3285,4299,4299,0,517,348,220,305,547,432,509,407,49,904,61,0,0,0,0,0,0.819
Course 22,236,103,2.29,0.43,81,0.0,13,25,11,452,173,5,0.0,29.2,166,20.0,0.0,0.0,0.0,36.0,28.0,25.89,0.0,9.0,41,5995.0,12,1694,3542,4192,4192,7,499,343,195,215,435,299,602,947,0,608,42,0,0,0,0,0,0.807
Course 22,134,66,2.03,0.28,50,0.0,4,18,11,279,183,5,0.0,20.2,92,20.0,0.0,0.0,0.0,28.0,19.0,19.56,0.0,7.46,30,4049.0,12,539,1413,2359,2359,0,51,282,30,102,74,245,171,458,0,72,874,0,0,0,0,0,0.728
Course 22,278,103,2.7,0.44,152,0.0,59,28,11,880,173,6,0.0,35.67,237,30.0,0.0,0.0,0.0,43.33333,47.0,29.5,0.0,8.53,40,5059.0,11,4331,5507,6463,6463,312,428,708,510,1207,1166,228,416,532,67,683,206,0,0,0,0,0,0.854
Course 22,319,135,2.36,0.57,206,0.0,53,35,11,758,175,4,0.0,39.0,136,0.0,0.0,0.0,0.0,40.0,44.0,37.33,0.0,9.5,56,14710.0,11,4072,5898,7298,7298,61,769,1051,738,887,566,264,520,1042,119,898,383,0,0,0,0,0,0.88
Course 22,163,91,1.79,0.39,80,0.0,1,32,11,523,173,4,0.0,29.42,94,0.0,0.0,0.0,0.0,35.0,44.0,28.83,0.0,10.13,37,6953.0,12,1539,2306,3967,3967,0,250,96,190,872,131,109,15,643,68,572,1021,0,0,0,0,0,0.809
Course 22,280,122,2.3,0.51,145,0.0,22,24,11,454,173,6,0.0,24.22,141,0.0,0.0,0.0,0.0,36.0,30.0,22.33,0.0,8.26,50,9457.0,12,1729,3650,4656,4656,52,303,611,195,328,240,283,642,996,24,758,224,0,0,0,0,0,0.845
Course 22,245,110,2.23,0.47,90,0.0,8,14,11,359,176,5,0.0,33.4,101,30.0,0.0,0.0,0.0,40.0,40.0,27.0,0.0,9.82,44,7026.0,10,1409,2448,2917,2917,0,414,181,125,404,285,232,331,476,1,407,61,0,0,0,0,0,0.785
Course 22,126,63,2.0,0.27,93,0.0,2,19,12,419,199,3,0.0,32.78,90,0.0,0.0,0.0,0.0,28.0,46.0,26.17,0.0,11.68,27,3438.0,9,1209,2173,3104,3104,1,323,241,51,593,0,0,279,685,7,859,65,0,0,0,0,0,0.715
Course 22,180,86,2.09,0.37,217,0.0,3,27,12,591,189,6,0.0,29.83,185,30.0,0.0,0.0,0.0,34.0,30.0,25.75,0.0,9.13,38,6094.0,11,1320,3580,4580,4580,0,285,321,85,195,434,284,952,1024,0,558,442,0,0,0,0,0,0.814
Course 22,128,66,1.94,0.28,93,0.0,3,11,11,260,169,6,0.0,25.89,150,20.0,0.0,0.0,0.0,32.0,28.0,22.5,0.0,8.18,34,4139.0,11,663,1639,2115,2115,0,90,261,43,150,119,69,199,708,0,176,300,0,0,0,0,0,0.734
Course 22,137,60,2.28,0.26,54,0.0,12,27,11,407,171,3,0.0,26.44,85,0.0,0.0,0.0,0.0,29.0,25.0,27.17,0.0,7.75,24,4389.0,10,1239,2089,2724,2724,0,272,445,167,355,0,0,209,641,0,68,567,0,0,0,0,0,0.696
Course 22,205,91,2.25,0.39,92,0.0,10,16,12,352,203,5,0.0,27.27,127,30.0,0.0,0.0,0.0,34.0,23.0,23.33,0.0,11.62,38,5093.0,11,1104,3102,4174,4174,0,261,406,105,237,95,93,357,1548,20,520,532,0,0,0,0,0,0.81
Course 22,259,106,2.44,0.45,116,0.0,67,45,11,682,173,5,0.0,28.6,185,30.0,0.0,0.0,0.0,35.0,31.0,22.33,0.0,8.39,42,6457.0,11,2002,4173,5580,5580,2,371,332,436,382,479,349,973,849,152,618,637,0,0,0,0,0,0.852
Course 22,235,102,2.3,0.43,133,0.0,24,26,11,541,171,5,0.0,29.47,112,30.0,0.0,0.0,0.0,34.0,32.0,22.78,0.0,10.43,39,7231.0,11,1656,3460,4112,4112,4,288,577,189,312,286,307,542,955,0,608,44,0,0,0,0,0,0.804
Course 22,178,89,2.0,0.38,97,0.0,30,25,12,380,203,4,0.0,35.0,96,0.0,0.0,0.0,0.0,44.0,31.0,36.33,0.0,8.65,33,6968.0,10,1384,3307,5097,5097,0,257,135,144,588,260,149,395,1379,747,862,181,0,0,0,0,0,0.797
Course 22,215,84,2.56,0.36,168,0.0,20,36,11,636,180,6,0.0,25.61,213,20.0,0.0,0.0,0.0,30.0,32.0,20.83,0.0,9.12,35,8589.0,11,2182,4139,4824,4824,0,72,615,604,592,299,579,585,793,0,577,108,0,0,0,0,0,0.825
Course 22,199,87,2.29,0.37,86,0.0,6,15,11,300,173,3,0.0,30.56,96,0.0,0.0,0.0,0.0,28.0,38.0,26.83,0.0,8.46,34,3763.0,11,1105,2686,3586,3586,2,282,326,162,129,204,265,434,882,0,62,838,0,0,0,0,0,0.778
Course 22,253,93,2.72,0.39,113,0.0,12,45,11,832,170,4,0.0,27.33,139,30.0,0.0,0.0,0.0,27.0,28.0,20.44,0.0,7.83,36,7608.0,11,2885,4873,6058,6058,116,570,640,440,760,359,0,369,1619,51,664,470,0,0,0,0,0,0.805
Course 22,381,126,3.02,0.53,244,0.0,57,45,11,812,185,4,0.0,20.5,169,0.0,0.0,0.0,0.0,25.0,22.0,20.0,0.0,9.07,53,15444.0,12,2995,5897,8037,8037,0,415,1003,214,590,773,824,764,1314,418,577,1145,0,0,0,0,0,0.885
Course 22,253,108,2.34,0.46,86,0.0,23,40,11,515,173,4,0.0,32.5,84,20.0,0.0,0.0,0.0,34.0,45.0,23.89,0.0,7.28,38,5789.0,11,2115,3537,4497,4497,0,297,512,381,513,412,363,279,780,274,599,87,0,0,0,0,0,0.833
Course 22,266,102,2.61,0.43,275,0.0,146,61,11,1146,173,5,0.0,31.0,125,30.0,0.0,0.0,0.0,31.0,40.0,23.0,0.0,10.23,45,15358.0,11,3476,6424,8552,8552,23,368,755,293,1177,860,922,617,1409,608,1354,166,0,0,0,0,0,0.875
Course 22,119,62,1.92,0.26,96,0.0,1,4,2,116,69,4,0.0,27.25,77,0.0,0.0,0.0,0.0,22.33333,40.0,21.0,0.0,7.99,29,3097.0,12,613,951,1112,1112,0,88,195,84,144,102,111,30,197,0,66,95,0,0,0,0,0,0.64
Course 22,310,112,2.77,0.47,168,0.0,6,22,11,601,173,6,0.0,36.06,193,20.0,0.0,0.0,0.0,44.0,48.0,31.75,0.0,8.55,38,8664.0,12,2640,4606,5339,5342,137,721,701,341,435,305,132,1044,790,0,687,46,0,0,3,0,0,0.744
Course 22,203,94,2.16,0.4,89,0.0,13,24,11,422,173,5,0.0,20.8,96,0.0,0.0,0.0,0.0,30.0,31.0,18.67,0.0,7.1,37,7659.0,12,1062,2367,3256,3256,0,274,159,127,429,73,199,141,965,4,428,457,0,0,0,0,0,0.797
Course 22,317,122,2.6,0.51,264,0.0,260,48,11,1078,173,4,0.0,29.5,189,0.0,0.0,0.0,0.0,29.0,37.0,27.0,0.0,9.08,48,12901.0,11,2713,6522,8943,8943,126,195,626,134,481,1151,1114,833,1862,334,1815,272,0,0,0,0,0,0.886
Course 22,200,85,2.35,0.36,78,0.0,4,25,11,431,173,6,0.0,33.5,166,20.0,0.0,0.0,0.0,40.0,48.0,28.67,0.0,9.09,31,4450.0,12,889,3205,4066,4066,0,414,120,97,164,94,45,1614,657,0,812,49,0,0,0,0,0,0.785
Course 22,143,68,2.1,0.29,94,0.0,3,13,10,377,165,4,0.0,28.5,97,0.0,0.0,0.0,0.0,30.0,32.0,27.5,0.0,9.04,33,5397.0,11,1106,2648,3088,3088,3,361,441,0,124,177,341,583,618,0,189,251,0,0,0,0,0,0.76
Course 22,414,141,2.94,0.59,204,0.0,40,49,11,925,173,7,0.0,22.05,128,20.0,0.0,0.0,0.0,35.0,36.0,17.0,0.0,9.14,57,16110.0,12,3542,5609,7729,7729,91,419,1033,829,732,438,789,434,844,173,1869,78,0,0,0,0,0,0.887
Course 22,267,106,2.52,0.45,49,0.0,53,20,11,501,172,5,0.0,25.2,245,20.0,0.0,0.0,0.0,40.66667,24.0,22.89,0.0,9.89,38,6415.0,12,2247,4523,5154,5154,218,323,440,378,248,640,478,348,1450,0,572,59,0,0,0,0,0,0.81
Course 22,207,83,2.49,0.35,87,0.0,76,15,12,498,203,3,0.0,34.33,70,0.0,0.0,0.0,0.0,33.0,42.0,30.5,0.0,10.32,28,6566.0,10,1814,3351,4371,4371,11,456,309,447,133,458,23,443,1071,0,310,710,0,0,0,0,0,0.767
Course 22,271,118,2.3,0.5,136,0.0,29,30,11,997,173,4,0.0,31.5,120,0.0,0.0,0.0,0.0,37.0,35.0,34.0,0.0,8.95,45,9696.0,11,2993,6351,8017,8017,39,474,848,400,615,617,591,783,1984,367,1236,63,0,0,0,0,0,0.874
Course 22,381,132,2.89,0.55,243,0.0,87,57,12,1148,203,6,0.0,29.44,165,20.0,0.0,0.0,0.0,41.33333,32.0,27.33,0.0,9.25,49,19108.0,11,3496,6966,8519,8519,218,403,738,528,1040,569,1436,893,1141,64,1080,409,0,0,0,0,0,0.882
Course 22,204,93,2.19,0.4,101,0.0,10,28,11,572,168,6,0.0,23.67,170,10.0,0.0,0.0,0.0,35.0,28.0,20.08,0.0,9.64,41,6401.0,12,2174,5043,5775,5775,0,870,244,271,340,449,400,1537,932,6,300,426,0,0,0,0,0,0.843
Course 22,282,101,2.79,0.43,114,0.0,107,33,11,734,171,5,0.0,33.53,196,30.0,0.0,0.0,0.0,35.66667,35.0,28.17,0.0,8.36,39,6743.0,11,2908,5303,6248,6248,0,399,919,316,757,517,926,686,783,70,795,80,0,0,0,0,0,0.844
Course 22,119,67,1.78,0.31,62,0.0,51,18,11,366,181,4,0.0,34.83,113,0.0,0.0,0.0,0.0,36.33333,47.0,34.17,0.0,7.64,32,2737.0,12,1110,2086,2761,2761,0,122,422,95,337,134,148,521,307,0,341,334,0,0,0,0,0,0.754
Course 22,316,126,2.51,0.53,203,0.0,57,73,12,1463,203,5,0.0,24.4,144,20.0,0.0,0.0,0.0,33.0,28.0,19.56,0.0,8.96,47,15596.0,11,4028,9649,11294,11294,199,666,587,1276,803,497,1768,1979,1874,170,1186,289,0,0,0,0,0,0.892
Course 22,215,90,2.39,0.39,126,0.0,7,29,11,572,173,5,0.0,34.4,122,30.0,0.0,0.0,0.0,44.0,33.0,31.0,0.0,8.46,46,8052.0,12,2106,3827,5850,5850,0,361,535,618,330,262,236,746,739,94,1388,541,0,0,0,0,0,0.855
Course 22,206,91,2.26,0.39,86,0.0,9,23,11,422,177,6,0.0,29.33,127,20.0,0.0,0.0,0.0,35.0,33.0,24.92,0.0,9.87,37,6423.0,10,1331,2602,3189,3189,0,419,352,124,178,258,307,468,496,0,532,55,0,0,0,0,0,0.765
Course 22,202,105,1.92,0.44,60,0.0,5,24,11,549,173,5,0.0,36.67,148,30.0,0.0,0.0,0.0,40.0,47.0,29.78,0.0,10.55,39,7108.0,11,1703,3246,4238,4238,0,251,415,256,364,417,200,910,433,64,889,39,0,0,0,0,0,0.817
Course 22,226,103,2.19,0.44,141,0.0,13,33,9,559,171,5,0.0,30.0,131,0.0,0.0,0.0,0.0,34.0,35.0,29.67,0.0,8.78,43,8211.0,11,1933,3684,5273,5273,46,308,547,212,473,347,323,468,960,104,912,573,0,0,0,0,0,0.841
Course 22,129,66,1.95,0.28,76,0.0,8,12,4,377,119,4,0.0,30.33,109,0.0,0.0,0.0,0.0,34.0,43.0,28.17,0.0,7.2,30,4083.0,11,1502,2621,2749,2749,10,272,334,333,421,132,94,316,709,54,42,32,0,0,0,0,0,0.754
Course 22,246,112,2.2,0.47,408,0.0,8,82,11,926,173,4,0.0,34.75,122,0.0,0.0,0.0,0.0,45.0,48.0,30.33,0.0,9.63,39,7985.0,11,2810,6575,8105,8105,14,751,629,269,658,489,870,629,2266,163,1307,60,0,0,0,0,0,0.861
Course 22,300,127,2.36,0.54,125,0.0,2,61,11,780,175,4,0.0,35.75,124,0.0,0.0,0.0,0.0,34.0,49.0,31.33,0.0,9.22,54,11490.0,12,2652,5361,7530,7530,32,371,596,681,517,455,654,635,1420,301,802,1066,0,0,0,0,0,0.872
Course 22,158,94,1.68,0.4,89,0.0,27,18,10,348,169,4,0.0,27.17,93,0.0,0.0,0.0,0.0,27.0,37.0,23.89,0.0,8.53,32,6581.0,11,1319,3151,3512,3512,0,250,217,174,334,344,498,641,693,0,326,35,0,0,0,0,0,0.783
Course 22,166,79,2.1,0.33,69,0.0,4,18,11,263,173,5,0.0,34.0,96,0.0,0.0,0.0,0.0,33.0,49.0,32.5,0.0,10.49,31,3514.0,11,732,1777,2452,2452,1,212,199,64,81,175,113,723,209,4,547,124,0,0,0,0,0,0.761
Course 22,258,91,2.84,0.39,131,0.0,26,23,11,325,168,6,0.0,27.67,178,30.0,0.0,0.0,0.0,35.0,24.0,23.25,0.0,7.85,31,4216.0,11,1569,3289,3727,3727,0,81,341,305,457,385,330,144,1246,0,392,46,0,0,0,0,0,0.785
Course 22,135,61,2.21,0.26,60,0.0,4,15,11,248,172,4,0.0,31.92,89,0.0,0.0,0.0,0.0,35.0,47.0,27.83,0.0,9.37,20,1480.0,9,354,1462,1873,1873,0,34,115,20,99,86,4,695,409,0,372,39,0,0,0,0,0,0.656
Course 22,148,81,1.83,0.35,121,0.0,3,16,10,338,150,3,0.0,31.33,109,0.0,0.0,0.0,0.0,27.0,47.0,23.5,0.0,9.89,32,5011.0,13,1489,2689,3045,3059,0,39,542,269,466,173,136,449,615,0,99,257,10,0,0,4,0,0.627
Course 22,165,86,1.92,0.37,107,0.0,16,22,11,314,147,3,0.0,35.78,78,0.0,0.0,0.0,0.0,35.0,46.0,30.67,0.0,9.31,34,4756.0,12,1019,3070,3562,3566,0,270,128,254,252,115,518,539,994,0,434,58,4,0,0,0,0,0.76
Course 22,226,90,2.51,0.38,83,0.0,33,14,11,307,173,3,0.0,38.11,83,0.0,0.0,0.0,0.0,35.0,50.0,32.17,0.0,8.56,31,5447.0,11,1015,2283,2769,2769,1,180,343,104,205,182,209,376,683,0,435,51,0,0,0,0,0,0.746
Course 22,225,101,2.23,0.43,84,0.0,15,43,12,638,201,4,0.0,35.0,122,0.0,0.0,0.0,0.0,44.0,46.0,32.0,0.0,7.41,39,9125.0,11,3013,5060,6410,6410,0,1693,167,298,398,457,779,567,701,280,913,157,0,0,0,0,0,0.848
Course 22,288,114,2.53,0.48,294,0.0,34,57,12,1012,203,3,0.0,31.22,106,0.0,0.0,0.0,0.0,28.33333,42.0,25.83,0.0,9.96,46,13409.0,11,2633,5923,7308,7308,43,350,682,361,877,320,951,905,1434,241,751,393,0,0,0,0,0,0.865
Course 22,266,104,2.56,0.44,130,0.0,8,33,11,789,173,4,0.0,26.25,129,0.0,0.0,0.0,0.0,24.0,33.0,24.0,0.0,9.23,41,11921.0,11,2027,4304,5251,5251,114,373,233,270,690,347,281,984,1012,0,819,128,0,0,0,0,0,0.821
Course 22,96,43,2.23,0.22,44,0.0,6,5,5,148,98,3,0.0,29.33,77,0.0,0.0,0.0,0.0,34.0,30.0,29.0,0.0,12.51,22,1428.0,9,464,1210,1328,1328,0,166,250,4,44,0,0,11,735,0,63,55,0,0,0,0,0,0.59
Course 22,168,73,2.3,0.31,78,0.0,36,26,11,490,173,3,0.0,43.33,98,0.0,0.0,0.0,0.0,45.0,41.0,44.5,0.0,9.1,33,5581.0,13,1315,3608,3967,3987,26,590,339,174,184,2,0,1557,736,0,116,243,0,0,20,0,0,0.706
Course 24,173,90,1.92,0.38,98,0.0,7,13,11,376,180,5,0.0,26.27,136,0.0,0.0,0.0,0.0,33.0,27.0,29.67,0.0,8.82,34,4068.0,12,1419,2611,3400,3400,0,154,363,358,443,101,0,832,360,0,463,326,0,0,0,0,0,0.767
Course 24,121,63,1.92,0.29,15,0.0,4,5,5,164,120,3,0.0,31.67,68,0.0,0.0,0.0,0.0,35.0,29.0,33.0,0.0,8.37,19,1989.0,9,648,1311,1419,1419,0,0,0,453,172,23,0,17,646,0,37,71,0,0,0,0,0,0.669
Course 24,185,77,2.4,0.33,85,0.0,3,13,11,308,173,5,0.0,30.6,125,0.0,0.0,0.0,0.0,36.0,36.0,35.5,0.0,8.09,37,3270.0,11,981,1925,2714,2714,28,143,203,241,325,41,257,212,475,0,694,95,0,0,0,0,0,0.764
Course 24,132,53,2.49,0.25,160,0.0,5,14,11,202,172,3,0.0,23.0,63,0.0,0.0,0.0,0.0,32.0,16.0,26.5,0.0,10.39,14,2377.0,7,121,1037,1614,1614,0,0,0,26,84,11,0,507,409,0,136,441,0,0,0,0,0,0.662
Course 24,214,95,2.25,0.41,117,0.0,10,24,11,308,173,6,0.0,26.72,184,0.0,0.0,0.0,0.0,35.0,15.0,31.44,0.0,11.25,46,7127.0,11,964,2597,3656,3656,21,325,171,54,131,262,464,169,1000,62,869,128,0,0,0,0,0,0.811
Course 24,161,50,3.22,0.22,153,0.0,2,20,11,232,173,4,0.0,22.0,99,0.0,0.0,0.0,0.0,34.0,7.0,25.5,0.0,7.07,15,1947.0,7,136,1304,1912,1912,0,0,0,0,125,11,0,566,602,0,461,147,0,0,0,0,0,0.669
Course 24,188,96,1.96,0.41,74,0.0,18,15,11,293,177,4,0.0,31.58,91,0.0,0.0,0.0,0.0,40.0,34.0,33.17,0.0,9.83,31,4818.0,11,916,2301,3158,3158,3,98,277,184,272,82,4,501,880,0,769,88,0,0,0,0,0,0.77
Course 24,128,67,1.91,0.29,90,0.0,7,17,10,333,153,5,0.0,26.0,106,0.0,0.0,0.0,0.0,35.0,21.0,27.0,0.0,8.83,30,3242.0,10,1047,1758,2741,2741,1,24,87,220,540,175,109,254,348,0,446,537,0,0,0,0,0,0.733
Course 24,99,58,1.71,0.25,69,0.0,8,13,10,248,167,4,0.0,28.33,87,0.0,0.0,0.0,0.0,32.33333,25.0,30.67,0.0,8.94,23,3189.0,9,111,933,2009,2009,0,5,44,5,17,40,0,162,660,0,533,543,0,0,0,0,0,0.691
Course 24,276,108,2.56,0.46,45,0.0,9,11,11,203,146,5,0.0,32.6,89,0.0,0.0,0.0,0.0,40.0,34.0,36.0,0.0,9.3,33,4430.0,12,539,2413,3065,3065,0,38,48,249,159,45,0,1231,643,13,555,84,0,0,0,0,0,0.762
Course 24,140,66,2.12,0.29,56,0.0,2,13,11,218,160,5,0.0,21.2,123,0.0,0.0,0.0,0.0,35.0,21.0,18.67,0.0,8.93,22,1837.0,10,515,1181,1820,1820,0,39,0,120,317,39,0,355,311,0,559,80,0,0,0,0,0,0.664
Course 24,158,75,2.11,0.32,52,0.0,5,14,11,294,173,6,0.0,31.33,156,0.0,0.0,0.0,0.0,38.0,41.0,30.0,0.0,6.72,21,1173.0,11,683,1711,2124,2124,9,28,293,37,248,68,44,621,363,0,380,33,0,0,0,0,0,0.702
Course 24,142,67,2.12,0.3,134,0.0,18,21,11,505,173,4,0.0,16.83,163,0.0,0.0,0.0,0.0,24.0,19.0,17.17,0.0,11.62,21,5995.0,10,348,1231,4315,4315,0,0,80,11,167,90,0,258,625,0,341,2743,0,0,0,0,0,0.764
Course 24,2,2,1.0,0.67,8,0.0,0,0,0,0,0,0,0.0,0.0,0,0.0,0.0,0.0,0.0,0.0,0.0,0.0,0.0,5.15,2,106.0,1,16,16,16,16,0,0,0,0,13,3,0,0,0,0,0,0,0,0,0,0,0,0.667
Course 24,133,60,2.22,0.26,97,0.0,5,13,11,212,165,4,0.0,25.0,108,0.0,0.0,0.0,0.0,35.0,19.0,27.0,0.0,6.97,23,2081.0,10,247,882,1614,1614,0,22,21,43,139,22,0,33,602,27,87,618,0,0,0,0,0,0.625
Course 24,201,70,2.87,0.31,74,0.0,16,14,10,217,153,6,0.0,23.17,112,0.0,0.0,0.0,0.0,34.0,6.0,27.0,0.0,8.89,27,2733.0,11,698,1380,1758,1758,3,11,8,377,155,144,0,270,412,0,330,48,0,0,0,0,0,0.686
Course 24,161,97,1.66,0.41,59,0.0,10,12,11,292,173,5,0.0,28.13,98,0.0,0.0,0.0,0.0,32.33333,25.0,29.33,0.0,9.2,29,6047.0,11,925,2027,2591,2591,70,282,187,42,192,152,0,406,696,36,484,44,0,0,0,0,0,0.743
Course 24,170,66,2.58,0.28,114,0.0,35,11,11,185,144,6,0.0,24.67,167,0.0,0.0,0.0,0.0,40.0,19.0,30.0,0.0,8.56,28,1966.0,11,630,1046,1701,1701,0,0,7,377,211,35,0,253,163,0,612,43,0,0,0,0,0,0.706
Course 24,166,76,2.18,0.32,35,0.0,5,8,8,143,134,6,0.0,26.33,109,0.0,0.0,0.0,0.0,40.0,22.0,28.67,0.0,8.49,18,1260.0,8,182,574,1179,1179,1,4,0,103,58,16,0,302,90,0,571,34,0,0,0,0,0,0.577
Course 24,144,72,2.0,0.32,75,0.0,8,22,11,337,172,4,0.0,28.17,108,0.0,0.0,0.0,0.0,34.0,23.0,30.83,0.0,6.87,28,3246.0,10,920,2063,2677,2677,24,151,319,137,280,9,0,717,426,2,541,71,0,0,0,0,0,0.721
Course 24,176,91,1.93,0.38,26,0.0,37,8,7,181,142,6,0.0,20.0,146,0.0,0.0,0.0,0.0,29.0,24.0,19.67,0.0,9.9,36,4807.0,12,260,1317,1879,1880,9,54,37,10,94,56,1,188,868,28,305,229,1,0,0,0,0,0.722
Course 24,180,80,2.25,0.34,77,0.0,8,16,11,363,173,5,0.0,25.87,155,0.0,0.0,0.0,0.0,34.0,20.0,28.67,0.0,11.54,27,3541.0,11,980,2053,2679,2679,9,215,157,286,201,112,0,461,612,1,132,493,0,0,0,0,0,0.741
Course 24,225,67,3.36,0.29,73,0.0,3,16,11,294,170,5,0.0,22.67,122,0.0,0.0,0.0,0.0,32.0,26.0,20.44,0.0,9.43,22,3270.0,11,679,1583,2414,2414,0,129,136,24,303,87,85,205,614,0,121,710,0,0,0,0,0,0.714
Course 24,211,92,2.29,0.39,69,0.0,41,11,10,461,170,5,0.0,28.0,199,0.0,0.0,0.0,0.0,35.0,30.0,28.5,0.0,9.73,39,5444.0,11,1916,3661,4206,4206,32,685,169,37,728,265,1,784,960,1,370,174,0,0,0,0,0,0.814
Course 24,254,86,2.95,0.37,127,0.0,4,13,11,335,173,6,0.0,27.56,230,0.0,0.0,0.0,0.0,35.0,23.0,28.78,0.0,9.97,32,4645.0,11,1222,2540,3334,3334,6,426,203,160,392,35,1,860,457,101,541,152,0,0,0,0,0,0.768
Course 24,148,73,2.03,0.31,26,0.0,1,9,8,214,165,4,0.0,20.5,87,0.0,0.0,0.0,0.0,30.0,13.0,23.0,0.0,7.71,23,1724.0,12,283,1169,1488,1488,0,56,32,32,151,12,0,308,578,0,297,22,0,0,0,0,0,0.664
Course 24,203,88,2.31,0.39,70,0.0,5,16,11,432,173,6,0.0,28.06,154,0.0,0.0,0.0,0.0,40.0,18.0,30.44,0.0,8.48,32,5707.0,11,1485,2481,3330,3330,21,620,242,70,405,127,0,582,414,0,557,292,0,0,0,0,0,0.76
Course 24,222,84,2.64,0.36,302,0.0,21,21,11,359,168,6,0.0,21.78,189,0.0,0.0,0.0,0.0,31.0,19.0,24.22,0.0,9.47,40,5734.0,11,887,2689,3763,3763,6,97,356,128,212,88,120,435,1247,60,543,471,0,0,0,0,0,0.805
Course 24,204,56,3.64,0.26,72,0.0,0,8,5,117,91,5,0.0,22.4,106,0.0,0.0,0.0,0.0,34.0,19.0,29.0,0.0,6.65,13,1577.0,7,254,883,1128,1128,0,0,0,131,115,8,0,473,156,0,45,200,0,0,0,0,0,0.591
Course 24,120,62,1.94,0.27,59,0.0,1,12,11,230,173,5,0.0,28.4,82,0.0,0.0,0.0,0.0,31.66667,25.0,29.5,0.0,10.72,23,1199.0,9,327,1252,1882,1882,0,1,16,146,128,36,0,718,207,0,594,36,0,0,0,0,0,0.691
Course 24,137,81,1.69,0.35,125,0.0,9,19,10,329,172,6,0.0,24.31,130,0.0,0.0,0.0,0.0,33.0,26.0,23.61,0.0,9.22,38,4621.0,11,854,2515,3295,3295,1,34,122,196,278,223,0,760,901,18,259,503,0,0,0,0,0,0.775
Course 24,322,96,3.35,0.41,75,0.0,79,16,11,332,173,5,0.0,28.87,131,0.0,0.0,0.0,0.0,35.0,26.0,30.17,0.0,10.7,41,8325.0,12,1256,2496,3369,3369,151,283,232,160,323,107,142,221,877,24,666,183,0,0,0,0,0,0.788
Course 24,196,78,2.51,0.33,86,0.0,14,20,11,405,173,6,0.0,25.94,149,0.0,0.0,0.0,0.0,39.0,21.0,29.22,0.0,11.32,31,4937.0,11,1624,2675,3325,3325,0,47,710,156,168,543,64,337,650,46,544,60,0,0,0,0,0,0.771
Course 24,252,92,2.74,0.39,300,0.0,29,15,11,381,178,5,0.0,27.4,107,0.0,0.0,0.0,0.0,35.0,25.0,30.5,0.0,8.94,30,2988.0,11,714,1557,3122,3122,28,117,242,33,150,144,0,481,362,40,205,1320,0,0,0,0,0,0.753
Course 24,269,89,3.02,0.38,182,0.0,13,18,12,612,203,6,0.0,30.17,244,0.0,0.0,0.0,0.0,35.0,28.0,31.0,0.0,11.24,38,6468.0,11,1647,4531,5880,5880,23,221,310,269,714,110,1,1102,1781,9,689,651,0,0,0,0,0,0.83
Course 24,212,89,2.38,0.38,89,0.0,4,17,11,397,173,5,0.0,27.4,127,0.0,0.0,0.0,0.0,32.0,23.0,28.0,0.0,8.32,29,4359.0,11,1296,3182,4129,4129,0,184,243,55,552,262,92,829,965,0,800,147,0,0,0,0,0,0.791
Course 24,145,72,2.01,0.31,67,0.0,9,17,11,266,167,5,0.0,28.8,106,0.0,0.0,0.0,0.0,33.0,32.0,27.0,0.0,8.77,34,3434.0,12,815,1751,2503,2503,30,66,211,83,310,115,7,501,428,4,388,360,0,0,0,0,0,0.753
Course 24,73,34,2.15,0.16,25,0.0,4,11,8,192,150,4,0.0,20.5,57,0.0,0.0,0.0,0.0,22.0,20.0,19.5,0.0,6.39,10,948.0,6,37,130,1495,1495,0,0,1,0,16,20,0,4,89,0,35,1330,0,0,0,0,0,0.598
Course 24,132,66,2.0,0.29,82,0.0,18,16,11,371,171,5,0.0,22.4,124,0.0,0.0,0.0,0.0,35.0,28.0,20.67,0.0,11.47,26,3958.0,11,569,2062,2970,2970,20,7,190,14,251,87,0,453,1040,24,816,68,0,0,0,0,0,0.72
Course 24,156,77,2.03,0.33,77,0.0,16,16,10,295,172,6,0.0,22.28,193,0.0,0.0,0.0,0.0,34.0,28.0,23.56,0.0,7.92,30,3106.0,11,617,1775,2474,2474,1,84,219,110,64,139,58,658,442,5,646,48,0,0,0,0,0,0.735
Course 24,134,56,2.39,0.25,269,0.0,1,12,8,220,156,5,0.0,29.4,105,0.0,0.0,0.0,0.0,34.0,28.0,30.0,0.0,7.33,28,2146.0,12,234,1354,1745,1745,1,44,75,19,72,23,184,733,203,0,330,61,0,0,0,0,0,0.689
Course 24,144,66,2.18,0.28,96,0.0,4,1,1,83,62,4,0.0,24.83,127,0.0,0.0,0.0,0.0,35.0,14.0,30.67,0.0,7.33,27,2144.0,10,191,760,940,940,1,6,11,51,96,26,0,162,407,9,133,38,0,0,0,0,0,0.594
Course 24,168,78,2.15,0.33,73,0.0,12,21,11,314,173,5,0.0,31.67,131,0.0,0.0,0.0,0.0,35.0,42.0,30.17,0.0,7.42,27,2903.0,11,998,2200,3001,3001,35,206,94,67,292,304,26,412,764,0,745,56,0,0,0,0,0,0.758
Course 24,165,75,2.2,0.32,61,0.0,6,13,11,272,173,5,0.0,27.8,146,0.0,0.0,0.0,0.0,35.0,19.0,31.0,0.0,6.68,25,3072.0,11,716,1640,2312,2312,0,181,180,87,242,26,0,73,851,0,258,414,0,0,0,0,0,0.717
Course 24,207,78,2.65,0.34,82,0.0,12,16,11,307,168,4,0.0,25.42,161,0.0,0.0,0.0,0.0,30.33333,14.0,29.33,0.0,7.59,30,4013.0,11,1245,2203,2990,2990,0,202,387,270,282,104,1,298,659,10,637,140,0,0,0,0,0,0.758
Course 24,211,75,2.81,0.33,86,0.0,8,12,11,231,177,6,0.0,23.0,140,0.0,0.0,0.0,0.0,38.0,23.0,22.33,0.0,7.5,27,3343.0,12,374,1791,2302,2302,0,13,64,17,205,75,0,575,842,0,71,440,0,0,0,0,0,0.728
Course 24,217,85,2.55,0.36,80,0.0,16,12,11,321,169,5,0.0,24.2,103,0.0,0.0,0.0,0.0,33.0,22.0,24.0,0.0,9.71,35,5108.0,11,1093,1980,2623,2623,1,3,131,46,731,181,5,470,412,5,537,101,0,0,0,0,0,0.748
Course 24,291,114,2.55,0.48,152,0.0,31,56,12,1148,193,6,0.0,30.72,178,0.0,0.0,0.0,0.0,35.0,38.0,31.11,0.0,10.18,45,11977.0,11,3117,5849,7610,7610,197,703,518,421,1041,237,236,1069,1427,414,769,578,0,0,0,0,0,0.863
Course 24,193,97,1.99,0.41,104,0.0,28,20,11,429,173,5,0.0,30.67,116,0.0,0.0,0.0,0.0,43.33333,48.0,25.78,0.0,11.86,46,8573.0,12,1013,1658,3055,3055,4,264,164,98,281,202,41,118,486,21,569,807,0,0,0,0,0,0.806
Course 24,140,77,1.82,0.33,34,0.0,2,19,11,307,175,5,0.0,37.2,84,0.0,0.0,0.0,0.0,44.0,49.0,39.5,0.0,5.53,29,2208.0,12,710,1497,2050,2050,1,79,305,121,99,105,0,336,451,2,485,66,0,0,0,0,0,0.708
Course 24,253,103,2.46,0.44,121,0.0,68,15,11,669,146,5,0.0,20.6,140,0.0,0.0,0.0,0.0,35.0,25.0,23.5,0.0,9.38,37,6453.0,11,1834,3936,4615,4615,6,262,412,378,606,170,15,1425,662,92,483,104,0,0,0,0,0,0.815
Course 24,222,118,1.88,0.5,118,0.0,95,25,11,893,173,6,0.0,26.33,165,0.0,0.0,0.0,0.0,41.0,31.0,24.33,0.0,9.76,40,7099.0,11,1891,4443,6198,6198,1,41,673,311,589,276,590,1070,892,136,1494,125,0,0,0,0,0,0.844
Course 24,117,68,1.72,0.29,110,0.0,8,21,7,316,143,6,0.0,24.94,131,0.0,0.0,0.0,0.0,34.0,21.0,24.56,0.0,8.22,32,3960.0,12,1069,2183,2851,2851,0,24,433,43,392,177,0,616,498,22,404,242,0,0,0,0,0,0.747
Course 24,352,104,3.38,0.44,119,0.0,24,23,11,530,173,6,0.0,30.67,135,0.0,0.0,0.0,0.0,44.0,25.0,35.67,0.0,8.27,42,6251.0,11,2356,3389,4243,4243,232,540,315,275,786,208,50,527,456,12,705,137,0,0,0,0,0,0.816
Course 24,293,97,3.02,0.41,189,0.0,25,15,11,396,173,4,0.0,32.25,89,0.0,0.0,0.0,0.0,44.0,28.0,36.5,0.0,9.2,35,6178.0,11,1420,3152,4107,4107,30,424,110,168,394,294,383,302,1047,86,804,65,0,0,0,0,0,0.792
Course 24,131,72,1.82,0.31,30,0.0,11,15,11,341,173,4,0.0,28.33,137,0.0,0.0,0.0,0.0,34.0,25.0,30.17,0.0,9.32,27,3196.0,12,726,1423,3106,3106,27,270,127,144,155,3,0,87,610,3,694,986,0,0,0,0,0,0.742
Course 24,139,55,2.53,0.24,79,0.0,3,8,7,195,168,6,0.0,21.39,125,0.0,0.0,0.0,0.0,34.0,23.0,27.44,0.0,10.25,17,1246.0,9,297,1085,1532,1532,0,3,4,168,52,70,0,521,267,0,256,191,0,0,0,0,0,0.637
Course 24,222,99,2.24,0.42,77,0.0,5,31,11,612,173,4,0.0,23.83,125,0.0,0.0,0.0,0.0,34.0,13.0,29.67,0.0,11.12,33,5830.0,11,1569,3626,4945,4945,0,331,111,365,465,297,37,700,1320,74,1001,244,0,0,0,0,0,0.815
Course 24,168,72,2.33,0.31,45,0.0,8,9,7,181,144,4,0.0,28.92,63,0.0,0.0,0.0,0.0,34.0,32.0,27.89,0.0,12.67,22,1275.0,10,281,767,1419,1419,1,0,11,111,133,25,2,392,92,0,78,574,0,0,0,0,0,0.629
Course 24,183,65,2.82,0.29,52,0.0,3,11,11,192,174,6,0.0,25.0,162,0.0,0.0,0.0,0.0,32.0,24.0,29.0,0.0,7.6,19,1800.0,7,507,1110,1683,1683,0,0,0,237,231,39,26,13,564,0,536,37,0,0,0,0,0,0.662
Course 24,238,89,2.67,0.38,78,0.0,5,12,11,210,165,5,0.0,33.0,92,0.0,0.0,0.0,0.0,35.0,39.0,34.5,0.0,8.75,27,3105.0,11,537,915,1558,1558,0,57,118,229,91,42,0,154,224,0,587,56,0,0,0,0,0,0.67
Course 24,160,77,2.08,0.33,75,0.0,4,13,11,245,149,5,0.0,32.6,147,0.0,0.0,0.0,0.0,34.0,49.0,28.5,0.0,8.61,32,1934.0,10,833,1696,2113,2113,0,4,281,243,202,103,97,327,439,0,349,68,0,0,0,0,0,0.744
Course 24,179,90,1.99,0.38,53,0.0,22,11,11,351,173,5,0.0,30.47,132,0.0,0.0,0.0,0.0,35.0,32.0,31.17,0.0,8.53,28,3761.0,11,1116,2320,2877,2877,0,274,259,98,190,295,1,333,870,0,423,134,0,0,0,0,0,0.754
Course 24,212,82,2.59,0.35,110,0.0,17,13,11,318,173,6,0.0,28.5,157,0.0,0.0,0.0,0.0,40.0,25.0,29.67,0.0,11.12,26,4859.0,10,861,2409,3249,3249,2,162,141,235,264,57,0,748,800,141,616,83,0,0,0,0,0,0.74
Course 24,86,50,1.72,0.22,37,0.0,3,6,6,191,148,4,0.0,27.83,73,0.0,0.0,0.0,0.0,35.0,24.0,28.67,0.0,8.11,22,3589.0,11,243,880,1506,1506,0,58,47,6,91,41,2,141,494,387,211,28,0,0,0,0,0,0.668
Course 24,267,93,2.87,0.4,125,0.0,29,13,11,314,175,5,0.0,35.2,107,0.0,0.0,0.0,0.0,40.0,43.0,34.33,0.0,11.38,27,3602.0,10,598,1965,2879,2879,31,125,221,93,128,0,0,200,1167,4,734,176,0,0,0,0,0,0.682
Course 24,310,98,3.16,0.41,140,0.0,92,14,11,364,174,6,0.0,31.33,167,0.0,0.0,0.0,0.0,35.0,35.0,31.67,0.0,8.07,42,10274.0,11,839,3083,4022,4022,33,156,271,90,178,111,3,754,1487,16,686,237,0,0,0,0,0,0.809
Course 24,226,93,2.43,0.39,218,0.0,21,22,11,574,174,5,0.0,23.87,131,0.0,0.0,0.0,0.0,33.33333,21.0,27.67,0.0,10.07,34,6407.0,11,1363,3499,4665,4665,25,49,324,270,601,94,14,625,1497,53,585,528,0,0,0,0,0,0.809
Course 24,250,105,2.38,0.45,135,0.0,89,19,8,449,165,5,0.0,25.8,124,0.0,0.0,0.0,0.0,34.0,26.0,27.0,0.0,7.35,39,4594.0,11,2060,3927,4912,4912,37,352,444,237,664,326,74,518,1275,80,355,550,0,0,0,0,0,0.826
Course 24,151,90,1.68,0.38,20,0.0,29,19,11,365,173,6,0.0,29.0,118,0.0,0.0,0.0,0.0,35.0,36.0,29.0,0.0,10.54,40,6811.0,12,1092,2363,3328,3328,4,236,255,92,422,83,26,410,835,117,534,314,0,0,0,0,0,0.799
Course 24,186,84,2.21,0.36,55,0.0,6,12,11,395,173,4,0.0,22.58,90,0.0,0.0,0.0,0.0,34.0,12.0,24.67,0.0,9.11,22,2796.0,10,930,1546,2671,2671,0,135,123,150,335,187,0,156,460,87,783,255,0,0,0,0,0,0.711
Course 24,173,85,2.04,0.36,120,0.0,18,29,11,423,177,4,0.0,33.25,123,0.0,0.0,0.0,0.0,34.0,43.0,31.0,0.0,8.05,31,4208.0,9,1844,2809,3552,3552,7,266,132,549,631,259,0,284,681,73,610,60,0,0,0,0,0,0.727
Course 24,176,62,2.84,0.28,67,0.0,8,11,7,217,162,4,0.0,31.75,130,0.0,0.0,0.0,0.0,34.0,39.0,29.0,0.0,8.18,20,2961.0,8,323,1593,2144,2144,0,0,0,42,266,15,0,127,1143,1,430,120,0,0,0,0,0,0.709
Course 24,152,79,1.92,0.33,58,0.0,14,15,10,454,163,5,0.0,31.0,105,0.0,0.0,0.0,0.0,39.0,30.0,34.5,0.0,9.52,26,3859.0,11,891,2683,3167,3167,0,62,47,313,333,136,63,274,1455,0,150,334,0,0,0,0,0,0.754
Course 24,314,112,2.8,0.47,83,0.0,12,11,11,306,173,5,0.0,26.87,106,0.0,0.0,0.0,0.0,35.0,43.0,20.44,0.0,9.56,33,4709.0,10,1212,2364,2867,2867,0,351,181,131,508,41,0,619,533,0,454,49,0,0,0,0,0,0.736
Course 24,213,87,2.45,0.37,86,0.0,52,35,11,622,173,5,0.0,27.27,154,0.0,0.0,0.0,0.0,25.33333,38.0,24.11,0.0,9.91,35,4952.0,11,1817,3316,4986,4986,1,8,495,387,657,269,482,332,685,161,450,1059,0,0,0,0,0,0.818
Course 24,217,66,3.29,0.28,66,0.0,2,10,10,176,145,5,0.0,32.67,115,0.0,0.0,0.0,0.0,40.0,45.0,30.11,0.0,9.5,21,2637.0,9,470,1278,1726,1726,5,4,1,376,67,17,0,432,376,7,399,42,0,0,0,0,0,0.654
Course 24,331,99,3.34,0.42,186,0.0,95,26,11,697,174,5,0.0,37.93,194,0.0,0.0,0.0,0.0,44.0,49.0,40.83,0.0,10.2,41,11293.0,11,2539,5425,6766,6766,0,1298,0,87,624,530,362,736,1788,99,851,391,0,0,0,0,0,0.847
Course 24,160,68,2.35,0.29,63,0.0,12,13,11,281,177,5,0.0,30.0,129,0.0,0.0,0.0,0.0,35.0,26.0,34.5,0.0,8.36,25,2802.0,11,801,1531,2319,2319,1,36,184,8,474,98,48,513,169,0,739,49,0,0,0,0,0,0.721
Course 24,234,81,2.89,0.34,133,0.0,18,11,11,267,173,4,0.0,29.25,137,0.0,0.0,0.0,0.0,35.0,31.0,30.5,0.0,10.59,31,3258.0,11,751,1859,3034,3034,11,110,1,404,188,37,72,698,338,0,795,380,0,0,0,0,0,0.765
Course 24,204,87,2.34,0.37,111,0.0,32,11,11,269,173,4,0.0,34.83,87,0.0,0.0,0.0,0.0,35.0,45.0,32.17,0.0,7.4,31,4753.0,11,1150,2082,2905,2905,0,140,243,256,368,143,33,120,779,0,594,229,0,0,0,0,0,0.755
Course 24,439,111,3.95,0.47,85,0.0,26,21,12,541,203,4,0.0,35.0,114,0.0,0.0,0.0,0.0,39.0,43.0,34.0,0.0,7.76,35,5271.0,11,1403,3098,4053,4053,38,315,246,116,510,178,126,696,873,75,358,522,0,0,0,0,0,0.798
Course 24,170,64,2.66,0.28,37,0.0,17,13,12,255,197,5,0.0,30.6,90,0.0,0.0,0.0,0.0,35.0,30.0,34.5,0.0,11.17,15,806.0,8,366,366,1859,1859,0,2,60,216,55,33,0,0,0,0,614,879,0,0,0,0,0,0.562
Course 24,230,110,2.09,0.47,66,0.0,6,16,11,370,173,4,0.0,32.75,74,0.0,0.0,0.0,0.0,36.0,37.0,34.5,0.0,10.58,35,5793.0,11,815,2165,2705,2705,0,274,176,21,227,117,88,366,896,0,500,40,0,0,0,0,0,0.76
Course 24,194,77,2.52,0.33,325,0.0,32,18,11,432,173,5,0.0,29.8,147,0.0,0.0,0.0,0.0,34.0,29.0,32.5,0.0,11.45,25,4933.0,11,729,2265,3733,3733,4,238,126,137,141,83,36,413,1087,150,282,1036,0,0,0,0,0,0.766
Course 25,171,97,1.76,0.41,140,0.0,10,11,7,332,131,4,0.0,27.58,101,0.0,0.0,0.0,0.0,29.0,42.0,23.67,0.0,9.8,42,5754.0,11,946,1516,2213,2213,79,15,305,129,290,128,92,252,226,338,55,304,0,0,0,0,0,0.774
Course 25,178,92,1.93,0.39,88,0.0,9,21,11,336,174,5,0.0,28.07,195,0.0,0.0,0.0,0.0,36.0,45.0,21.78,0.0,6.77,36,2577.0,12,1245,2336,3678,3678,102,93,255,189,410,196,110,736,245,1,1242,99,0,0,0,0,0,0.796
Course 25,111,45,2.47,0.19,37,0.0,9,6,6,189,155,5,0.0,30.27,151,0.0,0.0,0.0,0.0,40.0,49.0,24.11,0.0,13.31,14,853.0,9,117,264,1542,1542,6,4,12,0,95,0,28,0,119,0,58,1220,0,0,0,0,0,0.588
Course 25,142,54,2.63,0.23,78,0.0,15,26,12,347,203,4,0.0,38.83,93,0.0,0.0,0.0,0.0,40.0,47.0,39.17,0.0,8.15,27,2035.0,11,528,1994,2695,2695,0,13,82,26,139,268,304,17,1145,0,641,60,0,0,0,0,0,0.745
Course 25,201,93,2.16,0.39,57,0.0,15,5,2,137,52,4,0.0,11.25,107,0.0,0.0,0.0,0.0,9.0,20.0,5.5,0.0,7.79,32,6324.0,10,537,1027,1465,1465,120,54,110,0,219,34,165,94,231,203,46,189,0,0,0,0,0,0.681
Course 25,164,84,1.95,0.36,90,0.0,10,23,12,355,203,5,0.0,29.6,176,0.0,0.0,0.0,0.0,34.0,34.0,28.0,0.0,8.06,32,5863.0,11,611,1847,2850,2850,5,24,57,20,299,206,132,663,441,0,907,96,0,0,0,0,0,0.753
Course 25,133,60,2.22,0.26,50,0.0,23,11,11,197,165,4,0.0,37.83,96,0.0,0.0,0.0,0.0,40.0,47.0,37.67,0.0,8.01,22,2342.0,11,432,789,1599,1599,0,55,86,156,134,1,69,3,285,0,383,427,0,0,0,0,0,0.675
Course 25,291,120,2.43,0.5,193,0.0,11,26,12,551,192,4,0.0,26.58,157,0.0,0.0,0.0,0.0,42.33333,25.0,26.17,0.0,8.15,41,11516.0,11,2115,3842,5592,5592,119,2,564,255,600,575,820,555,352,2,597,1151,0,0,0,0,0,0.834
Course 25,206,93,2.22,0.39,100,0.0,5,27,11,494,159,5,0.0,28.4,171,5.0,0.0,0.0,0.0,38.0,44.0,22.42,0.0,7.61,36,3432.0,11,2202,3269,4222,4222,96,192,551,249,771,343,422,429,216,68,826,59,0,0,0,0,0,0.811
Course 25,252,82,3.07,0.34,102,0.0,20,18,12,447,180,6,0.0,24.28,157,0.0,0.0,0.0,0.0,34.0,40.0,20.42,0.0,7.68,31,5987.0,11,1359,2804,3708,3708,18,290,462,71,241,277,277,527,641,0,550,354,0,0,0,0,0,0.771
Course 25,308,95,3.24,0.4,137,0.0,20,23,12,593,205,6,0.0,29.5,227,0.0,0.0,0.0,0.0,45.0,50.0,24.25,0.0,10.03,37,7565.0,12,2136,4307,5416,5416,242,315,512,185,572,310,210,928,1033,284,507,318,0,0,0,0,0,0.814
Course 25,237,91,2.6,0.39,52,0.0,35,23,12,396,203,5,0.0,28.6,180,0.0,0.0,0.0,0.0,35.0,38.0,25.67,0.0,9.52,29,7368.0,10,1004,2782,3968,3968,47,171,160,297,287,42,0,1103,675,90,1032,64,0,0,0,0,0,0.75
Course 25,181,70,2.59,0.31,55,0.0,3,13,11,237,179,5,0.0,29.47,130,0.0,0.0,0.0,0.0,35.0,44.0,27.17,0.0,10.55,28,3106.0,10,606,1283,1824,1824,48,3,34,303,204,14,34,468,175,1,253,287,0,0,0,0,0,0.684
Course 25,178,65,2.74,0.29,78,0.0,10,13,6,292,130,4,0.0,27.42,84,0.0,0.0,0.0,0.0,33.0,37.0,24.22,0.0,11.8,28,4181.0,11,399,2057,2247,2247,23,22,254,66,34,0,273,65,1320,7,66,117,0,0,0,0,0,0.717
Course 25,137,67,2.04,0.3,51,0.0,4,14,11,220,173,4,0.0,26.25,103,0.0,0.0,0.0,0.0,35.0,34.0,22.0,0.0,12.51,24,1384.0,11,169,894,1558,1558,3,19,9,8,121,9,67,524,134,0,27,637,0,0,0,0,0,0.67
Course 25,135,55,2.45,0.24,62,0.0,8,15,12,248,196,4,0.0,30.5,107,0.0,0.0,0.0,0.0,42.0,20.0,38.5,0.0,10.46,18,1693.0,9,232,743,1870,1870,0,70,33,2,90,37,36,475,0,0,813,314,0,0,0,0,0,0.638
Course 25,110,47,2.34,0.21,26,0.0,29,38,12,539,195,5,0.0,32.4,126,0.0,0.0,0.0,0.0,45.0,46.0,29.33,0.0,7.31,30,5817.0,11,2808,3239,4057,4057,552,383,504,780,519,70,0,85,346,0,342,476,0,0,0,0,0,0.741
Course 25,86,41,2.1,0.2,57,0.0,6,11,10,256,171,4,0.0,33.42,111,0.0,0.0,0.0,0.0,34.0,42.0,31.83,0.0,8.39,20,2462.0,9,1105,1545,1938,1938,239,336,83,0,373,74,338,7,95,0,62,331,0,0,0,0,0,0.647
Course 25,79,37,2.14,0.16,64,0.0,5,12,12,191,174,5,0.0,32.8,135,0.0,0.0,0.0,0.0,34.0,49.0,33.33,0.0,8.29,23,1289.0,12,535,1014,1504,1504,0,9,121,1,154,250,329,20,130,0,83,407,0,0,0,0,0,0.661
Course 25,168,74,2.27,0.32,124,0.0,8,18,12,425,190,6,0.0,33.06,163,34.0,0.0,0.0,0.0,39.0,43.0,25.21,0.0,9.67,33,5098.0,10,1402,2713,3661,3661,179,205,452,353,152,61,70,958,283,5,645,298,0,0,0,0,0,0.772
Course 25,172,76,2.26,0.32,60,0.0,1,9,9,225,157,6,0.0,22.0,65,0.0,0.0,0.0,0.0,39.0,40.0,23.0,0.0,9.53,27,2844.0,10,608,1262,1772,1772,1,97,96,263,82,69,78,508,68,0,173,337,0,0,0,0,0,0.684
Course 25,68,32,2.13,0.16,48,0.0,15,0,0,0,0,4,0.0,31.58,87,0.0,0.0,0.0,0.0,35.0,49.0,30.17,0.0,7.06,13,574.0,9,100,194,287,287,0,0,23,9,67,1,13,7,74,0,0,93,0,0,0,0,0,0.389
Course 25,159,80,1.99,0.34,191,0.0,12,7,6,187,107,4,0.0,25.75,125,0.0,0.0,0.0,0.0,27.0,40.0,25.0,0.0,8.04,31,2826.0,12,594,1333,1711,1711,39,95,52,9,299,100,167,99,473,4,261,113,0,0,0,0,0,0.708
Course 25,112,40,2.8,0.18,54,0.0,15,13,11,255,173,4,0.0,36.5,98,0.0,0.0,0.0,0.0,35.0,47.0,34.5,0.0,10.38,25,2368.0,10,808,1332,2167,2167,7,12,158,423,206,2,0,17,507,5,48,782,0,0,0,0,0,0.682
Course 25,127,62,2.05,0.26,61,0.0,7,16,12,304,203,4,0.0,41.0,117,0.0,0.0,0.0,0.0,45.0,48.0,44.0,0.0,8.22,19,1219.0,9,311,1428,2098,2098,45,17,78,12,159,0,0,519,598,49,232,389,0,0,0,0,0,0.639
Course 25,176,85,2.07,0.36,116,0.0,16,3,2,213,112,4,0.0,33.75,101,0.0,0.0,0.0,0.0,34.0,49.0,29.0,0.0,8.09,21,1768.0,11,755,1471,1787,1787,141,1,283,17,113,200,120,450,146,0,89,227,0,0,0,0,0,0.672
Course 25,104,47,2.21,0.2,46,0.0,10,12,12,224,200,4,0.0,34.5,83,0.0,0.0,0.0,0.0,40.0,49.0,31.5,0.0,11.87,18,1172.0,10,387,1002,1640,1640,48,10,33,55,241,0,0,466,149,0,606,32,0,0,0,0,0,0.625
Course 25,97,53,1.83,0.22,131,0.0,4,12,12,216,184,5,0.0,30.6,96,0.0,0.0,0.0,0.0,31.0,46.0,27.67,0.0,10.95,28,2186.0,11,420,1443,1910,1910,27,14,51,90,171,67,162,599,262,33,394,40,0,0,0,0,0,0.722
Course 25,202,81,2.49,0.36,114,0.0,14,20,12,315,197,5,0.0,20.27,117,0.0,0.0,0.0,0.0,25.0,37.0,15.11,0.0,9.38,29,3779.0,10,560,1346,2213,2213,4,72,287,11,154,32,78,606,102,343,317,207,0,0,0,0,0,0.709
Course 25,154,70,2.2,0.3,105,0.0,12,16,12,319,196,6,0.0,24.5,136,0.0,0.0,0.0,0.0,40.0,50.0,24.25,0.0,9.96,26,3103.0,12,579,1713,2680,2680,70,115,184,0,85,125,6,193,935,0,635,332,0,0,0,0,0,0.722
Course 25,200,101,1.98,0.43,127,0.0,4,15,11,417,172,4,0.0,34.75,145,0.0,0.0,0.0,0.0,35.0,42.0,34.5,0.0,8.48,33,3165.0,12,1710,2629,3193,3193,101,262,234,228,635,250,90,318,511,0,491,73,0,0,0,0,0,0.755
Course 25,108,57,1.89,0.26,70,0.0,6,11,9,240,146,6,0.0,22.67,130,0.0,0.0,0.0,0.0,34.0,45.0,21.0,0.0,11.38,27,2837.0,12,609,1263,1757,1757,0,23,5,188,327,66,8,19,627,1,150,343,0,0,0,0,0,0.708
Course 25,171,72,2.38,0.33,54,0.0,10,12,12,258,203,4,0.0,38.0,102,0.0,0.0,0.0,0.0,45.0,47.0,39.5,0.0,11.48,19,1762.0,9,101,892,2422,2422,0,0,11,0,83,7,24,349,418,5,1247,278,0,0,0,0,0,0.72
Course 25,160,83,1.93,0.35,120,0.0,14,30,12,458,203,6,0.0,32.39,136,29.0,0.0,0.0,0.0,35.0,49.0,23.4,0.0,9.75,32,5589.0,10,1551,2786,3644,3644,76,123,328,134,556,334,221,650,364,15,385,458,0,0,0,0,0,0.775
Course 25,162,73,2.22,0.31,62,0.0,35,14,12,270,193,4,0.0,32.25,103,0.0,0.0,0.0,0.0,34.0,41.0,30.0,0.0,10.04,26,2536.0,10,711,1423,2072,2072,0,152,74,136,249,100,0,566,146,74,522,53,0,0,0,0,0,0.691
Course 25,175,77,2.27,0.33,65,0.0,10,16,11,252,181,5,0.0,26.4,144,19.0,0.0,0.0,0.0,33.0,41.0,21.25,0.0,9.26,27,4356.0,10,436,1423,1929,1929,0,8,8,64,262,94,47,209,731,0,445,61,0,0,0,0,0,0.701
Course 25,101,30,3.37,0.13,29,0.0,0,0,0,10,3,5,0.0,26.4,107,0.0,0.0,0.0,0.0,33.0,38.0,22.0,0.0,7.14,7,817.0,6,114,196,321,321,0,0,8,0,106,0,2,0,80,0,48,77,0,0,0,0,0,0.383
Course 25,340,121,2.81,0.51,109,0.0,39,45,11,702,173,6,0.0,27.33,225,0.0,0.0,0.0,0.0,34.0,40.0,23.5,0.0,10.6,36,8031.0,11,1676,4182,5077,5077,291,78,416,160,528,203,520,410,1576,113,697,85,0,0,0,0,0,0.815
Course 25,95,42,2.26,0.19,47,0.0,10,8,7,249,171,5,0.0,21.8,105,0.0,0.0,0.0,0.0,26.0,36.0,15.0,0.0,7.99,26,3354.0,10,972,2085,2519,2519,126,73,149,320,304,0,106,437,570,0,316,118,0,0,0,0,0,0.703
Course 25,154,67,2.3,0.31,86,0.0,16,12,12,245,179,6,0.0,27.72,145,0.0,0.0,0.0,0.0,43.33333,47.0,21.78,0.0,10.83,30,1965.0,11,503,1425,2258,2258,0,22,61,25,306,89,55,587,280,0,517,316,0,0,0,0,0,0.737
Course 25,185,78,2.37,0.33,106,0.0,6,13,11,369,170,5,0.0,32.33,152,0.0,0.0,0.0,0.0,35.0,49.0,29.22,0.0,8.01,32,3657.0,11,1093,2139,2832,2832,102,237,188,93,285,188,257,308,481,2,510,181,0,0,0,0,0,0.746
Course 25,177,90,1.97,0.38,46,0.0,10,13,7,264,148,4,0.0,35.25,90,0.0,0.0,0.0,0.0,39.0,44.0,35.0,0.0,10.53,32,3533.0,12,865,1667,1988,1988,77,22,280,207,198,81,116,508,178,0,75,246,0,0,0,0,0,0.715
Course 25,85,41,2.07,0.2,105,0.0,13,5,3,118,77,4,0.0,32.5,113,0.0,0.0,0.0,0.0,34.0,40.0,30.5,0.0,8.5,20,2776.0,9,539,1099,1219,1219,69,0,68,84,190,128,3,385,172,0,78,42,0,0,0,0,0,0.584
Course 25,126,67,1.88,0.29,60,0.0,2,12,11,224,178,6,0.0,26.83,112,0.0,0.0,0.0,0.0,35.0,48.0,21.5,0.0,11.69,32,4256.0,11,260,1243,1765,1765,1,18,48,14,145,34,89,360,534,0,116,406,0,0,0,0,0,0.7
Course 25,172,73,2.36,0.31,71,0.0,9,16,12,279,197,5,0.0,32.13,112,0.0,0.0,0.0,0.0,38.0,45.0,29.22,0.0,11.7,19,4418.0,8,268,1644,2360,2360,100,0,8,0,156,4,0,257,1119,0,602,114,0,0,0,0,0,0.647
Course 25,158,78,2.03,0.33,57,0.0,6,16,12,234,183,5,0.0,25.4,144,0.0,0.0,0.0,0.0,33.0,44.0,17.67,0.0,10.0,30,2837.0,12,527,1451,1980,1980,0,22,83,126,229,67,144,421,359,0,454,75,0,0,0,0,0,0.714
Course 25,189,82,2.3,0.35,58,0.0,5,21,11,364,183,4,0.0,28.5,107,0.0,0.0,0.0,0.0,39.0,29.0,29.0,0.0,9.41,30,3296.0,11,1582,3356,3995,3995,139,407,347,0,202,487,358,308,1108,30,275,334,0,0,0,0,0,0.776
Course 25,181,65,2.78,0.28,53,0.0,4,15,12,333,203,5,0.0,30.8,107,0.0,0.0,0.0,0.0,45.0,44.0,27.33,0.0,11.37,23,2813.0,10,899,2172,2801,2801,21,112,209,395,162,0,18,116,1139,0,66,563,0,0,0,0,0,0.709
Course 25,169,77,2.19,0.34,58,0.0,12,25,6,263,130,5,0.0,29.8,106,0.0,0.0,0.0,0.0,38.0,36.0,29.67,0.0,8.52,24,2780.0,10,349,1742,1886,1886,0,0,21,5,228,95,321,78,994,0,68,76,0,0,0,0,0,0.702
Course 25,178,69,2.58,0.31,95,0.0,7,12,12,228,198,6,0.0,37.5,125,35.0,0.0,0.0,0.0,45.0,49.0,30.44,0.0,9.7,25,2584.0,10,450,1325,1860,1860,0,0,105,187,129,29,21,552,302,0,54,481,0,0,0,0,0,0.716
Course 25,262,92,2.85,0.39,165,0.0,68,16,11,416,177,4,0.0,36.5,139,0.0,0.0,0.0,0.0,44.0,40.0,38.5,0.0,9.32,37,9058.0,11,1461,2984,4519,4519,50,17,229,665,393,107,442,641,440,111,1230,194,0,0,0,0,0,0.808
Course 25,100,54,1.85,0.23,38,0.0,21,13,11,219,177,4,0.0,31.25,91,0.0,0.0,0.0,0.0,29.0,41.0,27.0,0.0,11.72,19,1060.0,9,299,1753,2397,2397,0,27,56,9,207,0,0,453,1001,0,320,324,0,0,0,0,0,0.63
Course 25,332,118,2.81,0.5,121,0.0,55,10,6,400,137,6,0.0,32.33,149,19.0,0.0,0.0,0.0,40.0,50.0,25.44,0.0,10.71,44,9386.0,11,2308,4830,5239,5239,113,304,496,180,833,382,359,1065,1098,55,248,106,0,0,0,0,0,0.83
Course 25,153,64,2.39,0.29,72,0.0,10,14,12,284,202,5,0.0,30.53,135,0.0,0.0,0.0,0.0,34.0,49.0,27.56,0.0,9.16,26,1886.0,10,602,1738,2399,2399,0,123,63,138,241,37,173,408,555,60,150,451,0,0,0,0,0,0.716
Course 25,180,81,2.22,0.35,76,0.0,12,15,12,325,203,6,0.0,24.56,132,0.0,0.0,0.0,0.0,31.0,48.0,19.58,0.0,9.49,36,6339.0,10,915,1653,2573,2573,86,137,239,149,249,55,53,382,303,101,424,395,0,0,0,0,0,0.756
Course 25,155,66,2.35,0.28,69,0.0,11,18,12,319,198,4,0.0,37.5,82,0.0,0.0,0.0,0.0,44.0,40.0,41.0,0.0,11.07,29,2850.0,10,789,1586,2202,2202,10,162,205,119,248,45,13,510,274,0,561,55,0,0,0,0,0,0.709
Course 25,164,65,2.52,0.27,87,0.0,3,12,11,205,174,4,0.0,35.75,134,0.0,0.0,0.0,0.0,40.0,50.0,32.0,0.0,12.33,20,1580.0,10,590,829,1833,1833,4,0,0,136,441,9,13,114,112,1,69,934,0,0,0,0,0,0.65
Course 25,180,77,2.34,0.33,65,0.0,39,17,12,348,203,5,0.0,31.6,176,0.0,0.0,0.0,0.0,33.0,40.0,30.0,0.0,10.79,23,1829.0,11,553,1825,2772,2772,3,12,68,78,374,18,53,369,850,0,172,775,0,0,0,0,0,0.711
Course 25,176,92,1.91,0.39,123,0.0,22,33,11,676,173,5,0.0,25.27,203,0.0,0.0,0.0,0.0,31.0,26.0,24.11,0.0,10.67,43,11183.0,11,1813,4559,5700,5700,131,102,245,444,753,138,274,1763,709,536,522,83,0,0,0,0,0,0.84
Course 25,91,54,1.69,0.26,43,0.0,1,3,1,162,86,4,0.0,23.58,114,0.0,0.0,0.0,0.0,30.0,24.0,20.67,0.0,9.5,25,1767.0,11,479,1234,1393,1393,15,9,92,190,168,5,168,237,350,1,100,58,0,0,0,0,0,0.671
Course 25,343,121,2.83,0.51,205,0.0,45,15,12,443,203,5,0.0,21.87,141,0.0,0.0,0.0,0.0,35.0,21.0,27.11,0.0,9.63,42,8650.0,11,1805,3109,4890,4890,156,221,442,204,167,615,473,275,556,240,1100,441,0,0,0,0,0,0.824
Course 25,210,101,2.08,0.42,93,0.0,15,29,12,657,203,5,0.0,29.4,109,0.0,0.0,0.0,0.0,39.0,49.0,23.67,0.0,10.46,37,5300.0,11,2147,4645,6029,6029,132,64,363,1138,282,168,267,1840,391,115,794,475,0,0,0,0,0,0.826
Course 25,190,116,1.64,0.49,89,0.0,23,14,12,252,192,4,0.0,24.5,108,0.0,0.0,0.0,0.0,16.0,44.0,13.0,0.0,12.67,47,9269.0,11,850,1520,2047,2047,84,72,58,188,348,100,57,85,528,176,297,54,0,0,0,0,0,0.766
Course 25,234,99,2.36,0.42,109,0.0,14,16,12,332,194,5,0.0,36.6,124,28.0,0.0,0.0,0.0,40.0,50.0,27.33,0.0,9.11,35,5230.0,11,1143,2446,3285,3285,75,74,254,400,249,91,171,847,285,5,683,151,0,0,0,0,0,0.777
Course 25,248,94,2.64,0.4,109,0.0,3,15,12,549,203,5,0.0,34.13,196,26.0,0.0,0.0,0.0,40.0,49.0,25.72,0.0,10.38,33,4731.0,11,1778,3271,4349,4349,190,278,399,175,458,278,284,658,551,66,582,430,0,0,0,0,0,0.801
Course 25,270,107,2.52,0.46,135,0.0,116,20,10,448,167,5,0.0,23.47,93,0.0,0.0,0.0,0.0,26.0,41.0,15.44,0.0,10.88,42,12271.0,12,1343,3711,4478,4478,102,326,254,141,285,235,361,1013,994,387,260,120,0,0,0,0,0,0.821
Course 25,157,65,2.42,0.27,79,0.0,12,15,10,291,164,5,0.0,33.6,120,19.0,0.0,0.0,0.0,35.0,50.0,24.92,0.0,8.33,24,2917.0,11,721,1726,2454,2454,57,0,149,47,285,183,42,313,650,0,452,276,0,0,0,0,0,0.707
Course 25,168,73,2.3,0.31,105,0.0,46,14,11,293,187,5,0.0,23.8,140,0.0,0.0,0.0,0.0,32.0,38.0,17.33,0.0,8.99,33,6055.0,10,799,2272,2869,2869,64,187,261,120,143,24,109,688,676,111,343,143,0,0,0,0,0,0.748
Course 25,79,53,1.49,0.24,51,0.0,9,6,6,208,150,5,0.0,33.4,117,23.0,0.0,0.0,0.0,35.0,47.0,24.58,0.0,9.99,29,1940.0,11,498,1372,1691,1691,22,19,98,119,233,7,6,382,486,0,152,167,0,0,0,0,0,0.694
Course 25,125,62,2.02,0.27,64,0.0,34,17,12,286,188,4,0.0,39.25,122,0.0,0.0,0.0,0.0,40.0,48.0,39.5,0.0,7.14,27,2316.0,10,606,1498,2265,2265,0,5,13,127,289,172,154,92,646,48,359,360,0,0,0,0,0,0.722
Course 25,110,54,2.04,0.25,69,0.0,13,11,9,218,170,5,0.0,31.8,125,9.0,0.0,0.0,0.0,44.0,48.0,25.08,0.0,10.1,20,1364.0,11,298,1797,2221,2221,0,8,130,7,127,26,45,7,1447,0,87,337,0,0,0,0,0,0.684
Course 25,198,95,2.08,0.4,142,0.0,61,28,12,537,203,5,0.0,36.93,175,37.0,0.0,0.0,0.0,39.0,48.0,26.31,0.0,10.61,38,6743.0,11,1737,4247,5301,5301,123,308,317,391,453,145,225,1623,662,7,610,437,0,0,0,0,0,0.826
Course 25,76,33,2.3,0.15,38,0.0,4,0,0,30,21,4,0.0,31.5,101,0.0,0.0,0.0,0.0,32.0,39.0,29.0,0.0,7.02,11,567.0,8,137,352,491,491,0,3,25,20,89,0,12,143,60,0,79,60,0,0,0,0,0,0.46
Course 25,147,67,2.19,0.3,81,0.0,6,12,12,283,202,4,0.0,29.33,101,0.0,0.0,0.0,0.0,35.0,25.0,32.17,0.0,10.53,27,3894.0,11,455,1398,2114,2114,0,4,15,107,158,171,47,64,832,0,623,93,0,0,0,0,0,0.716
Course 25,228,105,2.17,0.44,102,0.0,50,18,11,401,173,6,0.0,24.67,120,10.0,0.0,0.0,0.0,35.0,45.0,23.13,0.0,9.32,32,4448.0,11,1660,3313,3999,3999,66,269,478,195,344,308,330,666,657,0,494,192,0,0,0,0,0,0.786
Course 25,130,59,2.2,0.25,47,0.0,5,10,7,252,156,4,0.0,20.5,71,0.0,0.0,0.0,0.0,29.0,29.0,23.0,0.0,14.3,13,1805.0,10,444,563,1756,1756,0,10,65,50,178,141,1,2,116,0,58,1135,0,0,0,0,0,0.652
Course 9,20,6,3.33,0.14,8,100.0,1,0,0,1,1,0,0.0,0.0,0,0.0,0.0,0.0,0.0,0.0,0.0,0.0,0.0,5.66,1,40.0,1,26,26,26,26,26,0,0,0,0,0,0,0,0,0,0,0,0,0,0,0,0,1.0
Course 9,133,56,2.38,0.25,138,100.0,12,18,13,560,210,4,0.0,28.92,143,0.0,0.0,0.0,0.0,30.0,33.0,27.56,0.0,8.42,44,9710.0,12,2085,3583,5189,5189,109,272,282,278,640,504,223,390,885,467,944,195,0,0,0,0,0,0.838
Course 9,120,58,2.07,0.25,154,100.0,9,22,12,319,190,4,0.0,30.25,190,0.0,0.0,0.0,0.0,38.66667,46.0,25.0,0.0,11.63,30,5321.0,12,805,2367,3439,3439,16,128,228,108,189,136,150,705,707,53,888,131,0,0,0,0,0,0.767
Course 9,127,55,2.31,0.23,112,100.0,27,31,13,540,206,5,0.0,26.2,140,20.0,0.0,0.0,0.0,28.0,43.0,19.5,0.0,10.4,38,7922.0,12,1888,2978,3891,3891,41,294,484,363,509,197,140,422,528,67,706,140,0,0,0,0,0,0.798
Course 9,117,65,1.8,0.28,73,100.0,25,22,13,584,206,3,0.0,26.11,144,0.0,0.0,0.0,0.0,31.33333,28.0,25.17,0.0,9.06,34,3668.0,12,1934,3339,4299,4299,91,300,328,417,394,404,251,558,596,114,362,484,0,0,0,0,0,0.788
Course 9,80,32,2.5,0.16,118,100.0,13,29,13,486,211,4,0.0,26.25,101,0.0,0.0,0.0,0.0,39.0,24.0,27.0,0.0,10.79,26,4785.0,11,1063,2379,3954,3954,24,174,0,201,344,320,86,761,469,59,1414,102,0,0,0,0,0,0.753
Course 9,612,155,3.95,0.65,280,100.0,282,33,13,649,211,4,0.0,37.25,134,20.0,0.0,0.0,0.0,43.0,44.0,31.67,0.0,10.39,66,24011.0,14,4592,5914,7194,7200,37,690,1000,1155,1413,297,218,553,551,128,472,680,2,0,0,4,0,0.699
Course 9,108,37,2.92,0.19,79,100.0,10,15,13,328,211,4,0.0,31.5,116,20.0,0.0,0.0,0.0,33.0,48.0,22.67,0.0,10.33,26,3548.0,11,1255,1861,3146,3146,0,113,229,185,433,295,139,44,423,0,845,440,0,0,0,0,0,0.735
Course 9,88,54,1.63,0.27,67,100.0,5,21,12,491,181,3,0.0,32.11,74,0.0,0.0,0.0,0.0,29.33333,38.0,29.17,0.0,11.36,37,4357.0,12,1241,2420,3531,3531,23,320,374,163,201,160,113,598,468,52,510,549,0,0,0,0,0,0.79
Course 9,266,103,2.58,0.44,83,100.0,40,13,13,366,203,3,0.0,35.67,63,0.0,0.0,0.0,0.0,35.0,43.0,32.0,0.0,10.87,37,10620.0,12,1378,2404,3097,3097,0,122,241,203,534,278,126,795,105,103,6,584,0,0,0,0,0,0.776
Course 9,146,68,2.15,0.29,104,100.0,122,17,13,479,211,5,0.0,22.27,192,0.0,0.0,0.0,0.0,37.33333,31.0,20.08,0.0,8.54,35,7999.0,12,1216,3029,4835,4835,20,176,406,197,185,232,198,660,955,148,645,1013,0,0,0,0,0,0.808
Course 9,126,48,2.63,0.22,88,100.0,5,30,13,498,211,4,0.0,31.25,183,0.0,0.0,0.0,0.0,35.0,45.0,26.67,0.0,10.29,29,6673.0,12,1205,3171,5181,5181,18,80,37,221,638,211,98,1250,618,96,761,1153,0,0,0,0,0,0.795
Course 9,173,86,2.01,0.36,128,100.0,16,32,13,665,210,4,0.0,25.42,154,20.0,0.0,0.0,0.0,27.33333,33.0,19.56,0.0,10.12,33,7421.0,12,1490,3545,4989,4989,18,258,370,329,304,211,136,724,1195,131,59,1254,0,0,0,0,0,0.807
Course 9,183,75,2.44,0.33,97,100.0,46,34,13,592,211,4,0.0,31.33,109,20.0,0.0,0.0,0.0,34.0,43.0,24.11,0.0,10.2,36,8629.0,12,1692,3442,4875,4875,11,166,414,166,667,268,161,664,925,162,572,699,0,0,0,0,0,0.809
Course 9,192,101,1.9,0.42,55,100.0,20,22,13,530,211,4,0.0,27.33,107,20.0,0.0,0.0,0.0,33.0,33.0,22.11,0.0,10.27,36,6288.0,12,1593,3137,4838,4838,33,206,354,253,462,285,48,743,753,892,73,736,0,0,0,0,0,0.812
Course 9,120,65,1.85,0.28,40,100.0,5,21,13,498,211,5,0.0,28.93,164,20.0,0.0,0.0,0.0,42.33333,34.0,25.17,0.0,8.72,35,4965.0,12,1793,3265,4658,4658,37,350,168,374,413,451,278,372,822,76,1014,303,0,0,0,0,0,0.801
Course 9,98,52,1.88,0.24,48,100.0,54,17,13,360,211,4,0.0,32.5,74,20.0,0.0,0.0,0.0,33.0,44.0,25.33,0.0,8.84,24,2842.0,12,1128,1923,3116,3116,0,190,227,105,180,426,93,312,390,152,388,653,0,0,0,0,0,0.75
Course 9,186,93,2.0,0.4,90,100.0,8,25,13,543,211,4,0.0,30.67,111,20.0,0.0,0.0,0.0,35.0,44.0,22.89,0.0,9.74,37,5263.0,12,1398,3246,4578,4578,20,162,312,269,381,254,365,563,920,311,698,323,0,0,0,0,0,0.813
Course 9,62,38,1.63,0.16,57,100.0,20,17,12,341,208,4,0.0,29.5,83,20.0,0.0,0.0,0.0,34.0,33.0,25.0,0.0,9.84,28,3043.0,12,957,2004,2867,2867,23,169,142,184,237,202,164,261,622,89,413,361,0,0,0,0,0,0.751
Course 9,257,113,2.27,0.47,111,100.0,78,29,13,657,211,4,0.0,34.83,105,20.0,0.0,0.0,0.0,40.33333,40.0,29.78,0.0,8.77,32,5055.0,12,1628,2951,4564,4564,20,226,253,283,502,344,276,329,718,126,760,727,0,0,0,0,0,0.79
Course 9,95,47,2.02,0.2,59,100.0,36,29,13,364,211,4,0.0,30.25,88,20.0,0.0,0.0,0.0,31.0,47.0,21.33,0.0,7.14,25,3561.0,10,633,1245,2905,2905,0,0,209,2,360,62,187,214,211,283,31,1346,0,0,0,0,0,0.743
Course 9,61,43,1.42,0.18,13,100.0,1,20,13,394,202,3,0.0,30.44,69,0.0,0.0,0.0,0.0,31.66667,34.0,28.67,0.0,9.01,31,4753.0,12,1308,2122,3070,3070,17,230,371,280,228,182,47,490,277,326,516,106,0,0,0,0,0,0.759
Course 9,70,30,2.33,0.16,70,100.0,9,12,10,344,197,3,0.0,30.44,106,0.0,0.0,0.0,0.0,36.0,47.0,22.17,0.0,8.99,23,3321.0,11,793,2119,2792,2792,0,61,0,271,248,213,412,244,670,21,511,141,0,0,0,0,0,0.72
Course 9,159,79,2.01,0.34,136,100.0,101,35,13,811,209,5,0.0,31.2,179,20.0,0.0,0.0,0.0,39.66667,39.0,26.75,0.0,10.53,40,10483.0,12,1876,4672,6070,6073,58,430,266,250,558,314,339,1207,1250,204,849,345,3,0,0,0,0,0.831
Course 9,249,105,2.37,0.44,119,100.0,168,35,13,732,211,5,0.0,29.87,172,20.0,0.0,0.0,0.0,39.0,41.0,24.58,0.0,10.74,41,15315.0,12,1523,4022,6864,6864,65,0,407,427,367,257,410,1021,1068,559,988,1295,0,0,0,0,0,0.826
Course 9,68,32,2.13,0.15,33,100.0,13,14,13,326,210,3,0.0,36.11,97,0.0,0.0,0.0,0.0,39.0,43.0,32.67,0.0,9.81,23,2817.0,10,584,1668,2503,2503,0,0,0,244,209,131,339,178,567,26,357,452,0,0,0,0,0,0.755
Course 9,147,80,1.84,0.33,32,100.0,40,30,13,571,206,4,0.0,33.25,167,20.0,0.0,0.0,0.0,42.0,40.0,27.67,0.0,8.76,34,7229.0,11,2025,3163,4318,4318,40,406,367,405,560,247,380,291,467,79,536,540,0,0,0,0,0,0.786
Course 9,178,85,2.09,0.36,139,100.0,141,42,13,722,211,4,0.0,34.08,117,20.0,0.0,0.0,0.0,39.33333,41.0,28.44,0.0,8.79,34,7868.0,12,1536,3159,4763,4763,55,259,366,210,371,275,191,572,860,170,815,619,0,0,0,0,0,0.807
Course 9,194,115,1.69,0.49,108,100.0,169,27,13,549,211,4,0.0,34.75,65,20.0,0.0,0.0,0.0,35.0,50.0,26.33,0.0,10.81,48,8124.0,12,1223,2472,4620,4620,25,155,185,161,446,251,210,638,401,624,1220,304,0,0,0,0,0,0.825
Course 9,171,81,2.11,0.34,195,100.0,17,29,13,776,211,4,0.0,35.25,127,20.0,0.0,0.0,0.0,42.0,38.0,31.0,0.0,10.59,29,5545.0,11,2249,3819,5408,5414,51,296,865,242,366,429,276,242,1052,104,381,1104,6,0,0,0,0,0.789
Course 9,115,60,1.92,0.26,178,50.0,13,33,13,563,211,4,0.0,30.67,136,0.0,0.0,0.0,0.0,36.33333,30.0,30.89,0.0,9.56,35,5681.0,12,1452,2784,5111,5111,25,180,371,254,384,238,60,663,609,931,955,441,0,0,0,0,0,0.813
Course 9,207,103,2.01,0.44,183,100.0,96,35,13,701,211,4,0.0,27.33,224,20.0,0.0,0.0,0.0,30.66667,30.0,23.11,0.0,10.14,41,9739.0,13,1941,3495,4678,4678,37,595,502,397,323,87,271,390,893,96,649,438,0,0,0,0,0,0.665
Course 9,192,96,2.0,0.4,87,100.0,18,28,13,735,209,4,0.0,25.0,102,20.0,0.0,0.0,0.0,30.0,24.0,22.0,0.0,11.3,36,7186.0,12,1913,3920,5201,5201,15,435,165,375,705,218,499,826,682,181,909,191,0,0,0,0,0,0.819
Course 9,88,51,1.73,0.25,61,100.0,3,15,10,313,192,3,0.0,32.44,66,0.0,0.0,0.0,0.0,32.0,48.0,24.67,0.0,9.95,26,3202.0,12,608,1405,2431,2431,0,131,70,34,171,202,104,402,291,258,438,330,0,0,0,0,0,0.736
Course 9,135,71,1.9,0.31,67,100.0,10,22,13,432,192,4,0.0,27.83,103,0.0,0.0,0.0,0.0,42.0,32.0,26.44,0.0,8.91,28,2732.0,12,1439,3165,4331,4331,0,334,354,273,387,91,376,282,1068,94,906,166,0,0,0,0,0,0.793
Course 9,189,94,2.01,0.41,23,100.0,153,28,13,640,211,4,0.0,32.58,246,0.0,0.0,0.0,0.0,42.0,41.0,29.78,0.0,10.53,36,7939.0,13,1339,3288,6025,6029,27,245,438,139,212,278,195,816,938,459,956,1322,0,0,4,0,0,0.763
Course 9,237,106,2.24,0.44,74,100.0,95,26,13,691,211,4,0.0,30.33,128,20.0,0.0,0.0,0.0,38.33333,37.0,24.78,0.0,10.23,43,7304.0,12,1798,3613,5356,5356,37,246,374,299,558,284,179,647,989,355,270,1118,0,0,0,0,0,0.827
Course 9,217,113,1.92,0.48,92,100.0,18,33,13,533,211,4,0.0,23.08,121,0.0,0.0,0.0,0.0,34.33333,28.0,21.44,0.0,10.88,35,8934.0,13,1581,2435,4146,4147,42,237,290,164,717,131,291,531,32,23,1108,580,0,0,0,1,0,0.693
Course 9,94,63,1.49,0.27,56,100.0,19,15,12,463,208,4,0.0,30.75,115,20.0,0.0,0.0,0.0,34.0,41.0,24.0,0.0,8.18,32,3168.0,12,1427,2364,3404,3404,48,220,281,244,334,300,179,326,432,52,507,481,0,0,0,0,0,0.773
Course 9,66,34,1.94,0.17,83,100.0,8,20,13,276,194,5,0.0,22.67,149,0.0,0.0,0.0,0.0,40.0,48.0,16.33,0.0,9.96,27,2005.0,11,353,1183,2258,2258,33,123,22,42,115,18,544,154,132,0,501,574,0,0,0,0,0,0.697
Course 9,79,38,2.08,0.19,94,100.0,10,14,13,352,207,3,0.0,26.56,108,0.0,0.0,0.0,0.0,24.66667,31.0,24.33,0.0,10.12,33,3442.0,11,1223,2571,3979,3979,20,145,171,368,431,88,0,879,469,123,1092,193,0,0,0,0,0,0.765
Course 9,127,64,1.98,0.27,68,100.0,7,19,13,357,211,4,0.0,28.83,86,20.0,0.0,0.0,0.0,32.0,45.0,20.11,0.0,8.85,31,3121.0,13,624,1535,2786,2786,10,115,95,115,172,117,184,78,649,87,614,550,0,0,0,0,0,0.507
Course 9,173,100,1.73,0.43,132,100.0,105,23,13,688,211,3,0.0,35.67,87,0.0,0.0,0.0,0.0,39.0,35.0,36.0,0.0,9.75,41,4452.0,12,1802,3408,5328,5328,27,263,372,278,547,315,378,492,736,322,1048,550,0,0,0,0,0,0.825
Course 9,69,31,2.23,0.16,69,100.0,8,15,11,259,137,3,0.0,27.67,71,0.0,0.0,0.0,0.0,33.0,38.0,22.5,0.0,8.63,25,2276.0,10,645,1210,1744,1744,26,22,113,136,194,154,124,166,275,0,54,480,0,0,0,0,0,0.652
Course 9,206,95,2.17,0.4,124,100.0,32,24,13,677,211,5,0.0,24.67,240,20.0,0.0,0.0,0.0,31.33333,38.0,18.83,0.0,9.69,43,6323.0,13,1508,3663,5786,5786,18,203,308,423,354,202,225,967,963,591,941,591,0,0,0,0,0,0.661
Course 9,79,47,1.68,0.2,67,100.0,57,25,13,516,211,4,0.0,32.25,92,20.0,0.0,0.0,0.0,40.0,41.0,26.0,0.0,10.77,33,6825.0,12,884,2345,4382,4382,18,215,140,164,177,170,162,585,714,310,1204,523,0,0,0,0,0,0.795
Course 9,152,87,1.75,0.36,162,100.0,117,18,13,494,211,5,0.0,29.67,210,20.0,0.0,0.0,0.0,35.33333,42.0,24.08,0.0,8.94,41,7059.0,13,1175,2717,4305,4362,60,222,176,275,347,95,155,563,824,133,443,1012,35,0,22,0,0,0.754
Course 9,301,121,2.49,0.52,179,100.0,194,32,13,712,211,4,0.0,32.58,100,20.0,0.0,0.0,0.0,43.0,35.0,28.44,0.0,10.4,38,7667.0,12,1938,4292,6213,6265,0,237,520,306,576,299,319,549,1486,244,799,878,52,0,0,0,0,0.833
Course 9,361,110,3.28,0.46,421,100.0,61,72,13,1339,210,4,0.0,29.17,94,20.0,0.0,0.0,0.0,32.0,38.0,22.89,0.0,10.88,51,15313.0,12,3625,5848,8557,8557,148,942,1016,545,735,239,57,738,1428,1061,1161,487,0,0,0,0,0,0.872
Course 9,119,70,1.7,0.3,79,100.0,59,21,13,626,211,4,0.0,26.25,150,20.0,0.0,0.0,0.0,39.33333,26.0,23.0,0.0,9.7,33,4404.0,12,1461,4439,6560,6560,31,289,212,228,420,281,215,525,2238,124,1038,959,0,0,0,0,0,0.819
Course 9,163,69,2.36,0.3,124,100.0,16,25,13,445,211,5,0.0,27.47,166,20.0,0.0,0.0,0.0,43.33333,48.0,19.83,0.0,9.45,39,3532.0,14,1401,2889,4941,4941,8,216,441,177,130,429,455,514,519,428,1193,431,0,0,0,0,0,0.624
Course 9,115,62,1.85,0.26,78,100.0,51,23,13,361,211,5,0.0,27.27,150,20.0,0.0,0.0,0.0,40.0,34.0,23.08,0.0,11.03,30,4568.0,12,947,1469,2917,2917,40,117,286,238,208,58,11,119,392,62,1189,197,0,0,0,0,0,0.756
Course 9,217,111,1.95,0.47,44,100.0,99,28,13,502,210,3,0.0,38.56,137,0.0,0.0,0.0,0.0,41.0,42.0,36.83,0.0,8.29,44,10039.0,12,1117,2374,3907,3907,14,193,168,218,351,173,130,311,816,535,466,532,0,0,0,0,0,0.811
Course 9,243,132,1.84,0.55,85,100.0,147,24,13,725,211,4,0.0,27.5,110,20.0,0.0,0.0,0.0,29.0,37.0,21.0,0.0,10.41,47,8334.0,12,2009,3105,4902,4910,30,225,540,402,554,258,99,382,615,292,942,563,8,0,0,0,0,0.828
Course 9,173,62,2.79,0.26,121,100.0,86,24,13,489,209,5,0.0,26.53,177,0.0,0.0,0.0,0.0,40.66667,48.0,21.17,0.0,10.6,38,7125.0,12,1647,2608,4526,4526,16,224,443,190,546,228,151,252,558,705,800,413,0,0,0,0,0,0.811
Course 9,120,72,1.67,0.31,57,100.0,13,26,11,562,196,4,0.0,28.58,100,0.0,0.0,0.0,0.0,43.0,23.0,30.44,0.0,10.03,35,6214.0,12,1658,2637,3649,3649,0,380,261,361,453,203,217,422,340,79,805,128,0,0,0,0,0,0.788
Course 9,57,33,1.73,0.16,73,100.0,11,17,13,336,205,3,0.0,28.89,93,0.0,0.0,0.0,0.0,26.0,50.0,18.33,0.0,8.41,26,2768.0,10,947,1882,2556,2556,48,45,370,257,197,30,262,339,334,70,129,475,0,0,0,0,0,0.701
Course 9,67,38,1.76,0.16,91,100.0,11,19,13,345,211,3,0.0,30.11,122,0.0,0.0,0.0,0.0,34.0,46.0,22.17,0.0,8.52,29,3682.0,11,880,2150,3137,3137,23,15,347,176,230,89,409,398,463,306,390,291,0,0,0,0,0,0.741
Course 9,109,56,1.95,0.24,88,100.0,81,26,13,369,211,4,0.0,33.58,157,0.0,0.0,0.0,0.0,33.33333,47.0,29.11,0.0,9.72,31,4495.0,12,403,1541,3234,3234,20,71,102,38,124,48,46,112,980,61,1327,305,0,0,0,0,0,0.769
Course 9,343,108,3.18,0.45,72,100.0,19,28,13,580,211,4,0.0,34.0,81,20.0,0.0,0.0,0.0,39.0,47.0,26.33,0.0,10.19,35,5838.0,12,1883,2788,4315,4315,15,218,462,334,536,318,209,276,420,107,1176,244,0,0,0,0,0,0.8
Course 9,275,117,2.35,0.49,296,100.0,113,26,13,672,211,4,0.0,30.25,112,20.0,0.0,0.0,0.0,35.0,35.0,25.33,0.0,10.75,38,10153.0,12,1776,5247,8086,8102,42,269,305,317,378,465,321,722,2428,533,1184,1122,16,0,0,0,0,0.845
Course 9,110,39,2.82,0.17,203,100.0,10,27,13,370,211,4,0.0,28.33,91,20.0,0.0,0.0,0.0,28.0,45.0,19.44,0.0,9.28,31,3190.0,12,819,2073,3428,3428,0,160,112,141,288,118,65,494,695,128,982,245,0,0,0,0,0,0.782
Course 9,182,104,1.75,0.44,126,100.0,44,43,8,537,163,4,0.0,32.42,108,20.0,0.0,0.0,0.0,37.66667,35.0,28.22,0.0,10.5,33,8133.0,12,1434,3321,4332,4332,30,244,242,256,493,169,385,485,1017,360,400,251,0,0,0,0,0,0.793
Course 9,86,45,1.91,0.19,71,100.0,139,17,13,406,211,5,0.0,31.93,158,20.0,0.0,0.0,0.0,40.0,47.0,25.67,0.0,9.68,30,4147.0,11,1423,2901,4229,4229,34,227,261,230,368,303,231,467,780,0,1113,215,0,0,0,0,0,0.76
Course 9,192,91,2.11,0.39,39,100.0,14,44,13,896,211,4,0.0,34.67,133,20.0,0.0,0.0,0.0,38.0,44.0,28.22,0.0,8.34,41,9636.0,13,2195,4225,7136,7137,46,164,519,457,638,371,489,688,853,755,1561,595,0,1,0,0,0,0.815
Course 9,134,64,2.09,0.27,72,100.0,12,16,13,556,211,4,0.0,36.42,102,20.0,0.0,0.0,0.0,41.66667,45.0,30.22,0.0,10.56,29,5072.0,10,1220,2707,4384,4384,17,221,421,0,555,6,1,1175,311,40,862,775,0,0,0,0,0,0.748
Course 9,181,92,1.97,0.39,99,100.0,65,46,13,721,211,4,0.0,34.67,125,20.0,0.0,0.0,0.0,45.0,38.0,30.22,0.0,9.67,38,5895.0,12,2037,5172,8451,8451,28,391,384,440,423,371,422,949,1764,373,1440,1466,0,0,0,0,0,0.852
Course 9,102,58,1.76,0.25,76,100.0,10,24,13,505,211,4,0.0,32.08,99,20.0,0.0,0.0,0.0,39.0,47.0,23.78,0.0,8.31,33,5063.0,12,1564,2813,4149,4151,28,263,230,315,344,384,238,561,450,133,925,278,2,0,0,0,0,0.787
Course 9,285,105,2.71,0.44,124,100.0,149,41,13,652,211,4,0.0,36.75,90,20.0,0.0,0.0,0.0,44.0,41.0,32.0,0.0,10.08,43,11778.0,12,1774,3405,5127,5145,45,419,193,495,499,123,308,614,709,574,398,750,18,0,0,0,0,0.829
Course 9,280,105,2.67,0.45,139,100.0,78,33,13,736,211,4,0.0,28.08,132,20.0,0.0,0.0,0.0,41.0,30.0,24.11,0.0,10.75,39,10020.0,12,2088,3846,6849,6849,0,367,320,288,817,296,368,529,861,646,928,1429,0,0,0,0,0,0.845
Course 9,273,99,2.76,0.44,153,100.0,28,19,13,437,210,4,0.0,23.58,129,20.0,0.0,0.0,0.0,15.0,47.0,12.44,0.0,9.87,42,6962.0,12,1752,2848,4937,4937,21,215,328,299,561,328,175,369,552,352,1264,473,0,0,0,0,0,0.825
Course 9,68,38,1.79,0.19,60,100.0,17,16,12,324,202,4,0.0,29.0,128,0.0,0.0,0.0,0.0,28.33333,46.0,23.33,0.0,11.36,29,3427.0,12,641,1400,2544,2544,7,84,36,101,242,171,49,402,308,37,918,189,0,0,0,0,0,0.735
Course 9,94,42,2.24,0.18,98,100.0,9,16,12,228,130,5,0.0,28.2,128,20.0,0.0,0.0,0.0,32.33333,48.0,20.75,0.0,8.74,25,2669.0,11,319,947,2011,2011,35,0,26,0,103,155,129,226,273,47,637,380,0,0,0,0,0,0.667
Course 9,147,84,1.75,0.36,59,100.0,25,45,13,654,211,4,0.0,29.75,97,20.0,0.0,0.0,0.0,31.0,38.0,23.67,0.0,9.61,32,5773.0,12,1549,2739,3895,3895,19,201,297,248,486,298,125,428,637,266,399,491,0,0,0,0,0,0.793
Course 9,41,25,1.64,0.12,53,100.0,6,14,12,244,179,3,0.0,34.33,67,0.0,0.0,0.0,0.0,30.0,46.0,28.5,0.0,8.42,22,2068.0,12,230,622,1913,1913,36,21,125,27,5,16,0,161,231,156,115,1020,0,0,0,0,0,0.686
Course 9,169,71,2.38,0.3,120,100.0,13,22,13,415,211,4,0.0,27.17,180,0.0,0.0,0.0,0.0,26.66667,44.0,21.56,0.0,9.82,30,6174.0,12,1097,1979,5072,5072,24,187,0,97,637,152,409,64,409,68,1726,1299,0,0,0,0,0,0.797
Course 9,140,67,2.09,0.3,50,100.0,15,19,13,393,207,5,0.0,30.53,168,20.0,0.0,0.0,0.0,40.0,42.0,25.17,0.0,8.61,29,4942.0,11,941,1773,3078,3078,33,311,160,148,221,68,0,374,458,80,522,703,0,0,0,0,0,0.726
Course 9,72,33,2.18,0.42,121,100.0,134,31,12,574,200,4,0.0,30.58,126,20.0,0.0,0.0,0.0,33.0,37.0,25.11,0.0,9.82,31,5589.0,11,1227,3218,4582,4582,28,203,195,115,455,231,207,878,906,121,51,1192,0,0,0,0,0,0.786
Course 9,181,100,1.81,0.42,161,100.0,39,31,13,645,211,5,0.0,32.47,155,20.0,0.0,0.0,0.0,38.0,46.0,26.58,0.0,8.5,30,4045.0,11,1843,3498,5186,5186,11,282,417,309,492,332,170,652,833,348,1191,149,0,0,0,0,0,0.8
Course 9,282,103,2.74,0.43,99,100.0,40,30,13,511,211,4,0.0,26.5,104,20.0,0.0,0.0,0.0,36.0,29.0,22.33,0.0,8.96,40,11773.0,12,1243,2688,4612,4612,18,279,194,213,409,130,172,471,802,446,1035,443,0,0,0,0,0,0.81
Course 11,99,40,2.48,0.17,401,0.0,0,22,13,470,211,5,0.0,28.93,126,30.0,0.0,0.0,0.0,35.0,24.0,30.17,0.0,11.41,28,4254.0,11,1288,2140,3592,3592,0,622,497,94,9,66,0,596,256,0,324,1128,0,0,0,0,0,0.741
Course 11,108,59,1.83,0.27,60,0.0,21,29,12,452,189,4,0.0,36.0,126,0.0,0.0,0.0,0.0,34.0,50.0,31.33,0.0,9.78,28,3814.0,12,1268,2065,3306,3306,0,172,743,72,33,248,4,367,426,0,466,775,0,0,0,0,0,0.762
Course 11,74,39,1.9,0.17,112,0.0,3,14,11,222,184,4,0.0,24.17,119,0.0,0.0,0.0,0.0,34.0,20.0,25.56,0.0,10.31,15,1257.0,11,508,641,1716,1716,0,6,172,314,0,16,0,1,132,0,992,83,0,0,0,0,0,0.632
Course 11,145,69,2.1,0.3,86,0.0,40,27,13,452,210,4,0.0,36.83,128,0.0,0.0,0.0,0.0,45.0,26.0,40.44,0.0,10.43,25,5488.0,12,1538,2493,3669,3669,0,9,868,64,415,182,18,233,704,163,468,545,0,0,0,0,0,0.77
Course 11,128,72,1.78,0.31,117,0.0,47,22,13,511,204,5,0.0,34.2,139,30.0,0.0,0.0,0.0,35.0,44.0,31.75,0.0,9.5,40,6735.0,13,1235,2270,3285,3285,0,291,560,139,15,230,164,363,508,111,817,87,0,0,0,0,0,0.532
Course 11,80,41,1.95,0.18,39,0.0,10,14,13,250,201,5,0.0,26.4,124,30.0,0.0,0.0,0.0,25.0,37.0,23.75,0.0,12.2,18,2940.0,10,614,1138,2044,2044,0,232,97,0,220,65,7,152,365,0,871,35,0,0,0,0,0,0.663
Course 11,69,32,2.16,0.17,191,0.0,5,15,13,268,206,5,0.0,31.4,135,30.0,0.0,0.0,0.0,32.0,36.0,30.25,0.0,11.61,22,3901.0,9,755,1218,2896,2896,0,0,482,136,0,137,0,132,331,0,1206,472,0,0,0,0,0,0.709
Course 11,238,98,2.43,0.42,124,0.0,169,31,13,633,210,5,0.0,32.67,143,30.0,0.0,0.0,0.0,39.0,29.0,33.58,0.0,9.91,38,10263.0,12,2007,3465,4902,4902,0,327,696,371,175,438,256,204,998,107,612,718,0,0,0,0,0,0.825
Course 11,440,138,3.19,0.58,195,0.0,97,52,13,840,211,6,0.0,27.17,139,30.0,0.0,0.0,0.0,34.0,40.0,30.75,0.0,11.07,55,22100.0,13,2616,4776,6693,6698,0,380,1224,139,495,378,334,524,1302,86,1481,350,0,0,0,5,0,0.762
Course 11,254,98,2.59,0.42,163,0.0,53,35,13,799,211,5,0.0,35.47,193,30.0,0.0,0.0,0.0,42.0,44.0,33.33,0.0,10.9,30,10960.0,11,2421,4351,6069,6069,0,278,1197,65,482,399,292,354,1284,172,720,826,0,0,0,0,0,0.812
Course 11,243,102,2.38,0.43,68,0.0,35,15,13,469,207,5,0.0,30.53,126,16.66667,0.0,0.0,0.0,39.0,32.0,30.17,0.0,10.59,42,12631.0,12,2327,3263,4807,4807,0,416,945,294,445,227,110,232,594,144,1145,255,0,0,0,0,0,0.829
Course 11,367,116,3.16,0.49,121,0.0,61,30,12,603,202,5,0.0,31.27,178,30.0,0.0,0.0,0.0,32.0,36.0,30.08,0.0,10.96,40,11324.0,12,1505,3513,5599,5599,0,335,542,216,123,289,77,25,1906,1033,567,486,0,0,0,0,0,0.832
Course 11,385,125,3.08,0.53,218,0.0,91,27,13,710,211,5,0.0,38.07,194,30.0,0.0,0.0,0.0,45.0,37.0,38.33,0.0,9.82,43,11069.0,12,2646,5245,7232,7232,0,529,1169,271,200,477,598,392,1609,237,1134,616,0,0,0,0,0,0.852
Course 11,279,110,2.54,0.46,55,0.0,15,16,13,396,211,5,0.0,33.87,129,30.0,0.0,0.0,0.0,34.0,42.0,31.83,0.0,11.35,45,14870.0,11,1701,3075,4133,4133,0,328,733,196,92,352,141,391,842,0,676,382,0,0,0,0,0,0.795
Course 11,97,43,2.26,0.22,84,0.0,16,13,13,339,203,5,0.0,24.2,141,30.0,0.0,0.0,0.0,35.0,24.0,24.25,0.0,11.32,24,4550.0,12,1103,1694,2487,2487,0,317,428,16,183,159,0,95,496,0,209,584,0,0,0,0,0,0.717
Course 11,315,122,2.58,0.52,144,0.0,28,38,13,859,201,5,0.0,31.87,155,30.0,0.0,0.0,0.0,39.0,31.0,32.08,0.0,10.7,42,11554.0,12,3000,4598,5776,5776,0,276,992,508,685,539,350,408,840,46,940,192,0,0,0,0,0,0.842
Course 11,337,117,2.88,0.5,183,0.0,54,58,13,864,211,6,0.0,24.83,218,20.0,0.0,0.0,0.0,34.0,37.0,28.0,0.0,10.71,49,18656.0,12,3105,5545,7256,7256,0,328,1093,615,363,706,262,1098,1080,72,793,846,0,0,0,0,0,0.864
Course 11,98,42,2.33,0.19,81,0.0,5,25,13,497,209,4,0.0,32.08,110,0.0,0.0,0.0,0.0,34.0,32.0,32.11,0.0,10.82,25,3705.0,12,1152,2602,3944,3944,0,263,647,7,4,231,5,449,996,0,1014,328,0,0,0,0,0,0.771
Course 11,62,23,2.7,0.1,45,0.0,2,15,13,295,211,4,0.0,28.33,145,0.0,0.0,0.0,0.0,34.0,32.0,27.11,0.0,10.97,17,1749.0,11,890,1432,2274,2274,0,6,400,6,332,146,0,0,542,0,782,60,0,0,0,0,0,0.661
Course 11,120,63,1.9,0.31,53,0.0,28,34,12,515,181,4,0.0,29.75,96,0.0,0.0,0.0,0.0,30.0,37.0,27.33,0.0,11.78,31,5389.0,11,2138,2571,4757,4759,0,23,769,229,727,390,15,42,376,327,1793,66,0,0,2,0,0,0.753
Course 11,147,70,2.1,0.3,58,0.0,9,16,13,343,207,5,0.0,25.8,124,30.0,0.0,0.0,0.0,25.0,28.0,25.25,0.0,9.21,25,6059.0,12,1208,1798,2556,2556,0,112,615,214,211,56,0,207,383,4,243,511,0,0,0,0,0,0.725
Course 11,156,75,2.08,0.33,81,0.0,13,15,13,387,208,4,0.0,32.25,104,0.0,0.0,0.0,0.0,35.0,36.0,31.0,0.0,10.65,33,6848.0,12,1119,1930,2995,2995,0,597,263,80,0,179,98,78,635,99,571,395,0,0,0,0,0,0.754
Course 11,131,72,1.82,0.32,56,0.0,2,16,13,251,199,5,0.0,35.93,138,30.0,0.0,0.0,0.0,35.0,48.0,32.92,0.0,10.88,29,2951.0,11,910,1416,2152,2152,0,179,229,126,0,376,7,123,376,2,293,441,0,0,0,0,0,0.719
Course 11,104,56,1.86,0.24,48,0.0,1,17,13,319,204,4,0.0,31.75,106,0.0,0.0,0.0,0.0,39.0,40.0,29.0,0.0,12.09,18,2458.0,9,752,932,2291,2291,0,259,372,2,71,48,0,0,180,0,1284,75,0,0,0,0,0,0.654
Course 11,96,55,1.75,0.26,52,0.0,7,16,13,275,206,5,0.0,28.67,141,30.0,0.0,0.0,0.0,27.33333,36.0,26.83,0.0,11.64,25,3560.0,10,848,1273,2292,2292,0,256,183,0,296,113,0,65,360,0,974,45,0,0,0,0,0,0.677
Course 11,219,96,2.28,0.41,84,0.0,21,23,13,433,211,6,0.0,29.72,150,30.0,0.0,0.0,0.0,36.33333,43.0,33.83,0.0,12.74,33,8688.0,11,1477,2325,4111,4111,0,265,772,31,331,78,182,309,357,1,868,917,0,0,0,0,0,0.784
Course 11,142,73,1.95,0.31,63,0.0,9,16,13,320,207,5,0.0,38.47,126,30.0,0.0,0.0,0.0,40.0,48.0,36.08,0.0,10.41,26,5026.0,12,1245,2335,2975,2975,0,434,219,185,121,286,20,141,929,0,564,76,0,0,0,0,0,0.752
Course 11,157,82,1.91,0.35,77,0.0,36,19,13,724,207,5,0.0,35.8,107,30.0,0.0,0.0,0.0,39.0,47.0,33.0,0.0,11.64,33,6634.0,12,1789,3755,4886,4886,0,232,889,445,140,83,1,795,1170,0,828,303,0,0,0,0,0,0.809
Course 11,174,85,2.05,0.36,79,0.0,22,16,13,326,211,5,0.0,29.47,128,30.0,0.0,0.0,0.0,32.0,36.0,27.83,0.0,11.33,34,7466.0,11,1148,1893,3631,3631,0,316,447,137,226,22,44,223,478,18,342,1378,0,0,0,0,0,0.781
Course 11,244,104,2.35,0.44,196,0.0,26,38,13,1096,202,5,0.0,30.33,193,30.0,0.0,0.0,0.0,32.33333,28.0,30.92,0.0,12.35,46,14919.0,12,3985,6268,7504,7504,0,295,1546,1357,473,314,238,792,1253,0,1068,168,0,0,0,0,0,0.854
Course 11,305,115,2.65,0.49,195,0.0,62,26,13,574,211,5,0.0,38.53,177,30.0,0.0,0.0,0.0,41.66667,49.0,35.92,0.0,10.21,36,13619.0,12,2240,3213,4780,4780,0,606,910,41,174,509,11,481,481,100,1184,283,0,0,0,0,0,0.815
Course 11,171,82,2.09,0.38,84,0.0,62,19,13,331,202,5,0.0,35.4,140,30.0,0.0,0.0,0.0,38.0,44.0,33.25,0.0,12.36,39,9459.0,13,1215,2223,3447,3447,0,235,414,57,326,183,420,277,311,80,619,525,0,0,0,0,0,0.538
Course 11,269,101,2.66,0.43,97,0.0,30,21,13,420,209,5,0.0,41.47,113,30.0,0.0,0.0,0.0,45.0,50.0,39.33,0.0,9.95,36,8025.0,12,1560,2913,4003,4003,0,347,381,303,191,338,206,173,974,187,437,466,0,0,0,0,0,0.803
Course 11,161,85,1.89,0.37,83,0.0,55,17,13,440,207,5,0.0,33.07,126,30.0,0.0,0.0,0.0,40.0,32.0,33.33,0.0,10.79,31,8435.0,11,1871,3114,4086,4086,0,547,578,20,471,255,15,12,1216,65,793,114,0,0,0,0,0,0.785
Course 11,261,104,2.51,0.44,115,0.0,47,36,12,532,201,5,0.0,31.27,98,30.0,0.0,0.0,0.0,35.0,33.0,30.83,0.0,12.09,43,9617.0,13,1934,2950,4124,4126,0,371,902,491,89,81,303,216,497,600,402,172,2,0,0,0,0,0.562
Course 11,164,72,2.28,0.31,71,0.0,12,14,12,367,181,4,0.0,29.58,112,0.0,0.0,0.0,0.0,34.0,28.0,30.11,0.0,10.98,28,6265.0,12,1294,1920,2622,2622,0,264,453,138,0,439,32,28,566,26,298,378,0,0,0,0,0,0.743
Course 11,294,119,2.47,0.5,151,0.0,27,18,13,496,211,5,0.0,26.27,209,10.0,0.0,0.0,0.0,34.0,23.0,27.08,0.0,10.3,47,17207.0,12,1990,3859,5635,5635,0,378,859,200,117,436,117,271,1481,133,1101,542,0,0,0,0,0,0.849
Course 11,89,40,2.23,0.2,263,0.0,5,15,13,387,207,4,0.0,36.83,89,0.0,0.0,0.0,0.0,39.0,41.0,35.44,0.0,12.37,22,5162.0,9,1194,1807,3033,3033,0,268,562,73,149,142,6,163,444,0,1191,35,0,0,0,0,0,0.717
Course 11,125,60,2.08,0.25,73,0.0,13,14,13,301,207,5,0.0,27.87,115,20.0,0.0,0.0,0.0,28.0,37.0,25.58,0.0,12.29,29,6256.0,11,919,1606,2469,2469,0,288,331,41,147,112,29,226,432,48,409,406,0,0,0,0,0,0.736
Course 11,259,115,2.25,0.49,134,0.0,95,25,12,304,161,5,0.0,30.2,159,30.0,0.0,0.0,0.0,30.0,34.0,29.25,0.0,10.23,37,9451.0,12,1070,2127,3100,3100,0,46,625,92,46,261,66,126,865,183,440,350,0,0,0,0,0,0.792
Course 11,76,33,2.3,0.14,110,0.0,2,14,13,253,207,4,0.0,23.75,82,0.0,0.0,0.0,0.0,25.0,39.0,18.67,0.0,13.49,17,2950.0,11,559,796,1958,1958,0,14,489,52,0,4,0,3,234,0,999,163,0,0,0,0,0,0.657
Course 11,174,74,2.35,0.31,85,0.0,67,23,13,500,211,5,0.0,33.13,149,30.0,0.0,0.0,0.0,35.0,33.0,33.17,0.0,9.82,31,8480.0,12,1165,3441,5554,5554,0,212,494,40,226,193,239,104,1933,165,1283,665,0,0,0,0,0,0.811
Course 11,418,136,3.07,0.57,280,0.0,26,20,13,420,211,5,0.0,31.0,191,30.0,0.0,0.0,0.0,35.0,31.0,31.0,0.0,10.0,55,16960.0,13,1824,3308,4883,4888,0,295,705,181,266,377,202,338,944,188,895,492,0,0,5,0,0,0.756
Course 11,193,79,2.44,0.34,101,0.0,11,17,13,343,207,5,0.0,34.6,224,30.0,0.0,0.0,0.0,35.0,42.0,32.75,0.0,12.72,36,10285.0,12,1276,2650,4124,4124,0,215,395,262,174,230,287,179,908,1,820,653,0,0,0,0,0,0.795
Course 11,203,93,2.18,0.39,98,0.0,23,28,13,360,193,5,0.0,30.2,151,30.0,0.0,0.0,0.0,32.0,38.0,28.25,0.0,11.49,36,8436.0,12,1146,2162,3328,3328,0,383,354,84,271,54,58,200,758,1,755,410,0,0,0,0,0,0.787
Course 11,201,93,2.16,0.4,95,0.0,10,22,13,378,207,5,0.0,36.2,147,30.0,0.0,0.0,0.0,35.0,48.0,33.25,0.0,11.16,37,10514.0,11,1321,2443,3540,3540,0,211,527,173,257,153,91,235,796,103,915,79,0,0,0,0,0,0.785
Course 11,488,122,4.0,0.52,215,0.0,24,32,13,535,211,5,0.0,32.6,157,30.0,0.0,0.0,0.0,34.0,40.0,30.75,0.0,11.01,42,15133.0,12,1546,3778,6219,6219,0,264,661,105,312,204,279,634,1319,446,1116,879,0,0,0,0,0,0.838
Course 11,204,87,2.34,0.37,81,0.0,24,22,13,457,211,5,0.0,32.07,159,30.0,0.0,0.0,0.0,33.33333,38.0,30.58,0.0,10.97,36,9683.0,12,1570,2802,4471,4471,0,300,834,17,3,416,247,314,671,7,1338,324,0,0,0,0,0,0.806
Course 11,145,54,2.69,0.24,70,0.0,12,16,13,370,207,5,0.0,30.93,138,30.0,0.0,0.0,0.0,36.33333,43.0,27.92,0.0,10.71,26,3982.0,11,1262,2451,3160,3160,0,263,698,2,0,299,18,331,840,2,604,103,0,0,0,0,0,0.743
Course 11,226,101,2.24,0.43,122,0.0,36,21,13,442,207,4,0.0,30.67,118,0.0,0.0,0.0,0.0,37.0,28.0,31.56,0.0,11.54,42,10856.0,11,1774,2918,4378,4378,0,286,812,196,339,141,218,306,620,356,846,258,0,0,0,0,0,0.807
Course 11,109,53,2.06,0.26,55,0.0,16,14,13,342,207,4,0.0,31.08,139,0.0,0.0,0.0,0.0,35.0,32.0,30.78,0.0,12.37,25,3668.0,11,1048,2256,3242,3242,0,84,573,55,0,336,4,351,853,0,902,84,0,0,0,0,0,0.738
Course 11,216,88,2.45,0.37,101,0.0,53,25,13,528,207,4,0.0,27.83,153,0.0,0.0,0.0,0.0,32.33333,36.0,25.11,0.0,10.55,30,6726.0,12,2098,3379,4578,4578,0,480,711,297,403,207,39,379,863,0,799,400,0,0,0,0,0,0.796
Course 11,193,88,2.19,0.37,79,0.0,12,22,13,500,211,5,0.0,35.4,181,30.0,0.0,0.0,0.0,36.0,45.0,33.0,0.0,8.67,36,5460.0,12,1423,2290,4495,4495,0,184,427,13,168,631,244,225,398,0,804,1401,0,0,0,0,0,0.809
Course 11,199,91,2.19,0.39,135,0.0,90,30,13,542,211,5,0.0,33.73,226,30.0,0.0,0.0,0.0,42.33333,31.0,34.42,0.0,11.16,39,10439.0,12,978,3149,5680,5684,0,149,530,176,36,87,52,994,1125,9,1807,715,4,0,0,0,0,0.819
Course 11,258,112,2.3,0.47,95,0.0,32,26,13,585,207,5,0.0,39.73,146,30.0,0.0,0.0,0.0,45.0,45.0,38.42,0.0,13.19,38,9530.0,12,1630,3491,4643,4643,0,471,757,46,199,157,450,350,1061,3,747,402,0,0,0,0,0,0.816
Course 11,279,106,2.63,0.47,129,0.0,114,30,13,489,211,5,0.0,29.8,144,20.0,0.0,0.0,0.0,38.0,34.0,28.75,0.0,10.61,40,11980.0,12,1411,2830,5005,5015,0,187,590,152,141,341,71,317,1031,17,1491,667,0,0,10,0,0,0.755
Course 11,368,123,2.99,0.52,108,0.0,82,58,13,690,211,5,0.0,31.4,168,30.0,0.0,0.0,0.0,35.0,29.0,32.0,0.0,12.29,41,12670.0,12,2300,4106,6048,6054,0,310,1211,38,637,104,492,610,704,2,1154,786,0,0,6,0,0,0.766
Course 11,321,101,3.18,0.48,100,0.0,4,18,13,357,206,5,0.0,28.8,127,20.0,0.0,0.0,0.0,35.0,28.0,29.0,0.0,12.31,31,8777.0,9,620,1930,3157,3157,0,0,0,0,477,143,255,445,610,456,631,140,0,0,0,0,0,0.832
Course 11,150,69,2.17,0.29,109,0.0,47,40,13,923,211,5,0.0,30.6,149,30.0,0.0,0.0,0.0,35.0,32.0,30.25,0.0,10.04,35,10741.0,11,3233,4536,5928,5928,0,512,1287,259,102,1073,211,104,988,602,734,56,0,0,0,0,0,0.818
Course 11,237,76,3.12,0.32,206,0.0,5,23,13,424,211,5,0.0,31.67,154,30.0,0.0,0.0,0.0,30.0,41.0,29.33,0.0,10.95,46,14940.0,12,2055,3013,4830,4830,0,74,889,384,439,269,94,249,615,110,752,955,0,0,0,0,0,0.828
Course 11,41,19,2.16,0.1,36,0.0,2,10,10,179,172,4,0.0,32.75,153,0.0,0.0,0.0,0.0,35.0,40.0,30.33,0.0,10.2,13,1002.0,9,318,497,1373,1373,0,4,43,0,271,0,3,0,176,0,784,92,0,0,0,0,0,0.578
Course 11,291,109,2.67,0.46,147,0.0,17,48,12,797,185,5,0.0,32.67,142,30.0,0.0,0.0,0.0,45.0,38.0,31.33,0.0,12.32,43,11606.0,12,2288,4760,5741,5741,0,380,653,944,163,148,340,905,1227,120,410,451,0,0,0,0,0,0.847
Course 11,365,124,2.94,0.52,113,0.0,43,38,13,728,209,5,0.0,35.47,127,30.0,0.0,0.0,0.0,35.0,46.0,32.83,0.0,10.49,42,14792.0,12,1905,3762,5425,5425,0,366,999,164,264,112,227,752,878,342,799,522,0,0,0,0,0,0.838
Course 11,127,78,1.63,0.35,96,0.0,12,19,13,417,210,4,0.0,34.58,135,0.0,0.0,0.0,0.0,40.0,36.0,34.11,0.0,10.08,30,5707.0,11,1514,2640,3519,3818,0,251,717,0,302,244,96,284,746,92,467,320,299,0,0,0,0,0.767
Course 11,308,94,3.28,0.4,71,0.0,11,24,13,485,211,5,0.0,35.27,138,30.0,0.0,0.0,0.0,34.0,47.0,32.33,0.0,10.88,34,7098.0,13,1508,2427,4018,4018,0,233,842,146,266,21,253,18,648,2,991,598,0,0,0,0,0,0.634
Course 11,86,53,1.62,0.23,39,0.0,20,18,13,348,211,5,0.0,40.6,134,30.0,0.0,0.0,0.0,45.0,46.0,39.25,0.0,9.55,25,3718.0,11,1143,1561,2398,2398,0,220,570,84,0,269,66,88,264,62,102,673,0,0,0,0,0,0.716
Course 11,149,61,2.44,0.28,66,0.0,3,22,13,475,206,5,0.0,38.2,170,30.0,0.0,0.0,0.0,39.0,49.0,35.5,0.0,7.9,28,8058.0,11,1570,2459,3669,3669,0,171,642,256,241,260,81,180,628,0,926,284,0,0,0,0,0,0.763
Course 11,169,72,2.35,0.31,87,0.0,9,13,13,403,207,5,0.0,36.87,167,30.0,0.0,0.0,0.0,38.33333,50.0,33.58,0.0,12.13,31,5613.0,11,1117,2251,3209,3209,0,291,630,6,34,156,52,541,541,4,785,169,0,0,0,0,0,0.758
Course 11,200,96,2.08,0.41,117,0.0,33,28,13,520,209,6,0.0,27.22,165,30.0,0.0,0.0,0.0,35.0,37.0,31.58,0.0,9.2,35,10955.0,12,1419,3230,4477,4477,0,238,577,35,108,461,204,860,747,0,675,572,0,0,0,0,0,0.795
Course 11,380,142,2.68,0.6,235,0.0,53,42,13,969,209,5,0.0,34.0,197,30.0,0.0,0.0,0.0,35.0,36.0,33.5,0.0,9.74,55,19868.0,13,2820,4733,6368,6372,0,408,869,407,208,928,464,467,982,662,573,400,0,4,0,0,0,0.808
Course 11,104,61,1.7,0.26,27,0.0,5,17,13,371,208,5,0.0,33.47,161,30.0,0.0,0.0,0.0,31.66667,44.0,30.83,0.0,9.91,28,4243.0,12,1428,2026,3068,3068,0,223,659,35,287,224,0,137,461,57,739,246,0,0,0,0,0,0.747
Course 11,611,134,4.56,0.57,228,0.0,188,81,13,1074,211,5,0.0,28.2,134,10.0,0.0,0.0,0.0,35.0,32.0,27.25,0.0,11.94,55,21643.0,12,4244,7729,11307,11307,0,529,1064,1272,508,871,453,2024,1008,220,2471,887,0,0,0,0,0,0.898
Course 11,222,99,2.24,0.42,59,0.0,57,22,13,506,211,5,0.0,41.0,188,30.0,0.0,0.0,0.0,45.0,43.0,40.5,0.0,11.23,37,7513.0,12,1734,2659,4287,4287,0,213,589,96,403,433,26,278,621,0,1139,489,0,0,0,0,0,0.801
Course 11,219,83,2.64,0.35,71,0.0,118,19,13,336,204,5,0.0,36.4,147,30.0,0.0,0.0,0.0,40.0,44.0,34.5,0.0,8.73,26,5547.0,11,658,1702,2787,2787,0,122,389,9,46,92,1,530,513,0,135,950,0,0,0,0,0,0.728
Course 11,212,89,2.38,0.38,121,0.0,12,19,13,451,206,5,0.0,35.2,131,30.0,0.0,0.0,0.0,35.0,48.0,32.0,0.0,11.82,39,10297.0,11,1319,2596,4041,4041,0,130,667,222,95,205,316,254,707,112,1255,78,0,0,0,0,0,0.804
Course 11,350,113,3.1,0.48,196,0.0,5,41,13,662,211,4,0.0,40.83,198,0.0,0.0,0.0,0.0,44.0,49.0,38.11,0.0,10.59,39,12667.0,11,2344,4184,6543,6543,0,126,729,419,433,637,249,501,1090,451,1029,879,0,0,0,0,0,0.83
Course 11,277,103,2.69,0.44,166,0.0,87,20,13,449,211,5,0.0,34.2,188,30.0,0.0,0.0,0.0,35.0,39.0,33.0,0.0,11.81,34,10485.0,12,1873,3356,4352,4352,0,341,789,153,320,270,99,296,1088,0,676,320,0,0,0,0,0,0.801
Course 11,149,82,1.82,0.35,66,0.0,16,20,13,394,211,5,0.0,32.47,155,30.0,0.0,0.0,0.0,40.0,25.0,34.33,0.0,8.5,32,5110.0,12,1250,2558,3573,3573,0,327,349,126,117,331,251,84,973,229,147,639,0,0,0,0,0,0.782
Course 11,340,105,3.24,0.44,80,0.0,135,17,12,362,202,5,0.0,32.8,196,30.0,0.0,0.0,0.0,35.0,36.0,32.0,0.0,11.52,45,11140.0,12,1233,2605,3839,3840,0,112,482,399,186,54,360,124,888,355,706,173,0,0,0,1,0,0.693
Course 13,178,83,2.14,0.36,104,0.0,3,18,13,452,211,4,0.0,27.88,90,12.5,0.0,0.0,0.0,29.0,44.0,19.72,0.0,8.6,30,5869.0,12,1594,3506,4305,4305,0,268,338,89,584,315,428,123,1361,193,566,40,0,0,0,0,0,0.617
Course 13,249,98,2.54,0.42,88,0.0,57,29,13,624,211,4,0.0,33.75,111,30.0,0.0,0.0,0.0,35.0,39.0,25.33,0.0,7.95,37,7325.0,12,2708,3565,5199,5199,0,490,520,413,770,515,313,181,363,108,1180,346,0,0,0,0,0,0.822
Course 13,185,77,2.4,0.34,73,0.0,8,20,12,423,205,5,0.0,29.67,125,15.0,0.0,0.0,0.0,35.0,46.0,23.08,0.0,10.9,33,3752.0,11,1401,2441,3561,3561,0,323,327,259,359,133,346,6,688,45,373,702,0,0,0,0,0,0.792
Course 13,78,40,1.95,0.18,23,0.0,6,23,13,315,211,4,0.0,20.92,77,0.0,0.0,0.0,0.0,23.66667,43.0,13.56,0.0,13.8,18,4926.0,10,437,1357,2398,2398,0,188,0,29,220,0,702,11,207,214,308,519,0,0,0,0,0,0.676
Course 13,160,84,1.9,0.35,68,0.0,118,62,13,714,211,5,0.0,34.87,121,30.0,0.0,0.0,0.0,41.33333,44.0,27.58,0.0,10.28,38,9889.0,11,2281,4855,6306,6306,7,433,601,193,761,286,1095,381,1098,144,935,372,0,0,0,0,0,0.833
Course 13,213,104,2.05,0.44,153,0.0,93,38,13,797,211,5,0.0,26.4,116,10.0,0.0,0.0,0.0,35.0,41.0,21.08,0.0,9.46,47,9572.0,11,3285,4798,6320,6320,2,519,197,690,1072,805,739,162,612,140,1306,76,0,0,0,0,0,0.856
Course 13,236,106,2.23,0.45,113,0.0,57,33,13,792,211,5,0.0,35.6,162,30.0,0.0,0.0,0.0,35.0,47.0,27.75,0.0,10.26,37,8612.0,11,2559,4760,5971,5971,0,611,436,308,779,425,616,367,1218,239,571,401,0,0,0,0,0,0.844
Course 13,0,0,0.0,0.0,0,0.0,0,0,0,0,0,0,0.0,0.0,0,0.0,0.0,0.0,0.0,0.0,0.0,0.0,0.0,0.0,0,0.0,0,0,0,0,0,0,0,0,0,0,0,0,0,0,0,0,0,0,0,0,0,0,0.0
Course 13,137,69,1.99,0.29,92,0.0,61,29,13,944,211,6,0.0,23.78,154,10.0,0.0,0.0,0.0,32.0,44.0,23.0,0.0,9.19,33,5390.0,10,3883,6340,8088,8088,0,619,1053,586,890,735,660,239,1558,8,871,869,0,0,0,0,0,0.842
Course 13,125,64,1.95,0.29,159,0.0,21,19,13,583,211,5,0.0,26.4,221,10.0,0.0,0.0,0.0,29.0,48.0,19.33,0.0,10.12,35,4710.0,11,2524,4293,5279,5279,0,326,718,634,703,143,838,167,764,20,810,156,0,0,0,0,0,0.83
Course 13,145,75,1.93,0.33,81,0.0,18,30,13,629,211,5,0.0,27.6,136,0.0,0.0,0.0,0.0,33.0,47.0,22.75,0.0,9.85,34,6279.0,11,2290,4035,5874,5874,0,350,507,431,583,419,741,412,592,115,111,1613,0,0,0,0,0,0.837
Course 13,116,55,2.11,0.24,73,0.0,22,20,13,400,207,3,0.0,34.0,137,0.0,0.0,0.0,0.0,33.0,45.0,28.5,0.0,9.26,29,4319.0,11,1692,3079,4571,4571,0,281,254,127,516,514,400,0,987,52,704,736,0,0,0,0,0,0.791
Course 13,227,111,2.05,0.46,115,0.0,19,23,12,611,180,5,0.0,21.13,103,0.0,0.0,0.0,0.0,34.0,30.0,18.92,0.0,10.01,45,9532.0,11,1683,3822,5164,5164,6,418,338,167,548,206,849,366,924,244,841,257,0,0,0,0,0,0.841
Course 13,79,41,1.93,0.21,224,0.0,4,23,11,400,205,4,0.0,26.25,103,0.0,0.0,0.0,0.0,33.0,49.0,18.67,0.0,9.92,28,3116.0,10,1150,2001,2997,2997,0,276,383,62,217,212,229,444,178,0,883,113,0,0,0,0,0,0.738
Course 13,279,123,2.27,0.52,126,0.0,19,22,13,779,211,4,0.0,26.5,108,0.0,0.0,0.0,0.0,40.0,38.0,22.67,0.0,9.69,42,8381.0,12,3331,4220,5541,5541,11,1101,412,820,818,169,121,128,640,363,824,134,0,0,0,0,0,0.839
Course 13,96,52,1.85,0.22,69,0.0,5,20,13,385,211,5,0.0,32.6,138,20.0,0.0,0.0,0.0,33.0,48.0,25.42,0.0,9.97,29,4308.0,10,861,2568,3496,3496,0,284,58,264,203,52,517,568,622,0,230,698,0,0,0,0,0,0.746
Course 13,115,55,2.09,0.24,130,0.0,6,15,13,338,211,5,0.0,31.6,102,30.0,0.0,0.0,0.0,31.0,44.0,23.5,0.0,9.83,29,6217.0,11,1471,2605,3667,3667,0,185,314,44,702,226,201,290,643,212,662,188,0,0,0,0,0,0.795
Course 13,142,76,1.87,0.33,115,0.0,37,34,13,711,210,3,0.0,38.11,82,0.0,0.0,0.0,0.0,34.0,47.0,33.67,0.0,9.93,37,6877.0,12,2587,3345,4351,4351,10,296,749,424,632,476,195,116,447,82,673,251,0,0,0,0,0,0.805
Course 13,138,81,1.7,0.35,66,0.0,59,32,13,541,210,5,0.0,31.33,160,10.0,0.0,0.0,0.0,45.0,45.0,26.25,0.0,8.58,32,4126.0,11,1653,3331,4507,4507,0,364,276,250,546,217,338,233,1107,85,620,471,0,0,0,0,0,0.819
Course 13,150,86,1.74,0.37,67,0.0,19,16,13,310,210,5,0.0,20.0,91,0.0,0.0,0.0,0.0,35.0,47.0,17.67,0.0,8.09,32,3345.0,10,1128,1676,2413,2413,0,191,344,175,283,135,62,208,278,252,106,379,0,0,0,0,0,0.745
Course 13,110,46,2.39,0.21,68,0.0,5,18,13,384,211,5,0.0,21.33,124,0.0,0.0,0.0,0.0,25.0,50.0,14.17,0.0,9.78,29,3889.0,11,1085,2048,3100,3100,0,331,76,271,370,37,270,177,516,130,383,539,0,0,0,0,0,0.76
Course 13,185,96,1.93,0.41,19,0.0,66,24,13,506,210,3,0.0,36.67,52,0.0,0.0,0.0,0.0,35.0,41.0,34.5,0.0,11.51,33,7648.0,12,2054,3617,6316,6316,0,304,429,91,1112,118,864,70,629,605,2059,35,0,0,0,0,0,0.62
Course 13,65,35,1.86,0.15,194,0.0,2,15,13,279,208,3,0.0,35.0,56,0.0,0.0,0.0,0.0,33.0,46.0,29.5,0.0,7.45,23,2372.0,10,659,1290,2279,2279,0,150,42,290,152,25,523,1,107,0,60,929,0,0,0,0,0,0.693
Course 13,197,103,1.91,0.43,83,0.0,40,21,13,460,211,5,0.0,30.33,112,0.0,0.0,0.0,0.0,42.33333,47.0,26.17,0.0,10.0,37,5447.0,12,1429,2534,4319,4319,1,331,181,299,378,239,199,148,758,105,896,784,0,0,0,0,0,0.621
Course 13,225,79,2.85,0.34,475,0.0,32,18,13,425,211,5,0.0,28.4,113,10.0,0.0,0.0,0.0,33.0,45.0,22.58,0.0,10.41,45,10375.0,12,1546,3278,4287,4287,0,318,282,167,501,278,499,277,956,27,860,122,0,0,0,0,0,0.833
Course 13,311,111,2.8,0.47,167,0.0,150,28,13,612,211,4,0.0,38.25,111,30.0,0.0,0.0,0.0,39.0,49.0,28.0,0.0,9.62,44,8685.0,11,1626,3133,5507,5507,0,226,247,240,473,440,295,350,862,902,995,477,0,0,0,0,0,0.847
Course 13,289,120,2.41,0.5,107,0.0,70,25,13,757,211,5,0.0,26.87,104,0.0,0.0,0.0,0.0,35.0,43.0,22.83,0.0,9.34,35,9896.0,10,2208,3529,4729,4729,2,884,287,344,405,286,165,580,576,0,613,587,0,0,0,0,0,0.796
Course 13,132,75,1.76,0.33,70,0.0,9,21,12,497,191,5,0.0,29.27,126,20.0,0.0,0.0,0.0,34.0,49.0,21.0,0.0,10.27,30,4000.0,10,1555,2368,3106,3106,0,298,351,215,482,209,419,92,302,0,559,179,0,0,0,0,0,0.746
Course 13,175,85,2.06,0.36,118,0.0,63,38,13,598,211,5,0.0,27.67,122,10.0,0.0,0.0,0.0,40.0,39.0,23.17,0.0,8.91,32,6556.0,10,2328,4201,5847,5847,0,394,454,383,700,397,787,340,746,596,891,159,0,0,0,0,0,0.826
Course 13,134,47,2.85,0.21,87,0.0,2,16,13,308,211,5,0.0,35.2,91,30.0,0.0,0.0,0.0,35.0,49.0,26.75,0.0,9.9,23,2865.0,10,931,1703,2617,2617,1,169,44,296,157,264,561,65,146,0,130,784,0,0,0,0,0,0.708
Course 13,125,47,2.66,0.2,108,0.0,6,21,13,405,211,4,0.0,34.75,105,0.0,0.0,0.0,0.0,35.0,46.0,31.0,0.0,11.45,32,4205.0,10,1198,2534,3688,3688,0,451,125,115,322,185,1012,0,324,0,608,546,0,0,0,0,0,0.757
Course 13,431,140,3.08,0.59,308,0.0,46,70,13,1144,211,4,0.0,25.58,88,0.0,0.0,0.0,0.0,33.33333,44.0,19.44,0.0,8.89,48,13961.0,12,3328,5484,8807,8807,0,960,677,610,627,454,172,520,1464,1269,1620,434,0,0,0,0,0,0.876
Course 13,149,83,1.8,0.37,196,0.0,6,17,13,370,203,4,0.0,30.83,81,0.0,0.0,0.0,0.0,45.0,50.0,24.44,0.0,10.69,35,4499.0,11,800,2854,4202,4202,0,352,167,61,183,37,1029,213,812,251,951,146,0,0,0,0,0,0.809
Course 13,181,84,2.15,0.36,79,0.0,30,21,13,487,210,4,0.0,26.58,79,0.0,0.0,0.0,0.0,31.33333,44.0,20.78,0.0,7.73,31,5723.0,11,1893,2971,3796,3796,0,255,395,302,620,321,271,63,744,10,740,75,0,0,0,0,0,0.791
Course 13,84,40,2.1,0.17,81,0.0,35,17,13,412,211,4,0.0,36.08,75,30.0,0.0,0.0,0.0,35.0,49.0,25.11,0.0,9.05,26,3868.0,10,1027,2149,3117,3117,0,205,326,194,270,32,578,214,330,0,786,182,0,0,0,0,0,0.738
Course 13,108,52,2.08,0.24,99,0.0,5,23,13,401,208,4,0.0,18.0,81,0.0,0.0,0.0,0.0,20.0,50.0,7.33,0.0,9.72,30,2105.0,10,800,1442,3349,3349,0,168,261,129,195,47,456,7,179,0,26,1881,0,0,0,0,0,0.746
Course 13,172,67,2.57,0.29,131,0.0,18,19,13,415,211,6,0.0,28.67,145,30.0,0.0,0.0,0.0,35.0,45.0,26.75,0.0,9.44,35,10591.0,11,1460,3073,4085,4085,0,351,196,315,422,176,349,270,994,117,457,438,0,0,0,0,0,0.813
Course 13,138,60,2.3,0.25,81,0.0,19,15,13,375,211,5,0.0,32.6,90,20.0,0.0,0.0,0.0,35.0,50.0,24.92,0.0,9.34,32,4405.0,12,1413,2421,3844,3844,0,255,282,289,383,204,536,123,349,9,456,958,0,0,0,0,0,0.789
Course 13,160,83,1.93,0.35,91,0.0,17,15,13,354,211,5,0.0,29.8,123,10.0,0.0,0.0,0.0,43.0,47.0,23.83,0.0,9.5,33,7313.0,11,1229,2199,3117,3117,0,297,336,93,340,163,245,83,642,182,495,241,0,0,0,0,0,0.769
Course 13,164,63,2.6,0.27,159,0.0,2,27,13,470,211,4,0.0,32.0,99,10.0,0.0,0.0,0.0,35.0,49.0,24.11,0.0,9.84,39,6649.0,12,1440,2643,4054,4054,0,447,375,150,338,130,745,182,276,13,1162,236,0,0,0,0,0,0.817
Course 13,94,52,1.81,0.23,126,0.0,17,27,13,465,208,5,0.0,30.27,105,15.0,0.0,0.0,0.0,34.0,48.0,23.33,0.0,9.05,29,5230.0,10,1522,2731,3747,3747,0,295,543,173,325,186,378,183,648,1,126,889,0,0,0,0,0,0.779
Course 13,138,79,1.75,0.33,226,0.0,34,30,13,574,199,5,0.0,29.4,167,10.0,0.0,0.0,0.0,34.0,49.0,22.83,0.0,9.27,42,7093.0,12,1807,3271,4770,4770,0,726,327,152,307,295,424,186,854,165,410,924,0,0,0,0,0,0.832
Course 13,139,84,1.65,0.36,47,0.0,10,23,13,372,205,5,0.0,27.67,124,0.0,0.0,0.0,0.0,35.0,41.0,24.33,0.0,10.35,28,3391.0,11,1223,2763,4041,4041,0,310,217,211,275,210,687,167,686,88,433,757,0,0,0,0,0,0.783
Course 13,166,79,2.1,0.34,115,0.0,37,15,12,526,186,5,0.0,29.87,139,10.0,0.0,0.0,0.0,43.33333,47.0,23.92,0.0,8.79,29,3649.0,10,2207,3241,4345,4345,0,163,452,396,727,469,586,93,355,164,785,155,0,0,0,0,0,0.803
Course 13,108,55,1.96,0.24,96,0.0,59,35,13,633,211,4,0.0,32.33,158,20.0,0.0,0.0,0.0,40.0,41.0,25.0,0.0,9.88,28,5691.0,9,1711,3878,5079,5079,0,363,173,0,909,266,1017,246,904,0,95,1106,0,0,0,0,0,0.77
Course 13,43,23,1.87,0.12,42,0.0,1,18,13,337,205,5,0.0,25.8,110,0.0,0.0,0.0,0.0,35.0,49.0,20.0,0.0,7.73,20,1010.0,9,824,1243,2295,2295,0,118,355,171,147,33,308,0,111,0,177,875,0,0,0,0,0,0.672
Course 13,180,71,2.54,0.31,104,0.0,11,17,11,428,205,5,0.0,27.6,105,10.0,0.0,0.0,0.0,35.0,44.0,21.83,0.0,11.54,33,5785.0,11,1200,2761,3790,3790,0,219,288,254,263,176,637,6,918,43,331,655,0,0,0,0,0,0.788
Course 13,112,70,1.6,0.3,73,0.0,41,33,13,416,211,6,0.0,26.89,114,20.0,0.0,0.0,0.0,34.0,49.0,24.75,0.0,9.4,33,5148.0,11,1322,2481,3441,3441,0,224,385,152,283,278,548,206,405,95,464,401,0,0,0,0,0,0.79
Course 13,156,93,1.68,0.39,64,0.0,4,16,12,327,192,5,0.0,25.07,86,10.0,0.0,0.0,0.0,28.0,50.0,17.17,0.0,8.73,33,4306.0,11,1137,1709,2631,2631,1,317,166,213,232,208,119,240,213,335,426,161,0,0,0,0,0,0.758
Course 13,107,51,2.1,0.22,206,0.0,5,27,13,327,211,5,0.0,26.07,112,0.0,0.0,0.0,0.0,34.0,47.0,20.83,0.0,10.75,22,2111.0,10,786,1389,3085,3085,0,276,146,183,181,0,394,126,83,0,440,1256,0,0,0,0,0,0.703
Course 13,167,87,1.92,0.37,95,0.0,8,14,13,360,211,5,0.0,25.0,121,10.0,0.0,0.0,0.0,34.0,47.0,17.83,0.0,10.2,32,8198.0,10,1231,2063,3141,3141,0,230,386,159,425,31,167,284,381,205,298,575,0,0,0,0,0,0.764
Course 13,267,107,2.5,0.45,282,0.0,14,43,13,909,211,5,0.0,33.33,148,10.0,0.0,0.0,0.0,42.33333,46.0,28.5,0.0,9.97,35,9617.0,11,2213,4378,5774,5774,0,652,343,393,401,424,730,345,1090,54,1028,314,0,0,0,0,0,0.833
Course 13,130,57,2.28,0.24,88,0.0,3,16,13,349,210,4,0.0,24.25,64,0.0,0.0,0.0,0.0,27.0,49.0,16.0,0.0,9.7,28,1369.0,11,1171,1673,2645,2645,1,207,165,303,292,203,238,142,122,104,23,845,0,0,0,0,0,0.733
Course 13,135,69,1.96,0.29,88,0.0,53,10,8,528,178,5,0.0,34.0,118,30.0,0.0,0.0,0.0,39.0,49.0,25.25,0.0,8.59,32,4386.0,11,3055,3951,4824,4824,3,847,905,223,822,255,336,0,560,178,229,466,0,0,0,0,0,0.802
Course 13,205,82,2.5,0.36,115,0.0,25,26,13,442,211,5,0.0,32.27,108,20.0,0.0,0.0,0.0,35.0,41.0,26.75,0.0,10.05,44,8675.0,11,2023,3366,5026,5026,0,286,480,262,749,246,276,171,896,286,1032,342,0,0,0,0,0,0.84
Course 13,123,57,2.16,0.25,113,0.0,8,19,13,519,211,5,0.0,22.73,128,10.0,0.0,0.0,0.0,32.0,42.0,16.25,0.0,9.56,32,3737.0,10,2203,3731,5037,5037,3,397,329,395,560,519,583,246,699,0,812,494,0,0,0,0,0,0.791
Course 13,216,109,1.98,0.46,112,0.0,24,23,13,462,211,5,0.0,28.4,125,10.0,0.0,0.0,0.0,34.0,47.0,22.08,0.0,10.0,45,10762.0,11,1346,2388,3723,3723,4,468,403,103,253,115,202,302,538,198,1076,61,0,0,0,0,0,0.818
Course 13,182,95,1.92,0.4,311,0.0,25,17,13,461,211,5,0.0,30.2,155,10.0,0.0,0.0,0.0,35.0,47.0,24.33,0.0,11.2,44,7951.0,12,1437,3097,5148,5148,0,327,230,142,302,436,456,601,603,25,1371,655,0,0,0,0,0,0.843
Course 13,102,31,3.29,0.42,195,0.0,3,17,13,322,205,5,0.0,27.47,81,0.0,0.0,0.0,0.0,38.33333,47.0,22.58,0.0,9.26,30,5801.0,10,1235,2152,3069,3069,0,369,212,115,444,95,440,180,297,3,104,810,0,0,0,0,0,0.759
Course 13,81,32,2.53,0.15,64,0.0,0,19,12,394,204,5,0.0,27.8,105,10.0,0.0,0.0,0.0,33.0,48.0,21.08,0.0,12.35,23,4443.0,10,997,2404,3259,3259,0,112,273,0,173,439,783,117,507,12,121,722,0,0,0,0,0,0.731
Course 13,147,74,1.99,0.31,91,0.0,91,18,12,341,202,5,0.0,34.4,115,30.0,0.0,0.0,0.0,35.0,44.0,27.0,0.0,10.16,35,7800.0,11,919,2694,3614,3614,0,266,169,100,188,196,226,122,1427,62,489,369,0,0,0,0,0,0.803
Course 13,200,81,2.47,0.34,154,0.0,62,19,13,570,211,5,0.0,29.4,141,10.0,0.0,0.0,0.0,35.0,47.0,23.33,0.0,10.1,37,7788.0,11,2152,3886,5298,5298,0,447,456,434,674,141,649,113,972,59,1167,186,0,0,0,0,0,0.832
Course 13,225,97,2.32,0.41,77,0.0,4,13,11,412,209,5,0.0,30.0,106,10.0,0.0,0.0,0.0,38.33333,48.0,23.83,0.0,8.88,26,2984.0,10,1859,3056,4130,4130,0,334,234,188,678,425,600,211,386,351,187,536,0,0,0,0,0,0.773
Course 13,149,71,2.1,0.3,128,0.0,29,23,13,463,211,5,0.0,26.2,104,10.0,0.0,0.0,0.0,31.0,47.0,19.33,0.0,10.64,36,9627.0,10,1502,2572,3434,3434,0,394,313,102,490,203,312,234,524,0,826,36,0,0,0,0,0,0.764
Course 13,64,32,2.0,0.14,111,0.0,6,14,13,261,211,4,0.0,27.5,58,0.0,0.0,0.0,0.0,30.0,50.0,20.0,0.0,9.76,21,1720.0,10,103,524,1859,1859,0,23,50,4,25,1,338,1,82,86,181,1068,0,0,0,0,0,0.685
Course 13,65,33,1.97,0.14,66,0.0,0,12,10,327,191,4,0.0,34.25,94,0.0,0.0,0.0,0.0,34.0,46.0,30.33,0.0,10.85,21,3722.0,10,871,1531,2445,2445,0,71,278,175,259,88,466,4,190,0,361,553,0,0,0,0,0,0.698
Course 13,111,41,2.71,0.18,110,0.0,8,13,13,292,207,4,0.0,30.75,120,0.0,0.0,0.0,0.0,30.0,47.0,25.33,0.0,11.72,24,3969.0,10,579,1480,2858,2858,0,248,189,66,62,14,470,73,358,0,618,760,0,0,0,0,0,0.712
Course 13,221,92,2.4,0.39,100,0.0,2,27,12,481,207,5,0.0,24.4,79,0.0,0.0,0.0,0.0,34.0,44.0,19.5,0.0,9.4,32,3925.0,10,1499,2464,3675,3675,0,283,0,371,534,311,315,203,447,127,310,774,0,0,0,0,0,0.779
Course 13,266,77,3.45,0.34,187,0.0,15,22,13,332,211,5,0.0,34.2,122,20.0,0.0,0.0,0.0,39.0,47.0,27.67,0.0,9.9,37,6227.0,11,1140,2131,3075,3075,0,311,245,111,220,253,389,87,515,104,661,179,0,0,0,0,0,0.793
Course 13,128,68,1.88,0.29,67,0.0,4,20,13,380,211,4,0.0,27.75,122,10.0,0.0,0.0,0.0,35.0,48.0,18.78,0.0,10.79,35,5102.0,11,1264,2143,2855,2855,0,302,214,173,440,135,214,313,352,139,541,32,0,0,0,0,0,0.573
Course 13,188,88,2.14,0.38,133,0.0,2,18,13,408,211,5,0.0,30.63,179,22.5,0.0,0.0,0.0,29.66667,47.0,22.79,0.0,10.33,36,8046.0,10,1509,2535,3804,3804,0,399,233,176,423,278,315,152,559,63,1164,42,0,0,0,0,0,0.794
Course 13,98,48,2.04,0.22,150,0.0,2,15,13,384,200,5,0.0,20.4,147,0.0,0.0,0.0,0.0,31.0,36.0,16.5,0.0,9.65,31,3097.0,11,1339,2242,3259,3259,0,297,333,163,349,197,593,34,276,200,267,550,0,0,0,0,0,0.774
Course 13,286,120,2.38,0.5,102,0.0,98,39,12,718,191,5,0.0,32.73,127,30.0,0.0,0.0,0.0,39.66667,41.0,25.67,0.0,9.07,41,7106.0,11,2117,3996,5691,5691,0,411,380,485,530,311,924,292,663,407,1070,218,0,0,0,0,0,0.849
Course 13,263,104,2.53,0.44,80,0.0,48,47,12,484,181,5,0.0,32.93,104,30.0,0.0,0.0,0.0,35.0,48.0,24.17,0.0,8.58,33,5025.0,11,1575,2978,3649,3649,0,236,318,305,419,297,637,321,445,79,447,145,0,0,0,0,0,0.802
Course 13,87,42,2.07,0.19,77,0.0,6,3,3,253,138,5,0.0,31.93,123,30.0,0.0,0.0,0.0,32.0,46.0,23.42,0.0,8.41,26,2981.0,11,983,2067,2434,2434,0,279,268,6,206,224,822,95,167,31,113,223,0,0,0,0,0,0.728
Course 13,227,92,2.47,0.39,161,0.0,10,27,13,647,204,5,0.0,26.0,103,0.0,0.0,0.0,0.0,34.0,44.0,21.5,0.0,9.4,35,7108.0,11,1439,3713,4662,4662,0,347,242,274,457,119,592,515,1167,95,142,712,0,0,0,0,0,0.808
Course 13,240,102,2.35,0.43,491,0.0,10,26,13,535,211,5,0.0,32.8,192,20.0,0.0,0.0,0.0,40.0,46.0,26.17,0.0,10.04,43,11155.0,11,1740,4133,5648,5648,3,363,415,206,98,655,821,744,828,307,1096,112,0,0,0,0,0,0.85
Course 13,134,75,1.79,0.31,67,0.0,7,17,13,425,211,5,0.0,28.8,78,0.0,0.0,0.0,0.0,34.0,47.0,24.25,0.0,8.72,33,5040.0,12,1397,1892,3075,3082,2,359,141,195,414,286,115,131,249,127,773,283,0,7,0,0,0,0.711
Course 13,171,96,1.78,0.41,84,0.0,40,28,13,639,211,5,0.0,31.27,96,10.0,0.0,0.0,0.0,38.0,45.0,26.17,0.0,10.17,38,7500.0,11,1961,4460,5854,5854,0,488,346,99,643,385,760,303,1436,389,774,231,0,0,0,0,0,0.844
Course 13,238,83,2.87,0.35,211,0.0,54,48,9,763,187,5,0.0,19.4,114,0.0,0.0,0.0,0.0,25.0,48.0,16.33,0.0,10.24,52,18878.0,11,1897,3854,5876,5876,0,524,294,264,468,347,616,332,1009,748,874,400,0,0,0,0,0,0.869
Course 15,176,99,1.78,0.42,34,0.0,73,18,13,320,211,5,0.0,24.4,182,0.0,0.0,0.0,0.0,25.0,49.0,16.33,0.0,11.66,43,8848.0,12,1257,2617,4068,4068,0,221,69,143,365,459,313,488,559,20,1221,210,0,0,0,0,0,0.828
Course 15,49,31,1.58,0.14,28,0.0,5,11,10,195,171,3,0.0,35.0,40,0.0,0.0,0.0,0.0,30.0,46.0,29.5,0.0,7.49,20,870.0,11,152,1013,1323,1323,0,22,34,33,7,56,11,774,76,0,39,271,0,0,0,0,0,0.63
Course 15,142,85,1.67,0.36,90,0.0,2,20,13,405,207,5,0.0,31.47,220,30.0,0.0,0.0,0.0,34.0,46.0,32.0,0.0,9.68,29,4249.0,12,1190,2306,3109,3109,0,106,175,264,224,421,242,319,555,38,647,118,0,0,0,0,0,0.768
Course 15,65,42,1.55,0.2,41,0.0,11,16,13,320,198,3,0.0,37.0,54,0.0,0.0,0.0,0.0,34.0,49.0,31.0,0.0,12.56,25,1742.0,11,1164,1717,2284,2284,0,131,368,29,111,525,142,9,402,0,516,51,0,0,0,0,0,0.713
Course 15,143,76,1.88,0.32,28,0.0,11,37,13,450,203,4,0.0,33.83,122,0.0,0.0,0.0,0.0,33.0,48.0,32.67,0.0,10.73,31,7807.0,11,1100,2428,3333,3333,0,215,150,132,265,338,329,180,819,126,739,40,0,0,0,0,0,0.768
Course 15,203,98,2.07,0.42,180,0.0,154,13,13,453,211,4,0.0,38.75,102,30.0,0.0,0.0,0.0,42.0,49.0,35.33,0.0,10.52,34,7020.0,12,1447,3055,4324,4324,0,374,171,272,364,266,334,444,830,14,1027,228,0,0,0,0,0,0.808
Course 15,114,61,1.87,0.26,52,0.0,19,19,9,372,163,5,0.0,32.8,153,30.0,0.0,0.0,0.0,34.0,46.0,32.33,0.0,8.56,26,2572.0,11,1669,2321,2911,2911,0,304,294,330,231,510,209,88,355,0,253,337,0,0,0,0,0,0.736
Course 15,91,64,1.42,0.27,45,0.0,58,18,13,418,208,3,0.0,34.0,54,0.0,0.0,0.0,0.0,30.0,45.0,28.5,0.0,8.73,28,4050.0,12,1504,2128,3227,3227,0,253,364,142,234,511,227,70,327,203,468,428,0,0,0,0,0,0.767
Course 15,166,84,1.98,0.36,216,0.0,194,30,13,575,211,5,0.0,29.6,118,30.0,0.0,0.0,0.0,31.0,43.0,30.33,0.0,9.09,35,5768.0,12,1814,3658,5171,5171,0,334,302,370,268,540,444,367,1033,105,928,480,0,0,0,0,0,0.828
Course 15,101,67,1.51,0.28,43,0.0,5,15,12,269,170,4,0.0,29.92,98,0.0,0.0,0.0,0.0,35.0,46.0,31.0,0.0,10.04,28,2966.0,12,732,1435,2070,2070,0,247,109,25,111,240,117,108,478,1,238,396,0,0,0,0,0,0.719
Course 15,166,91,1.82,0.39,113,0.0,39,22,13,479,206,4,0.0,30.42,120,0.0,0.0,0.0,0.0,31.0,45.0,30.0,0.0,11.88,36,7147.0,12,1434,2794,4142,4142,0,405,215,243,151,420,353,491,516,3,1278,67,0,0,0,0,0,0.803
Course 15,105,49,2.14,0.21,57,0.0,5,18,13,340,211,4,0.0,28.25,67,0.0,0.0,0.0,0.0,35.0,45.0,22.67,0.0,9.99,27,3623.0,12,1370,2316,3009,3009,0,284,221,145,132,588,104,143,699,0,663,30,0,0,0,0,0,0.734
Course 15,280,115,2.43,0.49,175,0.0,256,30,13,534,211,4,0.0,39.5,94,30.0,0.0,0.0,0.0,45.0,48.0,36.67,0.0,10.9,40,11351.0,12,1693,3226,4837,4841,0,312,150,429,379,423,285,341,907,526,923,162,4,0,0,0,0,0.829
Course 15,152,80,1.9,0.34,86,0.0,156,44,13,623,211,4,0.0,34.92,76,30.0,0.0,0.0,0.0,40.0,41.0,32.89,0.0,9.35,39,11808.0,12,2375,4346,5782,5782,0,634,168,161,269,1143,604,656,711,485,548,403,0,0,0,0,0,0.843
Course 15,160,92,1.74,0.39,83,0.0,74,35,12,621,210,3,0.0,42.0,79,0.0,0.0,0.0,0.0,44.0,47.0,39.5,0.0,9.78,37,5219.0,12,1495,2816,4217,4217,0,322,124,249,219,581,280,189,852,48,1036,317,0,0,0,0,0,0.814
Course 15,137,72,1.9,0.31,117,0.0,6,10,7,330,160,4,0.0,32.0,109,20.0,0.0,0.0,0.0,34.0,45.0,27.67,0.0,10.42,25,4331.0,12,1238,2537,3054,3054,0,272,46,219,228,473,483,378,438,0,170,347,0,0,0,0,0,0.739
Course 15,98,49,2.0,0.21,72,0.0,10,14,13,255,200,4,0.0,34.25,70,0.0,0.0,0.0,0.0,34.0,49.0,31.5,0.0,11.29,25,2369.0,12,835,1342,2165,2165,0,195,108,119,92,321,199,200,108,0,658,165,0,0,0,0,0,0.718
Course 15,241,97,2.48,0.41,55,0.0,88,17,13,747,211,4,0.0,35.58,104,30.0,0.0,0.0,0.0,40.0,45.0,32.44,0.0,11.03,38,12397.0,13,2812,4053,4926,4939,0,475,266,291,394,1386,333,274,634,4,785,84,7,6,0,0,0,0.803
Course 15,207,94,2.2,0.4,225,0.0,17,21,13,390,209,5,0.0,34.0,160,30.0,0.0,0.0,0.0,35.0,43.0,32.67,0.0,11.32,37,8121.0,12,2190,3383,4926,4926,0,436,197,199,408,950,350,266,577,39,1233,271,0,0,0,0,0,0.827
Course 15,219,95,2.31,0.41,92,0.0,48,21,13,574,211,5,0.0,33.27,115,30.0,0.0,0.0,0.0,42.33333,49.0,37.44,0.0,11.33,35,11521.0,12,1855,3578,4727,4727,0,456,212,345,573,269,320,194,1209,21,1090,38,0,0,0,0,0,0.813
Course 15,163,87,1.87,0.37,81,0.0,44,28,13,618,211,5,0.0,32.4,110,30.0,0.0,0.0,0.0,35.0,47.0,33.0,0.0,10.25,36,7300.0,12,2091,3404,4588,4588,0,477,297,286,447,584,377,367,569,13,1097,74,0,0,0,0,0,0.815
Course 15,114,77,1.48,0.33,41,0.0,30,20,13,489,211,4,0.0,36.08,82,30.0,0.0,0.0,0.0,40.33333,39.0,35.11,0.0,9.23,32,4503.0,12,1355,2634,3263,3263,0,283,392,165,237,278,269,475,535,6,65,558,0,0,0,0,0,0.779
Course 15,119,54,2.2,0.23,136,0.0,8,14,13,250,204,4,0.0,35.5,77,30.0,0.0,0.0,0.0,34.0,46.0,32.0,0.0,7.9,24,1915.0,11,401,917,1527,1527,0,157,76,6,38,124,225,53,238,3,570,37,0,0,0,0,0,0.666
Course 15,142,76,1.87,0.32,41,0.0,8,24,13,405,211,5,0.0,28.6,113,10.0,0.0,0.0,0.0,35.0,49.0,26.0,0.0,10.35,29,4762.0,12,1059,2152,3193,3193,0,243,144,165,162,345,102,144,847,69,844,128,0,0,0,0,0,0.771
Course 15,126,75,1.68,0.32,68,0.0,14,16,13,323,211,3,0.0,34.78,58,0.0,0.0,0.0,0.0,35.0,42.0,31.17,0.0,9.12,32,5411.0,12,776,1798,2936,2936,0,155,64,105,206,246,89,542,391,67,683,388,0,0,0,0,0,0.782
Course 15,66,39,1.69,0.17,52,0.0,15,15,13,286,198,4,0.0,33.92,56,30.0,0.0,0.0,0.0,30.33333,49.0,28.89,0.0,9.89,25,2009.0,12,503,1122,1870,1870,0,156,181,107,18,41,305,95,219,0,721,27,0,0,0,0,0,0.692
Course 15,180,86,2.09,0.36,83,0.0,12,14,13,352,198,5,0.0,22.2,91,0.0,0.0,0.0,0.0,25.0,46.0,15.67,0.0,11.74,38,7493.0,12,954,1768,2829,2829,0,476,88,211,20,159,425,27,362,108,904,49,0,0,0,0,0,0.777
Course 15,85,54,1.57,0.23,49,0.0,27,16,13,327,211,3,0.0,31.44,54,0.0,0.0,0.0,0.0,25.0,46.0,24.17,0.0,10.48,26,2256.0,12,980,1584,2449,2449,0,284,221,3,92,380,172,339,93,0,830,35,0,0,0,0,0,0.719
Course 15,181,74,2.45,0.32,99,0.0,86,20,13,546,211,4,0.0,35.5,66,30.0,0.0,0.0,0.0,35.0,50.0,30.67,0.0,10.3,34,6537.0,12,1910,2865,3663,3663,0,405,295,324,226,660,269,166,520,0,714,84,0,0,0,0,0,0.784
Course 15,167,81,2.06,0.34,42,0.0,103,14,13,428,209,4,0.0,34.5,68,30.0,0.0,0.0,0.0,35.0,48.0,30.0,0.0,10.69,34,10174.0,12,1913,2935,3725,3725,0,447,192,257,106,911,254,192,576,4,476,310,0,0,0,0,0,0.79
Course 15,151,81,1.86,0.34,73,0.0,41,22,13,556,211,5,0.0,33.87,122,20.0,0.0,0.0,0.0,37.33333,45.0,31.44,0.0,8.76,32,4046.0,12,1925,3276,4408,4408,0,388,429,176,304,628,330,234,787,0,1044,88,0,0,0,0,0,0.796
Course 15,212,101,2.1,0.43,162,0.0,100,36,13,590,210,5,0.0,30.47,142,30.0,0.0,0.0,0.0,35.0,35.0,32.78,0.0,9.76,37,7805.0,12,1953,3824,6074,6074,0,552,312,266,132,691,228,903,740,190,1739,321,0,0,0,0,0,0.84
Course 15,103,68,1.51,0.29,54,0.0,19,16,13,352,210,3,0.0,32.33,40,0.0,0.0,0.0,0.0,25.0,47.0,25.0,0.0,10.31,28,2648.0,12,906,1978,2628,2628,0,346,163,177,148,72,309,503,260,0,585,65,0,0,0,0,0,0.732
Course 15,158,75,2.11,0.32,61,0.0,8,17,13,335,211,5,0.0,29.0,82,30.0,0.0,0.0,0.0,25.0,47.0,26.67,0.0,11.49,34,8713.0,12,900,2137,3326,3326,0,314,83,204,177,122,410,500,327,2,1158,29,0,0,0,0,0,0.787
Course 15,142,80,1.78,0.34,77,0.0,99,15,12,285,203,5,0.0,33.6,106,30.0,0.0,0.0,0.0,35.0,46.0,33.33,0.0,10.17,29,4498.0,12,843,2153,3107,3107,0,231,43,103,72,394,171,179,960,0,808,146,0,0,0,0,0,0.769
Course 15,112,74,1.51,0.32,61,0.0,3,18,13,340,209,4,0.0,33.33,75,0.0,0.0,0.0,0.0,34.0,46.0,32.67,0.0,10.16,33,4268.0,12,481,1437,2188,2188,0,223,93,40,13,112,178,593,185,32,147,572,0,0,0,0,0,0.751
Course 15,128,59,2.17,0.25,43,0.0,17,20,13,420,211,5,0.0,36.47,246,30.0,0.0,0.0,0.0,38.0,48.0,34.0,0.0,12.25,20,3479.0,10,1280,2394,3493,3493,0,164,0,315,86,715,186,172,756,0,1063,36,0,0,0,0,0,0.719
Course 15,215,80,2.69,0.34,120,0.0,23,18,13,574,210,4,0.0,32.0,116,30.0,0.0,0.0,0.0,27.0,44.0,28.0,0.0,9.0,36,4923.0,12,2408,3973,5131,5131,0,708,226,359,502,613,526,373,666,0,893,265,0,0,0,0,0,0.805
Course 15,144,58,2.48,0.25,189,0.0,93,26,13,403,209,3,0.0,43.67,124,0.0,0.0,0.0,0.0,45.0,42.0,44.5,0.0,9.74,29,4633.0,11,1326,2353,3575,3575,0,147,303,93,167,616,287,223,517,2,1034,186,0,0,0,0,0,0.768
Course 15,142,82,1.73,0.35,83,0.0,31,26,12,481,204,5,0.0,32.47,131,30.0,0.0,0.0,0.0,37.33333,48.0,34.11,0.0,10.6,37,8382.0,12,1317,3079,4132,4132,0,248,153,334,256,326,520,472,770,32,948,73,0,0,0,0,0,0.813
Course 15,181,83,2.18,0.35,80,0.0,51,15,13,411,211,5,0.0,30.2,125,30.0,0.0,0.0,0.0,34.0,43.0,31.0,0.0,9.19,32,5454.0,13,1271,2471,3475,3476,0,328,296,219,187,241,293,298,609,0,575,429,0,0,1,0,0,0.684
Course 15,257,109,2.36,0.47,175,0.0,43,27,13,665,211,5,0.0,31.6,176,30.0,0.0,0.0,0.0,35.0,48.0,33.0,0.0,9.53,45,12368.0,12,2167,3938,5862,5862,0,332,434,551,345,505,451,511,809,50,1628,246,0,0,0,0,0,0.846
Course 15,114,70,1.63,0.3,45,0.0,11,22,11,340,203,5,0.0,33.67,122,30.0,0.0,0.0,0.0,35.0,48.0,32.33,0.0,10.41,30,3626.0,12,1302,1794,3153,3153,0,384,75,112,176,555,27,158,307,14,823,522,0,0,0,0,0,0.778
Course 15,202,83,2.43,0.35,134,0.0,134,32,13,537,209,4,0.0,32.0,95,0.0,0.0,0.0,0.0,35.0,48.0,34.5,0.0,11.43,36,12745.0,12,2554,4963,6938,6938,0,373,333,304,607,937,503,699,1207,447,1369,159,0,0,0,0,0,0.843
Course 15,200,103,1.94,0.44,101,0.0,76,37,13,648,209,4,0.0,31.08,84,30.0,0.0,0.0,0.0,30.0,39.0,28.44,0.0,9.94,45,8185.0,14,1638,3098,4428,4450,0,320,202,230,268,618,388,295,777,267,807,256,0,0,22,0,0,0.727
Course 15,161,75,2.15,0.32,103,0.0,67,14,13,349,211,5,0.0,29.27,128,30.0,0.0,0.0,0.0,26.33333,45.0,27.44,0.0,12.91,32,6217.0,12,1186,2426,3423,3423,0,473,98,41,439,135,476,51,713,10,954,33,0,0,0,0,0,0.774
Course 15,123,78,1.58,0.33,58,0.0,52,17,13,350,207,5,0.0,28.8,78,30.0,0.0,0.0,0.0,34.0,47.0,30.0,0.0,11.02,34,4842.0,12,1122,2090,3517,3521,0,232,177,185,277,251,244,465,259,0,961,466,4,0,0,0,0,0.771
Course 15,133,72,1.85,0.31,237,0.0,26,13,13,250,206,5,0.0,33.67,81,30.0,0.0,0.0,0.0,35.0,46.0,32.78,0.0,11.12,28,3874.0,13,586,1413,2212,2215,0,322,51,45,48,120,76,543,208,0,772,27,0,0,3,0,0,0.624
Course 15,216,97,2.23,0.41,91,0.0,17,28,13,543,211,5,0.0,32.4,128,30.0,0.0,0.0,0.0,35.0,49.0,33.33,0.0,8.92,38,8922.0,12,1327,2973,4336,4336,0,362,149,222,176,418,299,499,848,25,1204,134,0,0,0,0,0,0.813
Course 15,153,84,1.82,0.36,73,0.0,22,16,13,344,205,5,0.0,35.6,162,30.0,0.0,0.0,0.0,44.0,45.0,36.0,0.0,9.96,32,4427.0,13,1307,1872,3523,3554,0,273,87,157,142,648,41,229,295,152,1031,468,0,0,0,31,0,0.643
Course 15,172,94,1.83,0.4,38,0.0,147,28,13,465,210,4,0.0,33.25,99,30.0,0.0,0.0,0.0,29.0,48.0,28.33,0.0,12.11,37,8368.0,12,2074,3595,4972,4972,0,361,51,324,158,1180,91,444,986,122,1005,250,0,0,0,0,0,0.821
Course 15,148,77,1.92,0.33,95,0.0,36,33,12,631,189,5,0.0,24.47,112,0.0,0.0,0.0,0.0,35.0,45.0,23.0,0.0,10.33,32,6113.0,12,1963,3527,4617,4617,0,263,387,393,658,262,539,295,730,6,1049,35,0,0,0,0,0,0.806
Course 15,320,116,2.76,0.49,112,0.0,40,36,13,612,209,5,0.0,29.87,107,30.0,0.0,0.0,0.0,36.0,30.0,32.0,0.0,11.66,40,11637.0,12,1984,3413,5090,5090,0,674,96,155,250,809,309,561,559,60,1506,111,0,0,0,0,0,0.834
Course 15,106,56,1.89,0.24,69,0.0,6,17,13,282,210,4,0.0,35.83,112,30.0,0.0,0.0,0.0,33.0,48.0,31.78,0.0,12.3,23,2219.0,12,695,1326,2067,2067,0,59,125,86,31,394,11,2,618,0,707,34,0,0,0,0,0,0.701
Course 15,95,50,1.9,0.22,42,0.0,16,21,12,360,206,4,0.0,35.33,125,0.0,0.0,0.0,0.0,40.0,49.0,38.67,0.0,11.92,25,2718.0,11,724,1799,3004,3004,0,445,122,0,12,145,217,346,512,0,984,221,0,0,0,0,0,0.72
Course 15,278,98,2.84,0.42,100,0.0,21,16,13,453,210,5,0.0,34.87,101,30.0,0.0,0.0,0.0,34.0,50.0,32.11,0.0,9.21,31,5849.0,12,1486,2434,3456,3456,0,600,44,215,208,419,362,273,313,25,963,34,0,0,0,0,0,0.775
Course 15,80,55,1.45,0.24,282,0.0,8,13,13,253,203,4,0.0,31.75,75,0.0,0.0,0.0,0.0,35.0,46.0,32.5,0.0,9.99,29,2709.0,12,474,858,1988,1988,0,173,101,46,66,88,73,129,182,123,261,746,0,0,0,0,0,0.728
Course 15,113,63,1.79,0.27,30,0.0,18,13,13,308,210,4,0.0,34.25,86,0.0,0.0,0.0,0.0,35.0,45.0,34.5,0.0,8.11,26,2262.0,12,1055,1881,2599,2599,0,288,269,229,16,253,257,253,316,0,163,555,0,0,0,0,0,0.736
Course 15,59,39,1.51,0.18,58,0.0,10,14,13,249,202,3,0.0,39.33,77,0.0,0.0,0.0,0.0,35.0,50.0,34.0,0.0,9.44,23,1796.0,11,522,1221,2025,2025,0,62,73,3,66,318,85,399,215,0,591,213,0,0,0,0,0,0.678
Course 15,213,102,2.09,0.43,83,0.0,55,31,13,503,211,5,0.0,35.4,104,30.0,0.0,0.0,0.0,34.0,48.0,32.33,0.0,9.7,30,8391.0,12,1064,2824,3973,3973,0,322,190,191,210,151,261,367,1132,84,967,98,0,0,0,0,0,0.785
Course 15,92,59,1.56,0.25,77,0.0,5,14,12,271,180,4,0.0,31.0,68,0.0,0.0,0.0,0.0,34.0,46.0,30.5,0.0,7.33,25,1750.0,12,616,858,1883,1883,0,222,109,16,100,169,63,40,139,210,786,29,0,0,0,0,0,0.708
Course 15,130,87,1.49,0.37,80,0.0,114,19,13,405,211,4,0.0,34.0,89,20.0,0.0,0.0,0.0,40.0,39.0,32.33,0.0,9.73,33,3699.0,11,1281,2327,3162,3162,0,325,286,218,181,271,219,267,560,68,710,57,0,0,0,0,0,0.768
Course 15,128,80,1.6,0.34,89,0.0,30,19,13,402,211,4,0.0,33.42,127,0.0,0.0,0.0,0.0,40.0,48.0,34.5,0.0,11.29,36,5135.0,12,1183,2679,3635,3635,0,378,135,266,183,221,317,659,520,5,654,297,0,0,0,0,0,0.8
Course 15,164,79,2.08,0.33,101,0.0,32,27,13,429,211,5,0.0,33.6,191,30.0,0.0,0.0,0.0,35.0,50.0,33.33,0.0,10.83,40,10165.0,13,1289,2581,4726,4728,0,610,93,135,274,177,356,375,561,3,1443,699,0,0,2,0,0,0.742
Course 15,156,73,2.14,0.31,105,0.0,9,22,13,434,199,5,0.0,24.0,202,10.0,0.0,0.0,0.0,34.0,47.0,23.33,0.0,10.66,35,4340.0,12,977,1768,2987,2987,0,298,70,170,38,401,48,261,482,19,547,653,0,0,0,0,0,0.794
Course 15,100,55,1.82,0.24,122,0.0,7,25,13,391,211,4,0.0,40.83,71,30.0,0.0,0.0,0.0,44.0,46.0,39.11,0.0,11.36,28,4818.0,12,1348,2339,3170,3170,0,147,58,80,111,952,153,389,449,0,795,36,0,0,0,0,0,0.752
Course 15,183,86,2.13,0.36,115,0.0,32,25,13,534,211,4,0.0,35.5,118,30.0,0.0,0.0,0.0,35.0,46.0,32.0,0.0,11.86,37,8061.0,12,1820,3604,5254,5254,0,316,117,333,395,659,325,407,1052,88,1397,165,0,0,0,0,0,0.834
Course 15,125,58,2.16,0.25,52,0.0,5,14,13,335,211,4,0.0,36.25,52,30.0,0.0,0.0,0.0,35.0,47.0,32.67,0.0,10.4,26,2558.0,11,835,1641,2540,2540,0,234,115,98,199,189,113,137,556,1,872,26,0,0,0,0,0,0.737
Course 15,137,75,1.83,0.32,133,0.0,10,18,13,358,209,4,0.0,35.75,72,30.0,0.0,0.0,0.0,35.0,48.0,31.67,0.0,10.36,32,4115.0,11,545,1185,2888,2888,0,187,75,86,113,84,217,212,211,0,1554,149,0,0,0,0,0,0.753
Course 15,154,81,1.9,0.34,77,0.0,71,15,13,460,210,4,0.0,30.5,78,10.0,0.0,0.0,0.0,35.0,44.0,26.0,0.0,9.52,32,4374.0,12,1612,3115,3874,3874,0,431,267,327,289,298,764,246,493,0,661,98,0,0,0,0,0,0.789
Course 15,123,55,2.24,0.24,53,0.0,32,31,13,671,211,4,0.0,33.75,107,0.0,0.0,0.0,0.0,35.0,48.0,33.5,0.0,9.58,21,4699.0,11,2177,3134,4429,4429,0,1082,596,259,236,4,548,0,409,0,1255,40,0,0,0,0,0,0.752
Course 15,328,120,2.73,0.51,260,0.0,117,30,13,534,211,5,0.0,35.4,157,20.0,0.0,0.0,0.0,39.0,46.0,32.56,0.0,10.89,49,15475.0,12,2119,4348,6276,6276,0,439,166,211,609,694,573,724,932,46,1591,291,0,0,0,0,0,0.858
Course 15,121,54,2.24,0.23,130,0.0,8,19,13,394,211,4,0.0,37.25,94,0.0,0.0,0.0,0.0,35.0,46.0,34.5,0.0,10.07,30,4252.0,12,1238,2411,3436,3436,0,390,248,23,162,415,211,840,122,0,998,27,0,0,0,0,0,0.763
Course 15,135,72,1.88,0.31,87,0.0,52,31,13,605,206,5,0.0,23.87,100,0.0,0.0,0.0,0.0,35.0,46.0,21.67,0.0,10.01,31,5531.0,12,1385,3271,4123,4123,0,344,263,217,241,320,633,222,1031,0,667,185,0,0,0,0,0,0.785
Course 15,179,93,1.92,0.39,85,0.0,93,38,13,650,209,4,0.0,32.0,97,20.0,0.0,0.0,0.0,34.0,48.0,26.67,0.0,9.23,39,7288.0,12,2230,3341,4214,4214,0,322,310,316,359,923,177,286,648,69,569,235,0,0,0,0,0,0.827
Course 15,194,92,2.11,0.39,162,0.0,31,27,13,616,211,5,0.0,29.2,149,30.0,0.0,0.0,0.0,35.0,36.0,33.33,0.0,10.38,37,8578.0,12,1444,2701,4794,4794,0,381,185,209,253,416,134,293,830,58,1641,394,0,0,0,0,0,0.828
Course 15,207,98,2.11,0.42,101,0.0,79,24,13,460,211,4,0.0,31.33,111,20.0,0.0,0.0,0.0,36.33333,38.0,29.11,0.0,10.93,40,12505.0,12,1292,2819,4210,4210,0,377,201,51,438,225,156,728,643,74,921,396,0,0,0,0,0,0.814
Course 15,185,91,2.03,0.39,104,0.0,38,21,13,459,211,4,0.0,32.08,78,10.0,0.0,0.0,0.0,43.33333,49.0,26.44,0.0,9.71,35,4698.0,12,1482,3142,4096,4096,0,393,313,226,156,394,639,473,548,62,808,84,0,0,0,0,0,0.806
Course 15,126,85,1.48,0.36,41,0.0,31,14,11,307,159,3,0.0,30.33,72,0.0,0.0,0.0,0.0,33.0,42.0,24.5,0.0,10.23,28,1387.0,12,661,1280,2032,2032,0,219,128,150,105,59,109,312,198,35,598,119,0,0,0,0,0,0.719
Course 15,179,95,1.88,0.4,105,0.0,37,14,13,372,211,5,0.0,31.67,107,30.0,0.0,0.0,0.0,35.0,46.0,33.33,0.0,10.15,37,7445.0,12,892,2258,3643,3643,0,176,156,183,210,167,174,651,541,133,862,390,0,0,0,0,0,0.808
Course 17,325,109,2.98,0.46,174,0.0,9,38,12,754,188,4,0.0,28.5,111,22.0,0.0,0.0,0.0,30.0,37.0,25.67,0.0,9.56,41,12346.0,11,1553,4818,6444,6444,39,141,488,171,115,599,562,511,2192,321,1182,123,0,0,0,0,0,0.851
Course 17,364,114,3.19,0.48,51,0.0,13,14,11,347,182,5,0.0,31.6,181,9.0,0.0,0.0,0.0,45.0,47.0,27.75,0.0,9.31,27,3473.0,9,712,1041,3387,3387,337,92,278,3,2,0,5,17,307,2,2281,63,0,0,0,0,0,0.715
Course 17,95,51,1.86,0.22,61,0.0,7,13,12,242,202,3,0.0,29.33,114,0.0,0.0,0.0,0.0,35.0,29.0,29.5,0.0,14.65,14,940.0,7,304,499,1664,1664,99,196,9,0,0,0,7,1,187,0,88,1077,0,0,0,0,0,0.538
Course 17,104,69,1.51,0.29,58,0.0,44,13,11,344,172,4,0.0,24.25,69,7.0,0.0,0.0,0.0,34.0,36.0,20.33,0.0,11.7,33,6466.0,11,607,1393,2482,2482,77,106,246,0,16,162,5,284,497,437,606,46,0,0,0,0,0,0.744
Course 17,36,18,2.0,0.09,32,0.0,0,11,11,172,172,5,0.0,24.47,343,0.0,0.0,0.0,0.0,30.0,48.0,18.58,0.0,9.71,10,994.0,6,2,1232,1714,1714,0,1,0,0,0,1,0,7,1223,0,411,71,0,0,0,0,0,0.533
Course 17,177,86,2.06,0.36,85,0.0,32,20,12,461,202,5,0.0,20.93,194,5.0,0.0,0.0,0.0,29.0,26.0,19.67,0.0,10.09,36,4927.0,11,1125,1915,4025,4025,100,261,389,153,63,159,114,186,490,1595,455,60,0,0,0,0,0,0.8
Course 17,103,56,1.84,0.24,339,0.0,5,21,11,359,171,5,0.0,28.87,155,15.0,0.0,0.0,0.0,35.0,39.0,26.33,0.0,11.18,31,7500.0,11,926,2540,3930,3930,192,147,268,0,278,41,279,486,849,0,1314,76,0,0,0,0,0,0.778
Course 17,90,45,2.0,0.19,48,0.0,1,13,12,249,202,5,0.0,29.13,131,28.0,0.0,0.0,0.0,31.33333,44.0,25.42,0.0,9.96,17,2538.0,9,247,1417,2077,2077,5,71,169,2,0,0,754,59,357,0,613,47,0,0,0,0,0,0.641
Course 17,28,12,2.33,0.05,17,0.0,1,1,1,95,80,4,0.0,25.75,90,0.0,0.0,0.0,0.0,30.0,45.0,19.33,0.0,5.95,6,646.0,5,31,672,778,778,0,0,31,0,0,0,0,0,641,0,65,41,0,0,0,0,0,0.388
Course 17,96,48,2.0,0.21,53,0.0,4,16,12,363,202,5,0.0,30.2,108,30.0,0.0,0.0,0.0,35.0,35.0,29.0,0.0,10.68,25,3038.0,10,624,1755,2860,2860,2,91,318,138,57,18,39,850,242,697,357,51,0,0,0,0,0,0.736
Course 17,77,41,1.88,0.18,39,0.0,17,12,12,239,201,5,0.0,20.8,111,0.0,0.0,0.0,0.0,25.0,40.0,16.0,0.0,9.93,24,1886.0,9,415,964,1623,1623,42,76,261,18,0,18,0,285,264,210,227,222,0,0,0,0,0,0.643
Course 17,96,49,1.96,0.21,55,0.0,7,19,11,256,172,5,0.0,25.6,129,10.0,0.0,0.0,0.0,33.0,40.0,22.0,0.0,9.36,19,3169.0,9,117,1091,2065,2065,0,14,91,0,6,6,2,540,432,3,924,47,0,0,0,0,0,0.681
Course 17,79,44,1.8,0.19,300,0.0,3,12,12,224,197,4,0.0,26.08,89,9.0,0.0,0.0,0.0,35.0,32.0,24.11,0.0,9.84,17,3188.0,9,252,1040,1610,1610,137,87,22,0,1,5,3,472,313,0,369,201,0,0,0,0,0,0.622
Course 17,50,27,1.85,0.14,234,0.0,1,13,12,219,202,4,0.0,27.83,123,10.0,0.0,0.0,0.0,33.0,42.0,23.11,0.0,9.83,10,1832.0,6,5,988,1672,1672,0,5,0,0,0,0,69,131,783,0,624,60,0,0,0,0,0,0.487
Course 17,56,27,2.07,0.13,31,0.0,4,12,12,257,201,4,0.0,32.0,134,6.66667,0.0,0.0,0.0,45.0,48.0,26.67,0.0,8.07,13,1995.0,8,119,825,2023,2023,0,59,46,0,0,14,0,0,706,360,788,50,0,0,0,0,0,0.614
Course 17,101,67,1.51,0.28,48,0.0,10,20,5,249,113,4,0.0,28.75,69,22.0,0.0,0.0,0.0,28.0,39.0,25.33,0.0,9.01,29,3064.0,11,605,1403,1789,1789,66,18,239,7,18,257,88,398,312,0,328,58,0,0,0,0,0,0.7
Course 17,82,43,1.91,0.18,42,0.0,8,11,11,246,195,4,0.0,25.58,288,0.0,0.0,0.0,0.0,34.0,38.0,21.44,0.0,6.16,22,1862.0,10,544,1827,2326,2326,67,169,284,13,5,6,2,98,1183,0,468,31,0,0,0,0,0,0.706
Course 17,99,63,1.57,0.27,60,0.0,33,29,11,406,172,4,0.0,27.83,95,26.0,0.0,0.0,0.0,28.33333,32.0,26.44,0.0,7.68,31,3746.0,11,1184,2504,3379,3379,81,153,337,231,68,314,225,456,639,238,575,62,0,0,0,0,0,0.777
Course 17,78,53,1.47,0.23,33,0.0,1,14,12,274,202,3,0.0,36.11,63,0.0,0.0,0.0,0.0,40.0,45.0,31.67,0.0,9.97,19,2072.0,10,354,1186,1802,1802,21,58,102,0,72,101,246,176,410,0,560,56,0,0,0,0,0,0.663
Course 17,42,13,3.23,0.08,37,0.0,0,14,12,248,201,4,0.0,25.17,42,0.0,0.0,0.0,0.0,33.0,48.0,17.56,0.0,10.87,10,2581.0,5,12,1242,1930,1930,0,0,0,0,0,12,6,21,1203,0,657,31,0,0,0,0,0,0.705
Course 17,120,75,1.6,0.32,46,0.0,13,13,12,321,202,4,0.0,27.25,85,25.0,0.0,0.0,0.0,26.0,34.0,25.0,0.0,8.61,26,2412.0,11,848,1508,2215,2215,63,103,254,113,90,225,75,209,376,65,566,76,0,0,0,0,0,0.731
Course 17,102,56,1.82,0.25,56,0.0,9,17,12,344,202,4,0.0,19.83,103,0.0,0.0,0.0,0.0,32.33333,27.0,17.44,0.0,12.47,27,2013.0,11,510,1715,2572,2572,8,243,230,4,10,15,10,324,871,121,670,66,0,0,0,0,0,0.749
Course 17,97,46,2.11,0.2,78,0.0,8,11,11,217,172,5,0.0,22.07,124,3.0,0.0,0.0,0.0,35.0,27.0,20.83,0.0,6.35,21,2175.0,10,229,1317,1806,1806,20,171,3,3,1,31,0,691,397,0,264,225,0,0,0,0,0,0.671
Course 17,99,63,1.57,0.28,46,0.0,29,22,12,413,200,5,0.0,30.67,144,18.0,0.0,0.0,0.0,39.0,36.0,29.33,0.0,8.31,27,3491.0,11,778,1855,2832,2832,52,127,436,48,36,79,523,111,443,118,803,56,0,0,0,0,0,0.745
Course 17,102,43,2.37,0.18,38,0.0,1,13,12,276,202,4,0.0,24.17,74,8.0,0.0,0.0,0.0,26.0,48.0,16.22,0.0,12.44,16,2014.0,9,473,1290,1811,1811,44,254,170,0,0,5,0,436,381,0,474,47,0,0,0,0,0,0.629
Course 17,151,82,1.84,0.34,80,0.0,17,15,12,304,202,4,0.0,26.17,98,17.0,0.0,0.0,0.0,31.0,31.0,24.56,0.0,7.92,30,3081.0,11,677,1731,2407,2416,86,183,151,17,199,41,114,747,193,21,567,88,0,9,0,0,0,0.672
Course 17,55,27,2.04,0.12,15,0.0,9,11,11,213,154,5,0.0,24.07,120,0.0,0.0,0.0,0.0,33.0,47.0,18.33,0.0,10.09,21,3023.0,10,443,918,1697,1697,0,118,240,35,3,47,0,284,191,0,714,65,0,0,0,0,0,0.663
Course 17,90,49,1.84,0.21,23,0.0,15,12,12,209,202,4,0.0,31.5,74,20.0,0.0,0.0,0.0,35.0,45.0,27.0,0.0,12.01,13,1025.0,7,244,822,1262,1262,0,6,4,0,1,233,0,27,551,0,388,52,0,0,0,0,0,0.558
Course 17,44,17,2.59,0.08,24,0.0,3,11,11,191,170,4,0.0,25.0,100,6.66667,0.0,0.0,0.0,26.0,43.0,19.0,0.0,13.23,9,1889.0,6,3,1040,1401,1401,0,3,0,0,0,0,0,4,1033,0,326,35,0,0,0,0,0,0.454
Course 17,47,23,2.04,0.1,32,0.0,5,6,6,149,137,4,0.0,24.58,60,10.0,0.0,0.0,0.0,22.33333,47.0,17.11,0.0,13.3,12,1496.0,8,74,809,1004,1004,16,3,53,0,2,0,272,35,428,0,67,128,0,0,0,0,0,0.522
Course 17,102,57,1.79,0.25,80,0.0,26,13,11,304,173,5,0.0,28.07,130,30.0,0.0,0.0,0.0,33.33333,28.0,28.08,0.0,7.63,24,4189.0,9,1280,1886,2516,2516,192,279,257,88,212,252,1,143,462,209,353,68,0,0,0,0,0,0.712
Course 17,131,66,1.98,0.28,47,0.0,6,17,11,375,172,5,0.0,22.33,124,17.0,0.0,0.0,0.0,29.0,28.0,20.92,0.0,8.74,29,5097.0,11,975,2306,2840,2840,0,316,322,73,4,260,445,309,577,109,368,57,0,0,0,0,0,0.763
Course 17,105,63,1.67,0.27,46,0.0,11,24,12,416,202,5,0.0,24.87,140,11.0,0.0,0.0,0.0,35.0,24.0,25.08,0.0,6.79,26,3831.0,11,139,756,2769,2769,14,73,22,8,8,14,8,292,317,0,786,1227,0,0,0,0,0,0.74
Course 17,161,74,2.18,0.31,150,0.0,38,27,11,439,191,4,0.0,27.42,87,8.0,0.0,0.0,0.0,32.33333,46.0,21.22,0.0,9.47,35,9713.0,11,775,2238,3376,3376,32,97,400,18,51,177,154,586,723,0,1071,67,0,0,0,0,0,0.773
Course 17,119,66,1.8,0.28,74,0.0,41,22,12,446,202,5,0.0,29.07,106,22.0,0.0,0.0,0.0,33.0,47.0,24.58,0.0,7.3,26,3361.0,10,1460,2396,3116,3116,32,196,632,54,164,382,620,148,168,0,610,110,0,0,0,0,0,0.744
Course 17,78,50,1.56,0.22,35,0.0,3,19,7,286,159,4,0.0,28.33,99,15.0,0.0,0.0,0.0,33.33333,32.0,27.11,0.0,9.58,17,2048.0,10,623,1090,1938,1938,79,127,245,98,3,71,271,1,195,0,785,63,0,0,0,0,0,0.666
Course 17,241,100,2.41,0.42,85,0.0,44,29,9,464,136,5,0.0,21.73,172,0.0,0.0,0.0,0.0,31.66667,36.0,18.17,0.0,8.21,38,10589.0,11,1108,2806,3740,3740,109,68,542,90,23,276,187,698,813,31,786,117,0,0,0,0,0,0.803
Course 17,68,33,2.06,0.15,29,0.0,6,14,11,261,172,4,0.0,26.42,85,6.66667,0.0,0.0,0.0,35.0,31.0,24.89,0.0,9.69,14,1572.0,8,503,1375,1926,1926,0,106,294,0,61,42,29,294,549,0,44,507,0,0,0,0,0,0.642
Course 17,73,47,1.55,0.2,4,0.0,1,16,12,289,202,5,0.0,24.4,102,15.0,0.0,0.0,0.0,31.0,28.0,23.5,0.0,9.16,27,2841.0,11,560,1327,2016,2016,53,199,210,30,8,60,220,373,174,0,648,41,0,0,0,0,0,0.724
Course 17,103,61,1.69,0.27,66,0.0,22,29,11,324,172,5,0.0,27.6,98,22.0,0.0,0.0,0.0,33.0,33.0,26.25,0.0,9.03,27,2505.0,10,743,2052,2581,2581,0,31,351,41,3,317,205,395,709,0,493,36,0,0,0,0,0,0.735
Course 17,64,40,1.6,0.17,46,0.0,1,12,11,229,199,4,0.0,25.5,60,0.0,0.0,0.0,0.0,32.0,40.0,20.67,0.0,6.06,16,1164.0,8,76,978,1515,1515,0,60,7,0,0,9,0,348,554,0,482,55,0,0,0,0,0,0.587
Course 17,119,60,1.98,0.25,346,0.0,8,21,12,249,199,4,0.0,25.08,89,0.0,0.0,0.0,0.0,35.0,42.0,19.44,0.0,10.95,27,4170.0,11,703,2146,3142,3142,27,53,115,15,461,32,120,915,408,6,954,36,0,0,0,0,0,0.762
Course 17,117,57,2.05,0.24,69,0.0,7,11,11,325,172,5,0.0,25.47,77,10.0,0.0,0.0,0.0,36.33333,34.0,23.33,0.0,8.68,24,7913.0,9,898,2379,3170,3170,0,272,271,156,1,198,82,698,701,197,553,41,0,0,0,0,0,0.736
Course 17,234,79,2.96,0.33,139,0.0,6,29,11,338,172,4,0.0,26.33,103,9.0,0.0,0.0,0.0,34.0,35.0,23.44,0.0,12.42,37,8640.0,11,1038,2791,3846,3846,114,142,296,92,351,43,663,568,522,45,950,60,0,0,0,0,0,0.799
Course 17,175,81,2.16,0.34,83,0.0,27,27,11,435,199,4,0.0,23.0,102,13.33333,0.0,0.0,0.0,35.0,30.0,20.67,0.0,9.81,37,8575.0,11,1607,3856,5071,5071,79,162,557,124,77,608,482,771,996,59,1065,91,0,0,0,0,0,0.822
Course 17,143,71,2.01,0.31,177,0.0,36,30,12,879,196,4,0.0,28.33,110,9.0,0.0,0.0,0.0,34.0,46.0,22.44,0.0,10.22,31,9303.0,11,2722,5858,6931,6931,191,513,851,303,282,582,32,677,2427,944,79,50,0,0,0,0,0,0.614
Course 17,55,22,2.5,0.1,35,0.0,0,11,11,162,158,4,0.0,20.75,52,0.0,0.0,0.0,0.0,23.0,41.0,14.0,0.0,10.55,13,3313.0,7,39,785,1137,1137,11,23,5,0,0,0,135,274,337,0,324,28,0,0,0,0,0,0.502
Course 17,47,20,2.35,0.1,20,0.0,7,14,12,281,201,4,0.0,25.08,68,0.0,0.0,0.0,0.0,29.0,48.0,17.44,0.0,14.23,12,1593.0,7,541,1308,1875,1875,0,217,324,0,0,0,4,19,744,0,533,34,0,0,0,0,0,0.564
Course 17,100,63,1.59,0.27,45,0.0,13,24,11,348,168,4,0.0,19.5,99,0.0,0.0,0.0,0.0,34.0,30.0,16.0,0.0,8.76,23,3110.0,11,743,1904,2358,2358,0,103,364,120,123,33,319,540,302,0,384,70,0,0,0,0,0,0.72
Course 17,166,78,2.13,0.33,92,0.0,15,22,12,430,202,5,0.0,36.13,123,27.0,0.0,0.0,0.0,40.0,48.0,33.17,0.0,10.95,25,8016.0,10,1047,2705,4108,4108,0,188,301,169,156,233,775,286,597,1031,331,41,0,0,0,0,0,0.774
Course 17,140,77,1.82,0.33,122,0.0,36,25,11,502,172,4,0.0,28.0,105,28.0,0.0,0.0,0.0,27.0,31.0,27.0,0.0,7.6,42,7607.0,15,1362,2502,3818,3824,30,138,355,328,124,387,250,254,636,248,1015,53,0,0,0,6,0,0.64
Course 17,125,68,1.84,0.29,81,0.0,13,21,12,428,187,5,0.0,30.6,150,21.0,0.0,0.0,0.0,34.0,49.0,26.0,0.0,8.99,33,4297.0,11,1370,2648,3256,3256,58,92,660,95,113,352,174,401,703,0,556,52,0,0,0,0,0,0.769
Course 17,222,90,2.47,0.38,151,0.0,63,29,12,471,199,5,0.0,31.47,123,27.0,0.0,0.0,0.0,41.33333,47.0,27.58,0.0,9.6,39,8601.0,13,1280,3138,4273,4289,119,206,420,75,205,255,567,216,1075,474,555,106,0,0,6,10,0,0.691
Course 17,103,62,1.66,0.27,113,0.0,87,24,11,393,172,5,0.0,22.0,161,10.0,0.0,0.0,0.0,29.0,42.0,17.0,0.0,9.19,29,3972.0,11,345,1097,3173,3173,18,32,170,13,21,91,24,444,284,1,629,1446,0,0,0,0,0,0.769
Course 17,48,24,2.0,0.1,30,0.0,25,6,6,83,77,4,0.0,15.0,96,0.0,0.0,0.0,0.0,24.0,18.0,14.0,0.0,8.93,9,1538.0,5,10,243,835,835,5,5,0,0,0,0,0,13,220,0,52,540,0,0,0,0,0,0.386
Course 17,125,69,1.81,0.29,62,0.0,38,39,12,479,193,4,0.0,30.58,122,23.0,0.0,0.0,0.0,44.0,30.0,30.78,0.0,9.22,30,9442.0,11,973,3742,4455,4455,48,81,357,95,111,281,416,756,1597,0,636,77,0,0,0,0,0,0.789
Course 17,152,77,1.97,0.34,12,0.0,64,29,12,530,202,4,0.0,31.75,69,27.0,0.0,0.0,0.0,34.0,36.0,30.33,0.0,10.15,37,6072.0,11,2203,3926,4895,4895,47,145,411,127,245,1228,299,437,987,305,533,131,0,0,0,0,0,0.828
Course 17,90,51,1.76,0.21,283,0.0,14,11,11,199,181,5,0.0,23.8,117,10.0,0.0,0.0,0.0,35.0,25.0,23.5,0.0,8.71,23,3642.0,10,97,1156,1736,1736,4,5,21,0,4,63,0,642,417,0,519,61,0,0,0,0,0,0.651
Course 17,132,61,2.16,0.26,46,0.0,22,21,12,425,202,4,0.0,32.08,85,20.0,0.0,0.0,0.0,34.0,41.0,29.11,0.0,7.69,26,5664.0,10,389,1765,3775,3775,48,137,5,71,30,98,102,222,1052,537,1390,83,0,0,0,0,0,0.757
Course 17,114,60,1.9,0.26,19,0.0,8,12,11,286,172,5,0.0,29.47,116,0.0,0.0,0.0,0.0,35.0,49.0,24.58,0.0,9.89,28,2963.0,12,652,1989,2434,2434,35,121,452,5,7,32,277,151,909,0,379,66,0,0,0,0,0,0.469
Course 17,124,73,1.7,0.31,95,0.0,5,31,10,294,169,4,0.0,26.08,227,8.0,0.0,0.0,0.0,35.0,39.0,21.78,0.0,10.98,31,5309.0,11,887,2316,3082,3082,66,147,319,5,141,209,444,221,764,82,619,65,0,0,0,0,0,0.769
Course 17,238,92,2.59,0.39,157,0.0,57,15,11,261,178,5,0.0,23.2,127,0.0,0.0,0.0,0.0,39.0,34.0,20.5,0.0,10.99,37,9332.0,11,735,2670,3814,3814,91,99,204,249,47,45,640,572,723,73,956,115,0,0,0,0,0,0.8
Course 17,50,25,2.0,0.12,17,0.0,2,5,5,134,120,4,0.0,27.17,89,8.0,0.0,0.0,0.0,29.0,48.0,20.22,0.0,7.11,8,1404.0,5,68,663,766,766,0,0,68,0,0,0,0,20,575,0,49,54,0,0,0,0,0,0.453
Course 17,112,66,1.7,0.28,70,0.0,44,11,11,290,171,5,0.0,30.93,131,14.0,0.0,0.0,0.0,35.0,47.0,26.92,0.0,9.95,31,5115.0,11,651,1844,2324,2324,45,202,275,100,28,1,581,195,417,7,402,71,0,0,0,0,0,0.748
Course 17,120,55,2.18,0.24,45,0.0,3,25,11,354,175,4,0.0,36.25,87,24.0,0.0,0.0,0.0,45.0,45.0,33.33,0.0,9.44,24,5531.0,9,490,1544,3369,3369,34,72,207,6,7,164,170,378,506,2,1775,48,0,0,0,0,0,0.746
Course 17,75,31,2.42,0.13,35,0.0,5,13,12,278,202,5,0.0,25.47,159,6.0,0.0,0.0,0.0,34.0,35.0,23.08,0.0,12.31,11,2136.0,6,65,1460,2182,2182,0,65,0,0,0,0,0,71,1324,0,644,78,0,0,0,0,0,0.502
Course 17,247,119,2.08,0.5,295,0.0,4,29,12,568,201,4,0.0,25.0,98,3.0,0.0,0.0,0.0,32.0,38.0,20.67,0.0,8.5,33,7622.0,11,1829,4956,6449,6449,67,233,454,224,156,695,641,1139,1347,7,1414,72,0,0,0,0,0,0.835
Course 17,47,24,1.96,0.1,59,0.0,3,13,12,228,202,4,0.0,22.58,94,0.0,0.0,0.0,0.0,27.0,48.0,14.11,0.0,9.55,10,2127.0,6,48,1051,1574,1574,0,10,38,0,0,0,9,154,840,0,464,59,0,0,0,0,0,0.512
Course 17,91,51,1.78,0.22,58,0.0,12,14,12,372,202,5,0.0,28.6,115,9.0,0.0,0.0,0.0,35.0,46.0,24.25,0.0,9.4,24,3900.0,10,722,2683,3365,3365,44,173,258,115,132,0,387,351,1223,0,598,84,0,0,0,0,0,0.744
Course 17,42,15,2.8,0.08,37,0.0,1,15,12,241,200,4,0.0,25.67,120,6.0,0.0,0.0,0.0,31.33333,35.0,22.56,0.0,10.96,8,1365.0,5,2,1089,1770,1770,0,0,2,0,0,0,0,0,1087,0,610,71,0,0,0,0,0,0.49
Course 17,61,29,2.1,0.13,38,0.0,3,17,12,326,197,4,0.0,30.5,97,17.0,0.0,0.0,0.0,39.0,36.0,28.67,0.0,11.38,14,2047.0,7,152,1772,2728,2728,0,107,43,0,2,0,795,164,661,0,903,53,0,0,0,0,0,0.643
Course 17,96,56,1.71,0.25,48,0.0,62,13,12,301,197,4,0.0,36.5,85,26.0,0.0,0.0,0.0,35.0,50.0,32.0,0.0,9.05,27,2455.0,10,791,2246,3014,3014,117,163,473,3,7,28,180,481,794,2,711,55,0,0,0,0,0,0.744
Course 17,82,48,1.71,0.21,35,0.0,8,18,11,229,171,4,0.0,26.75,317,11.0,0.0,0.0,0.0,35.0,41.0,22.0,0.0,10.01,23,3455.0,11,539,1494,2094,2094,100,107,173,0,116,43,283,135,537,0,555,45,0,0,0,0,0,0.699
Course 17,15,8,1.88,0.15,10,0.0,0,0,0,31,30,2,0.0,7.0,68,0.0,0.0,0.0,0.0,14.0,0.0,7.0,0.0,6.45,6,438.0,4,13,320,320,320,0,2,11,0,0,0,0,3,304,0,0,0,0,0,0,0,0,0.35
Course 17,134,57,2.35,0.24,51,0.0,7,16,12,293,202,4,0.0,25.75,120,0.0,0.0,0.0,0.0,35.0,46.0,19.0,0.0,11.68,23,3756.0,10,326,1435,2486,2486,23,126,174,1,2,0,19,280,810,0,558,493,0,0,0,0,0,0.696
Course 17,108,66,1.64,0.28,63,0.0,11,19,12,351,202,5,0.0,31.4,157,23.0,0.0,0.0,0.0,33.0,41.0,29.0,0.0,9.01,29,4923.0,11,558,2286,3138,3138,18,69,400,17,52,2,709,125,894,343,451,58,0,0,0,0,0,0.758
Course 17,101,60,1.68,0.25,57,0.0,12,27,12,373,202,4,0.0,27.0,118,10.0,0.0,0.0,0.0,40.0,37.0,23.67,0.0,10.02,29,3967.0,11,692,2014,2969,2969,79,170,298,81,18,46,687,220,415,3,867,85,0,0,0,0,0,0.762
Course 17,120,56,2.14,0.25,57,0.0,1,13,12,257,202,4,0.0,34.33,81,28.0,0.0,0.0,0.0,34.0,43.0,31.44,0.0,6.4,24,2698.0,11,875,2055,2747,2747,144,116,276,4,6,329,166,769,245,0,641,51,0,0,0,0,0,0.735
Course 17,103,47,2.19,0.2,38,0.0,11,20,12,280,202,6,0.0,18.61,121,0.0,0.0,0.0,0.0,35.0,24.0,21.92,0.0,14.31,22,2923.0,10,355,1361,2566,2566,115,39,129,60,0,12,462,203,341,137,598,470,0,0,0,0,0,0.71
Course 19,34,16,2.13,0.08,18,0.0,1,5,5,102,88,4,0.0,22.25,66,0.0,0.0,0.0,0.0,27.0,40.0,16.33,0.0,14.63,8,949.0,4,117,189,803,803,0,0,0,117,0,0,0,0,72,0,583,31,0,0,0,0,0,0.43
Course 19,50,28,1.79,0.13,37,0.0,1,18,12,315,203,4,0.0,24.0,101,0.0,0.0,0.0,0.0,40.0,20.0,29.5,0.0,9.43,17,1543.0,10,686,1083,2257,2257,7,22,0,34,622,1,0,6,391,4,1105,65,0,0,0,0,0,0.664
Course 19,61,36,1.69,0.18,36,0.0,6,8,7,161,141,3,0.0,32.67,54,0.0,0.0,0.0,0.0,29.0,41.0,28.5,0.0,14.5,16,2588.0,8,479,1355,1683,1683,0,0,0,324,154,1,233,444,199,0,282,46,0,0,0,0,0,0.667
Course 19,59,38,1.55,0.16,37,0.0,0,6,6,141,102,4,0.0,21.25,63,0.0,0.0,0.0,0.0,27.0,36.0,16.33,0.0,10.64,18,2032.0,9,355,449,1116,1116,5,0,0,193,142,15,0,3,91,0,606,61,0,0,0,0,0,0.574
Course 19,164,87,1.89,0.37,153,0.0,10,28,7,429,141,4,0.0,25.33,121,0.0,0.0,0.0,0.0,25.33333,32.0,25.17,0.0,10.44,35,7329.0,11,1441,3602,3934,3934,55,207,131,315,399,334,23,902,1236,0,253,79,0,0,0,0,0,0.795
Course 19,91,35,2.6,0.16,30,0.0,1,12,12,258,203,4,0.0,21.0,139,0.0,0.0,0.0,0.0,26.0,24.0,21.5,0.0,11.29,24,2823.0,11,877,1448,2063,2063,15,84,2,204,565,7,0,1,570,0,565,50,0,0,0,0,0,0.683
Course 19,44,29,1.52,0.13,22,0.0,1,13,12,252,199,5,0.0,23.2,87,0.0,0.0,0.0,0.0,33.0,39.0,19.25,0.0,8.68,20,2298.0,9,258,1595,2383,2383,0,76,0,2,7,173,0,1235,102,0,740,48,0,0,0,0,0,0.693
Course 19,161,77,2.09,0.33,27,0.0,2,28,11,375,165,5,0.0,25.73,137,13.33333,0.0,0.0,0.0,31.0,42.0,23.22,0.0,11.17,32,8945.0,11,1465,2555,3210,3210,34,249,211,316,437,218,71,564,455,0,592,63,0,0,0,0,0,0.769
Course 19,224,110,2.04,0.46,69,0.0,7,18,11,382,173,4,0.0,29.75,126,10.0,0.0,0.0,0.0,32.0,45.0,24.67,0.0,11.43,33,6366.0,11,1226,2411,2973,2973,95,126,70,601,148,186,56,622,507,8,450,104,0,0,0,0,0,0.766
Course 19,148,76,1.95,0.34,178,0.0,10,27,11,542,186,6,0.0,29.17,204,10.0,0.0,0.0,0.0,34.0,46.0,27.75,0.0,9.73,43,8975.0,11,1600,3462,4363,4363,36,298,214,450,440,162,431,938,493,287,547,67,0,0,0,0,0,0.831
Course 19,146,81,1.8,0.34,92,0.0,12,14,11,301,173,5,0.0,23.47,104,10.0,0.0,0.0,0.0,35.0,25.0,24.44,0.0,8.89,31,4836.0,11,1666,2266,2834,2834,0,232,205,473,169,587,22,227,351,164,340,64,0,0,0,0,0,0.777
Course 19,45,16,2.81,0.08,32,0.0,10,14,10,226,163,4,0.0,31.58,108,0.0,0.0,0.0,0.0,32.0,45.0,27.11,0.0,11.03,14,1954.0,8,374,790,1636,1636,0,272,0,101,1,0,0,296,120,0,374,472,0,0,0,0,0,0.591
Course 19,143,83,1.72,0.35,11,0.0,3,15,12,390,202,4,0.0,24.42,60,0.0,0.0,0.0,0.0,35.0,43.0,18.22,0.0,11.41,34,9424.0,11,1096,1739,2849,2849,0,293,287,314,123,79,0,338,305,607,448,55,0,0,0,0,0,0.767
Course 19,157,83,1.89,0.36,85,0.0,1,20,11,389,170,6,0.0,29.89,156,10.0,0.0,0.0,0.0,43.33333,47.0,28.58,0.0,10.19,37,7949.0,11,1002,2348,2982,2982,33,256,220,273,113,107,76,529,741,14,569,51,0,0,0,0,0,0.773
Course 19,182,84,2.17,0.36,57,0.0,2,13,12,370,200,5,0.0,25.6,96,10.0,0.0,0.0,0.0,30.0,45.0,20.75,0.0,11.01,32,4099.0,11,1184,2214,2996,2996,0,293,27,549,171,144,0,728,302,2,435,345,0,0,0,0,0,0.768
Course 19,48,25,1.92,0.11,43,0.0,1,12,12,217,203,4,0.0,26.25,125,0.0,0.0,0.0,0.0,24.0,49.0,18.5,0.0,9.82,21,1912.0,11,276,685,1175,1175,4,96,16,1,59,100,0,244,165,0,127,363,0,0,0,0,0,0.616
Course 19,100,48,2.08,0.2,193,0.0,12,14,12,283,203,4,0.0,26.42,81,0.0,0.0,0.0,0.0,35.0,30.0,25.22,0.0,11.87,24,4605.0,10,604,1809,2719,2719,40,157,8,45,210,144,169,915,121,525,330,55,0,0,0,0,0,0.724
Course 19,90,49,1.84,0.21,53,0.0,20,14,11,312,171,5,0.0,26.47,155,0.0,0.0,0.0,0.0,33.0,27.0,29.11,0.0,11.91,28,4849.0,11,650,2000,2480,2480,0,183,94,163,116,94,0,781,569,0,427,53,0,0,0,0,0,0.736
Course 19,58,27,2.15,0.37,47,0.0,1,26,11,321,172,6,0.0,26.5,108,0.0,0.0,0.0,0.0,34.0,48.0,23.25,0.0,11.04,25,3261.0,10,342,1750,2619,2619,7,54,3,179,60,39,0,1170,238,3,794,72,0,0,0,0,0,0.711
Course 19,45,28,1.61,0.12,29,0.0,6,8,7,176,162,3,0.0,30.33,66,0.0,0.0,0.0,0.0,25.0,46.0,22.5,0.0,13.45,12,1236.0,6,153,795,1101,1101,0,133,0,0,0,20,0,230,412,0,271,35,0,0,0,0,0,0.506
Course 19,186,96,1.94,0.4,43,0.0,15,31,11,537,173,5,0.0,30.27,157,20.0,0.0,0.0,0.0,40.0,41.0,30.44,0.0,10.74,40,7664.0,11,1976,3667,5174,5174,56,471,149,552,679,69,173,823,695,328,1098,81,0,0,0,0,0,0.842
Course 19,57,33,1.73,0.15,17,0.0,27,12,11,207,173,5,0.0,28.2,95,0.0,0.0,0.0,0.0,35.0,50.0,22.75,0.0,5.11,18,3928.0,10,175,938,1943,1943,0,5,3,73,0,94,0,158,605,0,957,48,0,0,0,0,0,0.491
Course 19,65,36,1.81,0.16,45,0.0,4,12,9,230,171,3,0.0,22.11,80,0.0,0.0,0.0,0.0,24.0,25.0,20.67,0.0,11.98,22,2467.0,10,238,1921,2341,2341,0,168,18,37,4,11,0,977,706,0,116,304,0,0,0,0,0,0.689
Course 19,44,21,2.1,0.11,23,0.0,11,12,12,193,182,4,0.0,30.33,115,0.0,0.0,0.0,0.0,35.0,39.0,32.17,0.0,8.84,19,1344.0,10,422,878,1386,1386,7,40,0,178,120,77,8,314,134,0,415,93,0,0,0,0,0,0.634
Course 19,81,38,2.13,0.16,51,0.0,24,13,11,257,147,5,0.0,27.07,132,10.0,0.0,0.0,0.0,35.0,45.0,22.58,0.0,10.7,22,2733.0,9,468,1231,1752,1752,16,215,1,194,3,39,0,5,758,0,466,55,0,0,0,0,0,0.633
Course 19,244,106,2.3,0.45,181,0.0,10,30,11,504,180,5,0.0,31.6,200,0.0,0.0,0.0,0.0,38.33333,49.0,30.0,0.0,11.56,29,3910.0,11,1040,2943,4294,4294,0,319,221,232,153,115,63,1267,573,50,1219,82,0,0,0,0,0,0.8
Course 19,89,51,1.75,0.26,57,0.0,15,16,11,340,170,5,0.0,21.2,72,0.0,0.0,0.0,0.0,33.0,41.0,16.25,0.0,12.39,35,6543.0,11,1494,2675,3183,3183,76,448,361,470,29,110,174,667,340,48,412,48,0,0,0,0,0,0.789
Course 19,81,43,1.88,0.19,41,0.0,11,11,11,218,173,6,0.0,22.11,183,10.0,0.0,0.0,0.0,29.0,42.0,21.17,0.0,10.27,20,1685.0,10,262,710,1509,1509,0,7,1,191,58,5,3,10,435,0,699,100,0,0,0,0,0,0.684
Course 19,121,69,1.75,0.29,63,0.0,21,15,11,336,172,4,0.0,31.75,92,0.0,0.0,0.0,0.0,33.33333,40.0,29.0,0.0,9.11,27,5653.0,10,720,1751,2873,2873,112,259,79,48,3,219,72,403,556,0,1092,30,0,0,0,0,0,0.733
Course 19,70,41,1.71,0.18,49,0.0,13,17,12,314,202,6,0.0,21.28,110,0.0,0.0,0.0,0.0,27.0,47.0,15.92,0.0,13.69,25,3269.0,11,451,1886,2852,2852,1,19,28,6,80,317,1,403,1031,2,908,56,0,0,0,0,0,0.754
Course 19,60,32,1.88,0.13,38,0.0,7,7,6,199,148,4,0.0,28.0,114,0.0,0.0,0.0,0.0,32.0,47.0,23.0,0.0,11.62,18,1126.0,10,90,1071,1501,1501,5,7,0,0,71,7,0,795,186,0,270,160,0,0,0,0,0,0.602
Course 19,127,74,1.72,0.31,58,0.0,17,24,12,320,203,5,0.0,21.8,112,0.0,0.0,0.0,0.0,33.0,38.0,18.0,0.0,11.53,32,7042.0,11,466,1287,2573,2573,39,103,19,119,124,62,15,192,614,0,1240,46,0,0,0,0,0,0.751
Course 19,155,76,2.04,0.32,202,0.0,20,21,11,459,182,4,0.0,31.58,150,0.0,0.0,0.0,0.0,39.0,35.0,36.17,0.0,9.42,31,5214.0,11,1973,3512,4090,4090,65,417,126,540,301,524,200,822,517,0,492,86,0,0,0,0,0,0.791
Course 19,68,40,1.7,0.18,32,0.0,3,15,11,274,173,4,0.0,31.42,71,0.0,0.0,0.0,0.0,34.0,47.0,26.22,0.0,12.9,18,2098.0,9,293,1664,2132,2132,10,34,0,174,2,73,0,1260,111,0,100,368,0,0,0,0,0,0.658
Course 19,211,92,2.29,0.39,250,0.0,4,22,12,389,197,6,0.0,24.78,187,10.0,0.0,0.0,0.0,35.0,33.0,25.92,0.0,10.1,33,7770.0,11,1026,2178,3377,3377,53,243,50,302,286,92,0,856,296,0,1130,69,0,0,0,0,0,0.762
Course 19,107,61,1.75,0.28,47,0.0,3,15,11,330,173,6,0.0,25.0,122,10.0,0.0,0.0,0.0,31.0,38.0,23.25,0.0,10.49,31,5341.0,11,824,1965,2461,2461,17,198,226,233,101,49,41,862,238,9,427,60,0,0,0,0,0,0.739
Course 19,141,76,1.86,0.32,58,0.0,8,17,11,386,173,4,0.0,28.33,76,10.0,0.0,0.0,0.0,35.0,41.0,24.11,0.0,9.51,31,4745.0,10,709,2471,3090,3090,0,166,78,354,26,85,0,330,1432,3,560,56,0,0,0,0,0,0.745
Course 19,29,14,2.07,0.07,24,0.0,2,6,6,147,147,4,0.0,26.25,69,0.0,0.0,0.0,0.0,35.0,48.0,19.0,0.0,8.04,11,1275.0,8,561,654,769,769,0,6,0,2,2,551,0,9,84,0,54,61,0,0,0,0,0,0.531
Course 19,83,53,1.57,0.24,55,0.0,20,16,12,332,202,5,0.0,25.6,118,10.0,0.0,0.0,0.0,32.0,40.0,22.0,0.0,8.94,24,3298.0,11,401,1604,2199,2199,1,140,0,9,12,239,0,1043,160,22,518,55,0,0,0,0,0,0.711
Course 19,44,26,1.69,0.13,52,0.0,2,10,9,316,170,3,0.0,35.11,79,0.0,0.0,0.0,0.0,30.0,50.0,27.67,0.0,12.39,17,1898.0,8,251,1568,1965,1965,0,0,0,36,58,157,34,143,1140,0,236,161,0,0,0,0,0,0.712
Course 19,96,59,1.63,0.27,61,0.0,3,12,11,283,196,6,0.0,26.56,144,10.0,0.0,0.0,0.0,35.0,45.0,23.83,0.0,9.23,28,2996.0,11,763,1787,2437,2437,25,124,72,41,143,358,8,738,278,313,274,63,0,0,0,0,0,0.737
Course 19,48,27,1.78,0.11,31,0.0,0,13,11,232,173,5,0.0,30.0,97,0.0,0.0,0.0,0.0,35.0,43.0,29.67,0.0,11.99,16,1393.0,7,173,1552,2240,2240,0,98,0,0,75,0,0,677,702,0,578,110,0,0,0,0,0,0.6
Course 19,76,52,1.46,0.25,377,0.0,1,14,12,308,197,5,0.0,26.4,94,10.0,0.0,0.0,0.0,40.0,29.0,25.75,0.0,11.02,28,1910.0,10,336,1958,2713,2713,1,151,1,171,0,12,3,1394,225,414,285,56,0,0,0,0,0,0.726
Course 19,90,50,1.8,0.21,56,0.0,14,15,11,301,173,5,0.0,25.6,107,20.0,0.0,0.0,0.0,35.0,38.0,24.33,0.0,11.39,26,3253.0,11,520,1425,2613,2613,7,41,13,203,81,175,1,214,690,2,1148,38,0,0,0,0,0,0.749
Course 19,98,53,1.85,0.23,58,0.0,127,12,11,185,172,3,0.0,32.0,69,0.0,0.0,0.0,0.0,35.0,34.0,31.0,0.0,9.53,21,3912.0,10,255,790,1466,1466,0,219,29,3,0,4,0,368,167,0,602,74,0,0,0,0,0,0.648
Course 19,245,109,2.25,0.46,134,0.0,47,24,11,527,173,5,0.0,26.6,151,10.0,0.0,0.0,0.0,35.0,36.0,26.0,0.0,10.69,38,9916.0,11,2790,4720,5225,5225,85,484,527,880,445,369,518,561,851,2,430,73,0,0,0,0,0,0.832
Course 19,54,25,2.16,0.11,45,0.0,0,8,7,188,164,3,0.0,34.33,84,0.0,0.0,0.0,0.0,35.0,35.0,34.0,0.0,12.54,12,1045.0,6,11,830,1323,1323,0,11,0,0,0,0,0,733,86,0,338,155,0,0,0,0,0,0.457
Course 19,155,81,1.91,0.34,94,0.0,33,24,12,447,202,5,0.0,27.4,154,10.0,0.0,0.0,0.0,33.0,44.0,24.67,0.0,10.46,37,9030.0,12,1252,3437,4022,4027,56,395,116,309,134,242,334,707,1144,0,508,77,0,0,0,5,0,0.637
Course 19,93,46,2.02,0.19,65,0.0,16,18,11,360,173,6,0.0,29.0,137,10.0,0.0,0.0,0.0,45.0,47.0,27.0,0.0,10.92,25,5063.0,11,762,3124,4514,4514,0,123,377,48,60,154,0,761,1601,0,1330,60,0,0,0,0,0,0.778
Course 19,160,80,2.0,0.34,66,0.0,7,22,12,383,201,5,0.0,28.8,123,10.0,0.0,0.0,0.0,35.0,49.0,25.67,0.0,11.16,29,5348.0,11,1121,2136,2926,2926,18,280,54,367,207,195,0,788,227,40,710,40,0,0,0,0,0,0.752
Course 19,159,89,1.79,0.38,70,0.0,5,26,12,426,190,5,0.0,30.6,130,10.0,0.0,0.0,0.0,34.0,43.0,27.5,0.0,11.88,35,5737.0,11,826,2083,3577,3577,88,269,67,196,199,7,170,757,330,13,1431,50,0,0,0,0,0,0.8
Course 19,224,95,2.36,0.4,100,0.0,41,46,12,820,203,5,0.0,32.33,123,30.0,0.0,0.0,0.0,43.33333,41.0,33.89,0.0,12.58,41,13524.0,11,2894,5722,6966,6966,180,399,214,976,387,738,0,1383,1445,567,597,80,0,0,0,0,0,0.848
Course 19,40,21,1.9,0.1,45,0.0,1,12,11,214,172,3,0.0,31.33,82,0.0,0.0,0.0,0.0,28.0,45.0,24.5,0.0,12.39,11,1455.0,7,20,1451,1898,1898,0,18,0,0,0,2,0,897,534,0,100,347,0,0,0,0,0,0.564
Course 19,175,84,2.08,0.36,187,0.0,92,25,11,413,173,5,0.0,25.47,153,0.0,0.0,0.0,0.0,29.0,28.0,28.11,0.0,11.03,36,7772.0,11,1707,3631,4580,4580,74,417,309,247,371,289,124,1473,327,147,680,122,0,0,0,0,0,0.817
Course 19,117,73,1.6,0.31,62,0.0,13,13,11,329,177,6,0.0,29.56,145,20.0,0.0,0.0,0.0,40.0,39.0,30.33,0.0,8.57,27,2684.0,10,400,1837,2766,2766,0,61,55,209,65,10,52,1107,278,0,859,70,0,0,0,0,0,0.736
Course 19,101,48,2.1,0.2,56,0.0,18,21,11,320,172,5,0.0,21.87,144,0.0,0.0,0.0,0.0,34.0,39.0,17.58,0.0,9.28,19,4640.0,10,378,2489,3357,3357,154,137,0,18,0,69,0,1273,838,0,777,91,0,0,0,0,0,0.704
Course 19,45,25,1.8,0.13,103,0.0,1,11,11,181,176,3,0.0,25.44,61,0.0,0.0,0.0,0.0,20.0,37.0,19.67,0.0,8.59,18,1050.0,8,206,646,960,960,0,3,0,1,187,15,0,216,224,0,267,47,0,0,0,0,0,0.563
Course 19,64,39,1.64,0.17,66,0.0,3,12,12,259,202,5,0.0,28.47,136,0.0,0.0,0.0,0.0,40.0,48.0,23.58,0.0,10.76,23,3042.0,10,376,1431,2343,2343,6,263,0,6,4,97,0,942,113,0,839,73,0,0,0,0,0,0.682
Course 19,265,90,2.94,0.38,196,0.0,33,32,12,514,202,5,0.0,32.4,210,0.0,0.0,0.0,0.0,35.0,43.0,33.67,0.0,10.18,37,9226.0,13,2468,4420,5806,5819,75,218,683,539,353,600,69,821,1062,623,598,165,0,0,0,13,0,0.671
Course 19,177,89,1.99,0.38,172,0.0,8,18,12,363,198,5,0.0,26.93,92,10.0,0.0,0.0,0.0,33.0,49.0,21.42,0.0,11.39,37,8057.0,10,1192,2553,3256,3256,76,31,87,316,537,145,503,477,381,134,514,55,0,0,0,0,0,0.774
Course 19,120,62,1.94,0.26,61,0.0,7,16,12,303,202,5,0.0,29.4,120,0.0,0.0,0.0,0.0,32.0,47.0,27.0,0.0,10.59,33,5676.0,11,1037,1586,2806,2806,0,226,104,52,51,604,1,211,337,0,1079,141,0,0,0,0,0,0.767
Course 19,120,67,1.79,0.28,66,0.0,29,18,12,334,199,5,0.0,26.6,109,10.0,0.0,0.0,0.0,34.0,41.0,23.0,0.0,9.35,29,4900.0,11,652,1952,2589,2589,24,200,63,285,0,80,17,669,614,19,447,171,0,0,0,0,0,0.739
Course 19,68,38,1.79,0.18,32,0.0,6,18,11,289,173,4,0.0,29.58,82,10.0,0.0,0.0,0.0,34.0,43.0,25.11,0.0,10.43,20,2117.0,9,347,1588,2173,2173,0,2,0,336,6,3,18,652,571,2,514,69,0,0,0,0,0,0.671
Course 19,49,32,1.53,0.16,79,0.0,1,19,11,238,170,3,0.0,36.67,87,0.0,0.0,0.0,0.0,34.0,49.0,30.5,0.0,10.89,21,860.0,10,440,1209,1694,1694,15,0,0,27,205,193,20,561,188,0,408,77,0,0,0,0,0,0.632
Course 19,128,62,2.06,0.26,82,0.0,24,27,11,513,173,5,0.0,31.8,127,20.0,0.0,0.0,0.0,35.0,45.0,28.5,0.0,9.51,27,5849.0,11,1427,3016,3902,3902,93,159,83,472,125,495,126,979,484,3,812,71,0,0,0,0,0,0.78
Course 19,122,74,1.65,0.31,98,0.0,16,18,7,463,165,5,0.0,20.07,108,20.0,0.0,0.0,0.0,25.0,25.0,19.44,0.0,9.0,32,4580.0,11,2026,3289,3831,3831,49,235,171,414,628,529,300,426,537,10,483,49,0,0,0,0,0,0.79
Course 19,125,68,1.84,0.29,48,0.0,14,12,11,239,169,5,0.0,20.93,90,10.0,0.0,0.0,0.0,25.0,30.0,18.67,0.0,9.63,29,6127.0,10,359,1217,1855,1855,40,131,0,108,74,6,6,614,238,0,362,276,0,0,0,0,0,0.679
Course 19,56,29,1.93,0.15,85,0.0,24,3,3,126,103,5,0.0,21.8,81,0.0,0.0,0.0,0.0,31.0,37.0,18.0,0.0,8.61,20,1879.0,9,184,592,1007,1007,0,141,2,0,0,41,0,322,86,13,337,65,0,0,0,0,0,0.55
Course 19,176,95,1.85,0.41,14,0.0,8,42,11,866,173,5,0.0,25.6,170,30.0,0.0,0.0,0.0,35.0,22.0,30.0,0.0,8.46,42,10605.0,11,2797,4919,5437,5437,9,404,396,346,835,807,47,387,1688,6,437,75,0,0,0,0,0,0.841
Course 19,61,37,1.65,0.17,37,0.0,6,14,10,317,176,5,0.0,30.8,93,0.0,0.0,0.0,0.0,45.0,48.0,29.33,0.0,13.03,21,2377.0,11,729,2118,2842,2842,2,0,4,269,55,399,0,17,1372,0,690,34,0,0,0,0,0,0.725
Course 19,277,118,2.35,0.5,165,0.0,19,37,11,541,178,5,0.0,27.47,115,20.0,0.0,0.0,0.0,34.0,40.0,26.11,0.0,8.85,39,14416.0,11,2026,3770,4994,4994,82,357,207,456,491,433,9,985,750,258,907,59,0,0,0,0,0,0.829
Course 19,233,97,2.4,0.41,82,0.0,6,21,12,538,203,6,0.0,24.67,171,0.0,0.0,0.0,0.0,45.0,38.0,23.0,0.0,10.99,31,6444.0,11,1245,3478,4630,4630,133,386,72,160,311,183,4,1207,1022,199,813,140,0,0,0,0,0,0.809
Course 19,55,36,1.53,0.16,50,0.0,0,13,11,240,173,4,0.0,31.0,104,0.0,0.0,0.0,0.0,35.0,44.0,34.0,0.0,10.51,23,2260.0,10,901,1407,1830,1830,8,0,0,496,132,265,2,369,135,0,365,58,0,0,0,0,0,0.657
Course 19,112,58,1.93,0.25,72,0.0,8,13,11,366,173,4,0.0,32.75,164,10.0,0.0,0.0,0.0,39.0,47.0,28.0,0.0,9.7,29,8458.0,11,1083,3021,3576,3576,0,211,97,390,21,364,0,907,1031,33,459,63,0,0,0,0,0,0.776
Course 19,124,62,2.0,0.26,58,0.0,9,19,12,332,203,4,0.0,26.75,68,0.0,0.0,0.0,0.0,34.0,46.0,20.33,0.0,10.78,26,5397.0,11,1316,1860,3280,3280,92,540,2,222,29,431,2,260,282,0,1360,60,0,0,0,0,0,0.759
Course 19,95,53,1.79,0.23,44,0.0,6,16,12,270,200,5,0.0,22.4,152,0.0,0.0,0.0,0.0,35.0,43.0,17.25,0.0,7.59,29,4040.0,11,680,1456,2558,2558,0,296,53,147,2,182,66,331,379,7,1057,38,0,0,0,0,0,0.747
Course 19,59,26,2.27,0.11,38,0.0,4,12,11,194,171,4,0.0,33.25,99,0.0,0.0,0.0,0.0,33.0,49.0,28.0,0.0,9.46,17,1651.0,10,7,987,1427,1427,2,2,0,2,0,1,4,732,244,0,395,45,0,0,0,0,0,0.615
Course 19,102,61,1.67,0.26,38,0.0,8,14,9,262,165,5,0.0,25.4,92,10.0,0.0,0.0,0.0,34.0,39.0,22.0,0.0,10.77,29,3376.0,11,816,1374,1942,1942,62,294,78,218,140,24,1,420,137,0,514,54,0,0,0,0,0,0.714
Course 21,100,55,1.82,0.24,54,0.0,3,1,1,110,83,3,0.0,38.78,92,0.0,0.0,0.0,0.0,35.0,50.0,33.17,0.0,8.36,21,2339.0,11,211,754,1021,1021,0,103,0,99,7,2,0,408,135,7,218,42,0,0,0,0,0,0.619
Course 21,79,35,2.26,0.18,66,0.0,23,13,12,276,203,8,0.0,20.62,170,0.0,0.0,0.0,0.0,42.33333,48.0,23.58,0.0,8.91,28,2881.0,11,828,1946,2495,2495,0,162,114,360,33,159,15,355,748,334,152,63,0,0,0,0,0,0.75
Course 21,21,8,2.63,0.05,14,0.0,0,0,0,0,0,3,0.0,28.78,67,0.0,0.0,0.0,0.0,34.0,26.0,30.17,0.0,8.47,4,179.0,3,0,91,172,172,0,0,0,0,0,0,0,0,91,0,28,53,0,0,0,0,0,0.458
Course 21,113,71,1.59,0.31,88,0.0,93,24,11,310,183,6,0.0,26.0,119,30.0,0.0,0.0,0.0,45.0,36.0,27.33,0.0,9.84,35,6345.0,11,1189,1851,2815,2815,0,414,208,177,145,245,5,211,446,81,738,145,0,0,0,0,0,0.784
Course 21,123,48,2.56,0.21,151,0.0,63,30,12,535,203,3,0.0,35.78,133,0.0,0.0,0.0,0.0,35.0,47.0,30.17,0.0,10.66,27,4014.0,10,1473,3342,4634,4634,0,14,619,185,411,244,67,1254,548,0,1081,211,0,0,0,0,0,0.767
Course 21,74,41,1.8,0.19,65,0.0,29,11,11,210,173,7,0.0,23.14,141,28.0,0.0,0.0,0.0,35.0,49.0,20.83,0.0,7.56,22,2150.0,9,753,1367,1723,1723,0,0,0,562,148,43,3,251,360,12,255,89,0,0,0,0,0,0.735
Course 21,105,56,1.88,0.24,45,0.0,28,13,12,264,187,4,0.0,28.83,70,28.0,0.0,0.0,0.0,38.0,26.0,23.56,0.0,9.69,28,4168.0,11,619,1914,2477,2477,0,125,6,204,38,246,246,824,225,3,456,104,0,0,0,0,0,0.752
Course 21,95,30,3.17,0.13,119,0.0,1,10,9,263,159,7,0.0,22.83,225,0.0,0.0,0.0,0.0,35.0,49.0,20.75,0.0,11.49,19,4048.0,10,900,1948,2425,2425,0,44,0,351,470,35,0,298,750,0,406,71,0,0,0,0,0,0.675
Course 21,111,48,2.31,0.21,101,0.0,13,14,11,289,164,7,0.0,24.9,155,27.0,0.0,0.0,0.0,34.0,44.0,22.08,0.0,8.9,30,5045.0,11,950,1870,2370,2370,0,233,486,146,62,23,29,641,250,0,381,119,0,0,0,0,0,0.74
Course 21,43,25,1.72,0.11,29,0.0,0,0,0,28,13,3,0.0,37.0,43,0.0,0.0,0.0,0.0,38.0,47.0,32.0,0.0,6.89,14,1269.0,8,154,263,332,332,0,146,2,4,0,2,0,13,96,0,27,42,0,0,0,0,0,0.406
Course 21,29,14,2.07,0.07,86,0.0,8,0,0,25,16,2,0.0,9.0,28,0.0,0.0,0.0,0.0,6.0,12.0,6.0,0.0,10.78,11,1413.0,6,214,313,360,360,0,31,0,0,178,5,8,0,91,0,0,47,0,0,0,0,0,0.373
Course 21,62,33,1.88,0.15,66,0.0,3,12,11,188,173,5,0.0,23.0,91,0.0,0.0,0.0,0.0,35.0,50.0,20.0,0.0,5.83,26,1217.0,11,193,801,1170,1170,0,90,43,4,49,7,4,84,520,172,126,71,0,0,0,0,0,0.669
Course 21,77,21,3.67,0.11,43,0.0,4,7,7,162,146,7,0.0,20.17,198,0.0,0.0,0.0,0.0,34.0,50.0,20.33,0.0,9.47,13,1863.0,9,735,1034,1365,1365,0,24,54,138,515,4,1,0,298,0,272,59,0,0,0,0,0,0.607
Course 21,102,57,1.79,0.25,79,0.0,26,14,11,270,176,7,0.0,29.0,169,30.0,0.0,0.0,0.0,43.0,49.0,27.25,0.0,9.63,26,4501.0,10,746,1754,2635,2635,0,161,66,102,398,19,12,238,758,53,772,56,0,0,0,0,0,0.736
Course 21,125,62,2.02,0.27,54,0.0,100,15,11,468,173,7,0.0,26.57,179,25.0,0.0,0.0,0.0,36.0,49.0,24.08,0.0,7.05,31,4838.0,11,1703,2558,3448,3448,0,427,756,400,100,20,15,544,296,98,654,138,0,0,0,0,0,0.792
Course 21,95,43,2.21,0.2,58,0.0,2,21,11,414,173,6,0.0,21.0,145,0.0,0.0,0.0,0.0,35.0,45.0,22.33,0.0,5.95,29,2064.0,11,1248,2158,3006,3006,0,474,222,96,349,107,6,699,205,1,781,66,0,0,0,0,0,0.759
Course 21,46,18,2.56,0.11,43,0.0,1,12,11,175,168,5,0.0,21.8,118,0.0,0.0,0.0,0.0,35.0,38.0,20.33,0.0,6.38,14,1154.0,9,110,683,1332,1332,0,25,0,75,7,3,1,0,572,0,595,54,0,0,0,0,0,0.606
Course 21,69,33,2.09,0.17,140,0.0,3,13,12,245,197,6,0.0,24.4,135,0.0,0.0,0.0,0.0,25.0,49.0,22.67,0.0,12.75,26,6249.0,10,1148,1760,2682,2682,0,148,15,326,659,0,5,266,341,1,874,47,0,0,0,0,0,0.728
Course 21,47,33,1.42,0.17,28,0.0,8,1,1,108,90,3,0.0,30.67,91,0.0,0.0,0.0,0.0,35.0,50.0,21.0,0.0,5.9,13,926.0,8,135,723,884,884,0,62,68,0,0,5,1,3,584,0,118,43,0,0,0,0,0,0.511
Course 21,72,37,1.95,0.16,64,0.0,7,6,6,278,152,8,0.0,26.33,179,28.0,0.0,0.0,0.0,45.0,46.0,25.42,0.0,10.83,25,4316.0,11,1136,1939,2327,2327,0,115,41,567,411,2,3,6,794,13,323,52,0,0,0,0,0,0.741
Course 21,76,39,1.95,0.17,64,0.0,3,8,7,286,163,5,0.0,23.75,106,0.0,0.0,0.0,0.0,29.0,39.0,27.5,0.0,6.97,25,2150.0,11,875,1547,2096,2096,0,208,285,259,70,53,142,168,362,88,363,98,0,0,0,0,0,0.742
Course 21,211,110,1.92,0.5,44,0.0,25,12,11,294,165,6,0.0,23.2,110,0.0,0.0,0.0,0.0,31.0,50.0,16.5,0.0,7.27,33,3316.0,11,933,1743,2282,2282,0,64,348,325,66,130,56,263,491,46,399,94,0,0,0,0,0,0.759
Course 21,97,53,1.83,0.23,85,0.0,46,19,11,388,173,7,0.0,25.67,113,0.0,0.0,0.0,0.0,40.0,48.0,24.0,0.0,6.77,33,3643.0,12,1457,2168,2901,2901,0,136,473,458,281,109,4,380,327,206,178,349,0,0,0,0,0,0.557
Course 21,61,25,2.44,0.17,46,0.0,3,14,11,249,166,5,0.0,30.4,143,0.0,0.0,0.0,0.0,45.0,50.0,29.33,0.0,7.46,22,2538.0,10,379,1528,2159,2159,0,5,6,302,45,21,0,20,1129,0,574,57,0,0,0,0,0,0.685
Course 21,32,20,1.6,0.09,22,0.0,0,8,8,170,161,6,0.0,19.8,74,19.0,0.0,0.0,0.0,29.0,22.0,16.08,0.0,10.46,13,1284.0,8,117,206,1247,1247,0,18,48,29,22,0,0,6,83,0,987,54,0,0,0,0,0,0.57
Course 21,38,17,2.24,0.24,31,0.0,7,6,6,147,136,3,0.0,29.67,51,0.0,0.0,0.0,0.0,24.0,50.0,19.5,0.0,8.6,15,1846.0,9,154,579,1101,1101,0,61,85,0,1,7,1,4,420,0,480,42,0,0,0,0,0,0.573
Course 21,34,20,1.7,0.13,30,0.0,2,11,11,199,173,5,0.0,24.53,102,0.0,0.0,0.0,0.0,27.0,44.0,23.22,0.0,9.79,16,1358.0,10,63,958,1412,1421,0,32,0,28,3,0,1,804,90,0,415,39,9,0,0,0,0,0.569
Course 21,125,62,2.02,0.27,97,0.0,18,6,4,138,86,5,0.0,16.0,134,0.0,0.0,0.0,0.0,25.0,23.0,17.0,0.0,7.53,29,5957.0,11,383,1147,1640,1640,0,46,131,77,118,11,102,399,263,192,237,64,0,0,0,0,0,0.721
Course 21,81,32,2.53,0.16,60,0.0,5,12,6,196,145,7,0.0,29.83,317,30.0,0.0,0.0,0.0,35.0,49.0,26.0,0.0,7.37,23,1776.0,11,1404,2065,2431,2431,0,254,172,580,165,233,0,4,657,24,197,145,0,0,0,0,0,0.725
Course 21,36,20,1.8,0.09,35,0.0,0,11,11,177,172,5,0.0,26.75,80,0.0,0.0,0.0,0.0,30.0,40.0,27.5,0.0,7.41,17,716.0,9,141,900,1267,1267,0,68,2,0,63,8,3,9,747,40,265,62,0,0,0,0,0,0.604
Course 21,10,5,2.0,0.03,5,0.0,0,0,0,0,0,2,0.0,33.5,20,0.0,0.0,0.0,0.0,18.0,49.0,18.0,0.0,7.89,2,90.0,2,0,34,60,60,0,0,0,0,0,0,0,0,34,0,0,26,0,0,0,0,0,0.29
Course 21,181,92,1.97,0.39,201,0.0,212,29,11,715,183,6,0.0,30.22,186,29.0,0.0,0.0,0.0,45.0,37.0,28.75,0.0,11.03,37,8670.0,11,1343,4578,6576,6576,0,370,443,489,8,33,156,790,2289,140,1665,193,0,0,0,0,0,0.843
Course 21,102,58,1.76,0.25,38,0.0,9,13,11,303,187,7,0.0,18.29,198,20.0,0.0,0.0,0.0,34.0,27.0,17.92,0.0,9.14,26,3713.0,10,719,1763,2512,2512,0,295,185,46,193,0,0,481,563,75,572,102,0,0,0,0,0,0.701
Course 21,5,5,1.0,0.07,3,0.0,0,0,0,29,20,0,0.0,0.0,0,0.0,0.0,0.0,0.0,0.0,0.0,0.0,0.0,6.89,3,201.0,2,146,146,146,146,0,105,41,0,0,0,0,0,0,0,0,0,0,0,0,0,0,0.665
Course 21,90,56,1.61,0.27,76,0.0,5,21,8,229,105,6,0.0,18.17,119,9.0,0.0,0.0,0.0,31.0,34.0,17.67,0.0,7.34,36,3060.0,11,621,1548,2133,2133,0,186,225,122,63,25,354,46,527,118,391,76,0,0,0,0,0,0.761
Course 21,169,90,1.88,0.39,89,0.0,166,28,11,551,173,6,0.0,25.0,97,30.0,0.0,0.0,0.0,35.0,33.0,25.67,0.0,8.08,37,8263.0,11,1901,3406,4354,4354,0,234,640,636,310,81,474,468,563,188,639,121,0,0,0,0,0,0.827
Course 21,127,67,1.9,0.29,75,0.0,7,12,10,301,162,6,0.0,22.67,132,20.0,0.0,0.0,0.0,32.0,39.0,21.89,0.0,8.49,30,3978.0,11,928,1914,2461,2461,0,290,163,315,55,105,88,158,740,103,366,78,0,0,0,0,0,0.758
Course 21,78,33,2.36,0.15,70,0.0,10,13,12,245,203,6,0.0,32.2,134,0.0,0.0,0.0,0.0,45.0,49.0,28.0,0.0,9.67,20,2001.0,9,407,1121,2011,2011,0,62,42,270,0,33,0,204,510,0,843,47,0,0,0,0,0,0.656
Course 21,54,30,1.8,0.15,39,0.0,7,12,11,256,172,7,0.0,23.43,150,18.0,0.0,0.0,0.0,35.0,44.0,24.25,0.0,11.15,25,3030.0,10,382,1422,1917,1917,0,72,85,74,139,12,57,394,589,0,445,50,0,0,0,0,0,0.695
Course 21,67,40,1.68,0.18,42,0.0,3,6,5,142,93,5,0.0,21.6,88,0.0,0.0,0.0,0.0,35.0,49.0,22.5,0.0,6.32,26,1749.0,11,372,919,1139,1139,0,206,18,102,31,15,9,213,325,114,42,64,0,0,0,0,0,0.676
Course 21,99,23,4.3,0.1,93,0.0,7,14,12,260,202,4,0.0,29.75,118,0.0,0.0,0.0,0.0,35.0,46.0,32.0,0.0,8.48,16,3088.0,7,62,1184,2022,2022,0,3,11,48,0,0,0,769,353,88,639,111,0,0,0,0,0,0.598
Course 21,85,42,2.02,0.19,64,0.0,61,16,11,223,172,7,0.0,24.43,114,29.0,0.0,0.0,0.0,33.0,38.0,23.42,0.0,6.62,26,3380.0,10,324,1322,1720,1720,0,117,9,81,89,28,29,12,957,11,298,89,0,0,0,0,0,0.694
Course 21,35,17,2.06,0.08,28,0.0,6,6,6,128,119,2,0.0,29.0,58,0.0,0.0,0.0,0.0,18.0,40.0,18.0,0.0,8.91,6,666.0,3,67,567,840,840,0,0,67,0,0,0,0,0,500,0,194,79,0,0,0,0,0,0.39
Course 21,45,20,2.25,0.12,39,0.0,16,5,5,173,120,5,0.0,24.2,94,0.0,0.0,0.0,0.0,35.0,48.0,22.0,0.0,11.2,11,1875.0,5,22,1144,1369,1369,0,0,0,0,20,2,0,375,747,0,149,76,0,0,0,0,0,0.646
Course 21,69,34,2.03,0.15,59,0.0,2,15,11,273,172,6,0.0,28.4,202,0.0,0.0,0.0,0.0,34.0,49.0,30.33,0.0,7.01,23,2246.0,11,485,1775,2232,2232,0,93,114,212,60,6,0,1170,120,0,406,51,0,0,0,0,0,0.708
Course 21,45,21,2.14,0.09,40,0.0,0,0,0,0,0,3,0.0,21.89,98,0.0,0.0,0.0,0.0,34.0,19.0,23.33,0.0,8.7,9,363.0,7,19,195,314,314,0,0,5,7,0,7,0,0,176,0,57,62,0,0,0,0,0,0.386
Course 21,91,44,2.07,0.19,64,0.0,6,20,12,439,203,6,0.0,22.5,118,0.0,0.0,0.0,0.0,45.0,50.0,20.33,0.0,8.08,29,3430.0,11,1323,2754,4088,4088,0,132,197,734,205,55,300,892,239,157,1122,55,0,0,0,0,0,0.8
Course 21,176,104,1.69,0.44,98,0.0,2,14,12,315,203,7,0.0,15.0,146,23.0,0.0,0.0,0.0,30.0,13.0,15.92,0.0,8.0,34,5097.0,11,1442,2084,2618,2618,0,381,316,323,128,294,138,196,308,117,355,62,0,0,0,0,0,0.781
Course 21,147,78,1.88,0.34,87,0.0,12,21,11,682,172,7,0.0,20.43,150,27.0,0.0,0.0,0.0,39.66667,32.0,24.0,0.0,8.88,34,9885.0,11,2294,3555,4583,4583,0,431,699,772,233,159,73,228,960,130,828,70,0,0,0,0,0,0.813
Course 21,131,85,1.54,0.36,75,0.0,94,26,11,518,173,6,0.0,30.89,167,28.0,0.0,0.0,0.0,44.0,40.0,27.92,0.0,6.81,31,4231.0,10,2066,3214,4143,4143,0,320,586,316,447,397,304,460,384,181,629,119,0,0,0,0,0,0.795
Course 21,80,51,1.57,0.22,66,0.0,40,15,10,277,178,4,0.0,23.0,94,0.0,0.0,0.0,0.0,35.0,29.0,26.5,0.0,9.75,30,5287.0,12,649,1764,2370,2370,0,224,222,9,189,5,164,438,513,0,503,103,0,0,0,0,0,0.735
Course 21,99,47,2.11,0.2,124,0.0,10,15,11,268,176,5,0.0,22.07,157,0.0,0.0,0.0,0.0,31.66667,12.0,29.44,0.0,8.94,28,3369.0,10,997,1739,2403,2403,0,71,452,329,15,130,45,610,87,0,590,74,0,0,0,0,0,0.719
Course 21,213,112,1.9,0.48,100,0.0,17,19,12,400,202,5,0.0,21.4,109,26.0,0.0,0.0,0.0,34.0,17.0,22.22,0.0,12.27,42,14644.0,12,1282,1961,3006,3006,0,328,244,219,163,328,183,268,228,516,479,50,0,0,0,0,0,0.56
Course 21,215,100,2.15,0.44,94,0.0,4,8,5,405,140,4,0.0,24.58,90,27.0,0.0,0.0,0.0,35.0,20.0,20.11,0.0,9.97,39,11319.0,10,1255,3133,3592,3592,0,0,65,524,435,231,47,1117,714,117,205,137,0,0,0,0,0,0.828
Course 21,109,44,2.48,0.19,89,0.0,8,19,11,286,172,7,0.0,27.28,197,0.0,0.0,0.0,0.0,45.0,49.0,27.42,0.0,6.4,30,3032.0,11,709,1965,2840,2840,0,238,16,190,207,58,10,948,298,274,334,267,0,0,0,0,0,0.762
Course 21,98,48,2.04,0.22,81,0.0,15,12,11,337,173,7,0.0,22.94,246,20.0,0.0,0.0,0.0,30.0,40.0,18.83,0.0,10.54,28,3073.0,11,850,2185,2826,2826,0,81,183,221,214,151,16,244,1075,114,435,92,0,0,0,0,0,0.768
Course 21,100,52,1.92,0.27,77,0.0,77,12,11,359,173,6,0.0,25.5,138,29.0,0.0,0.0,0.0,35.0,50.0,22.56,0.0,8.87,31,5855.0,12,1401,2154,2924,2924,0,235,223,379,356,208,114,180,459,120,577,73,0,0,0,0,0,0.76
Course 21,84,41,2.05,0.17,53,0.0,28,13,11,206,165,6,0.0,20.17,119,28.0,0.0,0.0,0.0,25.0,23.0,17.33,0.0,9.41,29,3181.0,11,624,1257,1735,1735,0,144,87,82,304,7,0,11,622,7,383,88,0,0,0,0,0,0.7
Course 21,127,79,1.61,0.34,71,0.0,5,17,12,430,203,6,0.0,20.11,139,26.0,0.0,0.0,0.0,36.66667,22.0,21.11,0.0,7.98,33,3802.0,12,1725,2618,3733,3734,0,170,526,208,102,719,303,50,540,0,1039,76,0,0,0,1,0,0.628
Course 21,105,57,1.84,0.24,151,0.0,3,17,11,281,173,6,0.0,20.28,116,0.0,0.0,0.0,0.0,45.0,18.0,31.22,0.0,10.79,34,5496.0,10,1260,1791,2577,2577,0,393,271,232,285,79,46,303,182,29,699,58,0,0,0,0,0,0.751
Course 21,105,39,2.69,0.17,91,0.0,8,13,11,243,173,7,0.0,20.81,147,0.0,0.0,0.0,0.0,35.0,50.0,19.17,0.0,6.62,26,3808.0,10,656,1289,1908,1908,0,123,250,95,172,16,1,533,99,165,396,58,0,0,0,0,0,0.705
Course 21,62,29,2.14,0.15,40,0.0,1,12,11,259,173,6,0.0,29.8,177,29.0,0.0,0.0,0.0,45.0,40.0,29.56,0.0,8.7,18,1252.0,9,760,1333,1925,1925,0,218,142,204,193,3,0,480,93,189,359,44,0,0,0,0,0,0.65
Course 21,111,44,2.52,0.19,137,0.0,7,12,11,277,173,6,0.0,18.17,135,0.0,0.0,0.0,0.0,30.0,47.0,15.25,0.0,7.51,27,2280.0,11,390,1571,2310,2310,0,156,177,19,28,10,7,817,357,86,579,74,0,0,0,0,0,0.752
Course 21,79,46,1.72,0.2,36,0.0,62,14,12,293,198,8,0.0,23.0,157,23.0,0.0,0.0,0.0,36.0,46.0,21.42,0.0,6.77,21,2735.0,9,776,1385,2345,2345,0,13,93,151,32,487,51,27,531,47,797,116,0,0,0,0,0,0.703
Course 21,111,60,1.85,0.27,114,0.0,40,20,11,334,171,7,0.0,30.06,213,29.0,0.0,0.0,0.0,34.0,46.0,25.25,0.0,8.41,29,4155.0,11,1340,2006,2772,2772,0,232,495,86,493,34,35,332,299,203,449,114,0,0,0,0,0,0.763
Course 21,58,26,2.23,0.13,29,0.0,6,16,8,253,167,6,0.0,24.28,103,7.0,0.0,0.0,0.0,33.33333,41.0,22.5,0.0,8.5,22,2600.0,9,511,1318,1881,1881,0,108,233,84,86,0,0,0,807,62,431,70,0,0,0,0,0,0.63
Course 21,65,42,1.55,0.18,41,0.0,4,14,11,223,164,6,0.0,27.8,91,0.0,0.0,0.0,0.0,35.0,46.0,29.67,0.0,11.9,25,1927.0,11,283,1035,1703,1703,0,156,63,7,46,11,27,24,701,63,567,38,0,0,0,0,0,0.701
Course 21,57,27,2.11,0.13,44,0.0,5,14,12,259,202,5,0.0,28.4,110,0.0,0.0,0.0,0.0,34.0,45.0,29.0,0.0,10.05,16,2124.0,8,159,1029,1825,1825,0,0,81,75,0,3,0,8,862,99,634,63,0,0,0,0,0,0.647
Course 21,87,43,2.02,0.19,95,0.0,6,11,10,320,158,6,0.0,23.39,157,27.0,0.0,0.0,0.0,27.33333,46.0,20.44,0.0,8.1,26,4035.0,10,1163,1952,2504,2504,0,257,322,291,290,3,0,557,232,51,455,46,0,0,0,0,0,0.725
Course 28,118,73,1.62,0.33,47,100.0,13,14,5,372,163,5,0.0,45.4,223,84.0,35.0,0.0,0.0,41.0,42.0,16.33,0.0,8.52,24,3075.0,8,2021,2874,4068,4068,0,0,0,953,786,282,122,302,429,152,983,59,0,0,0,0,0,0.793
Course 28,278,114,2.44,0.51,115,100.0,104,6,5,424,164,6,0.0,38.67,318,85.0,40.0,0.0,0.0,39.0,43.0,15.83,0.0,9.16,30,6967.0,9,2247,3182,5222,5222,0,0,0,1044,743,460,282,328,325,735,1220,85,0,0,0,0,0,0.849
Course 28,40,25,1.6,0.15,33,100.0,9,11,5,307,163,5,0.0,25.4,194,10.0,34.0,0.0,0.0,35.0,46.0,10.31,0.0,8.94,19,1845.0,8,1023,1906,2795,2795,0,0,0,423,511,89,189,594,100,27,796,66,0,0,0,0,0,0.746
Course 28,181,73,2.48,0.34,97,100.0,48,16,5,665,163,4,0.0,50.75,162,85.0,39.0,0.0,0.0,37.0,42.0,15.28,0.0,9.63,32,8706.0,9,3000,3816,6047,6047,0,0,0,1330,1485,185,100,526,190,1055,1122,54,0,0,0,0,0,0.862
Course 28,78,38,2.05,0.22,62,100.0,20,8,5,413,163,4,0.0,34.25,148,0.0,35.0,0.0,0.0,41.0,38.0,22.78,0.0,8.84,23,2378.0,9,1815,2575,3849,3849,0,0,0,699,583,533,236,378,146,258,938,78,0,0,0,0,0,0.806
Course 28,64,34,1.88,0.2,87,100.0,8,5,5,252,163,4,0.0,31.5,160,17.0,28.0,0.0,0.0,35.0,46.0,10.72,0.0,6.97,19,2297.0,7,1148,1660,2520,2520,0,0,0,357,553,238,0,302,210,78,703,79,0,0,0,0,0,0.702
Course 28,154,91,1.69,0.41,64,100.0,17,10,5,482,163,5,0.0,49.8,237,85.0,45.0,0.0,0.0,44.0,50.0,17.22,0.0,7.91,26,5198.0,9,2525,3464,4780,4780,0,0,0,893,1106,526,224,472,243,95,1159,62,0,0,0,0,0,0.831
Course 28,63,41,1.54,0.24,20,100.0,7,5,5,240,163,5,0.0,46.8,193,85.0,34.0,0.0,0.0,40.0,50.0,16.11,0.0,9.01,19,1213.0,9,1010,1740,2676,2676,0,0,0,546,377,87,86,376,268,50,833,53,0,0,0,0,0,0.762
Course 28,156,84,1.86,0.38,71,99.39,1,7,5,357,163,5,0.0,31.6,276,49.0,29.0,0.0,0.0,31.0,27.0,11.49,0.0,8.79,25,3410.0,8,1803,2997,4158,4158,0,0,0,875,660,268,351,546,297,344,762,55,0,0,0,0,0,0.805
Course 28,135,82,1.65,0.37,27,100.0,1,5,5,356,163,4,0.0,50.0,205,85.0,35.0,0.0,0.0,34.0,46.0,14.44,0.0,6.78,23,2492.0,9,1735,2225,3235,3235,0,0,0,406,754,575,8,418,64,185,719,106,0,0,0,0,0,0.798
Course 28,56,33,1.7,0.19,95,100.0,10,6,5,267,163,5,0.0,33.4,251,21.0,35.0,0.0,0.0,39.0,47.0,12.07,0.0,7.57,22,3423.0,8,1087,1935,3098,3098,0,0,0,403,370,314,83,552,213,52,1042,69,0,0,0,0,0,0.769
Course 28,108,79,1.37,0.36,47,100.0,13,6,5,415,163,5,0.0,41.2,308,85.0,32.0,0.0,0.0,31.0,33.0,13.61,0.0,7.41,22,2201.0,9,1928,2973,3878,3878,0,0,0,774,642,512,138,647,260,395,439,71,0,0,0,0,0,0.814
Course 28,97,64,1.52,0.32,9,100.0,30,7,5,379,163,5,0.0,34.4,173,43.0,35.0,0.0,0.0,38.0,32.0,13.08,0.0,7.22,27,2682.0,9,1797,2696,3597,3597,0,0,0,519,848,430,255,330,314,168,643,90,0,0,0,0,0,0.824
Course 28,85,57,1.49,0.28,44,100.0,8,10,5,401,163,5,0.0,47.8,271,85.0,40.0,0.0,0.0,43.0,46.0,16.94,0.0,9.01,25,3151.0,8,1298,2215,3746,3746,0,0,0,543,487,268,177,588,152,71,1397,63,0,0,0,0,0,0.793
Course 28,119,72,1.65,0.32,51,100.0,0,6,5,351,163,5,0.0,42.2,163,85.0,28.0,0.0,0.0,33.0,40.0,14.17,0.0,8.81,26,6404.0,8,1170,1885,3518,3518,0,0,0,384,504,282,75,440,200,762,832,39,0,0,0,0,0,0.794
Course 28,61,36,1.69,0.21,45,100.0,40,5,5,245,163,5,0.0,38.2,151,54.0,35.0,0.0,0.0,35.0,42.0,12.9,0.0,8.57,20,2864.0,7,783,1456,2660,2660,0,0,0,91,455,237,269,388,16,404,758,42,0,0,0,0,0,0.745
Course 28,152,74,2.05,0.35,130,100.0,23,5,5,312,163,5,0.0,41.6,233,45.0,45.0,0.0,0.0,44.0,49.0,14.87,0.0,10.32,25,3293.0,8,1994,3585,4531,4531,0,0,0,770,834,390,63,1255,273,157,683,106,0,0,0,0,0,0.805
Course 28,119,65,1.83,0.32,32,100.0,57,10,5,441,163,5,0.0,31.4,241,19.0,35.0,0.0,0.0,37.0,41.0,11.4,0.0,9.32,30,5774.0,9,2267,3730,4940,4940,0,0,0,528,1124,615,206,981,276,150,983,77,0,0,0,0,0,0.849
Course 28,54,32,1.69,0.19,72,100.0,10,6,5,267,163,5,0.0,30.6,201,10.0,45.0,0.0,0.0,31.0,47.0,9.2,0.0,9.01,24,2971.0,8,923,1644,2717,2717,0,0,0,497,208,218,98,516,107,500,481,92,0,0,0,0,0,0.762
Course 28,112,53,2.11,0.25,79,100.0,20,10,5,420,163,5,0.0,45.6,214,85.0,34.0,0.0,0.0,34.0,50.0,14.44,0.0,9.98,24,3265.0,8,1926,2827,4297,4297,0,0,0,799,687,440,136,529,236,87,1331,52,0,0,0,0,0,0.795
Course 28,162,85,1.91,0.39,62,100.0,50,13,5,438,163,5,0.0,40.0,262,41.0,44.0,0.0,0.0,43.0,47.0,14.36,0.0,8.06,30,5760.0,9,2011,3110,4424,4424,0,0,0,726,752,533,364,418,317,502,720,92,0,0,0,0,0,0.842
Course 28,74,54,1.37,0.3,27,100.0,77,5,5,420,163,5,0.0,49.8,282,85.0,45.0,0.0,0.0,44.0,50.0,17.22,0.0,7.79,22,2429.0,8,1467,2730,4318,4318,0,0,0,131,841,495,267,671,325,383,1124,81,0,0,0,0,0,0.801
Course 28,37,27,1.37,0.16,71,100.0,2,6,5,285,153,5,0.0,45.2,195,80.0,35.0,0.0,0.0,44.0,43.0,16.93,0.0,7.97,17,1094.0,9,1255,1998,2788,2788,0,0,0,645,412,198,123,491,129,63,688,39,0,0,0,0,0,0.759
Course 28,85,42,2.02,0.25,82,100.0,39,8,5,405,163,5,0.0,44.2,182,85.0,35.0,0.0,0.0,39.0,37.0,15.83,0.0,7.71,25,3768.0,9,1707,2355,3770,3770,0,0,0,463,1047,197,91,436,121,605,735,75,0,0,0,0,0,0.813
Course 28,96,48,2.0,0.23,51,100.0,4,6,5,237,163,6,0.0,27.92,134,21.0,32.0,0.0,0.0,43.5,46.0,13.32,0.0,10.17,19,1066.0,10,1191,1727,2452,2452,0,0,0,503,364,324,113,240,183,36,623,66,0,0,0,0,0,0.735
Course 28,77,39,1.97,0.2,68,100.0,69,9,5,325,163,5,0.0,40.2,215,59.0,34.0,0.0,0.0,39.0,46.0,14.3,0.0,9.51,26,9371.0,9,1073,1857,3221,3221,0,0,0,331,473,269,217,532,35,851,453,60,0,0,0,0,0,0.802
Course 28,102,57,1.79,0.26,64,100.0,1,6,5,293,163,5,0.0,24.4,203,29.0,35.0,0.0,0.0,23.0,35.0,8.09,0.0,9.4,23,4249.0,8,1005,1534,3129,3129,0,0,0,280,534,191,84,345,100,28,1514,53,0,0,0,0,0,0.767
Course 28,44,33,1.33,0.19,19,100.0,12,5,5,273,163,5,0.0,43.4,134,85.0,31.0,0.0,0.0,30.0,46.0,13.33,0.0,8.21,13,838.0,8,718,1488,2418,2418,0,0,0,135,583,0,62,362,346,40,818,72,0,0,0,0,0,0.709
Course 28,48,39,1.23,0.23,14,100.0,25,9,5,270,163,5,0.0,44.8,211,75.0,34.0,0.0,0.0,41.0,49.0,15.8,0.0,7.57,20,1346.0,9,1071,1760,2748,2748,0,0,0,494,334,243,82,345,262,66,850,72,0,0,0,0,0,0.78
Course 28,117,61,1.92,0.31,20,100.0,14,12,5,299,163,5,0.0,42.6,208,55.0,45.0,0.0,0.0,39.0,49.0,14.07,0.0,7.4,23,2434.0,9,1309,2122,3191,3191,0,0,0,425,595,289,232,374,207,590,424,55,0,0,0,0,0,0.799
Course 28,151,75,2.01,0.36,79,100.0,7,14,5,471,163,5,0.0,37.2,217,65.0,34.0,0.0,0.0,31.0,32.0,12.43,0.0,8.53,25,5183.0,9,1938,3167,4654,4654,0,0,0,833,688,417,307,659,263,583,842,62,0,0,0,0,0,0.827
Course 28,215,91,2.36,0.42,28,100.0,55,7,5,463,163,5,0.0,47.6,318,79.0,45.0,0.0,0.0,42.0,47.0,16.31,0.0,8.66,29,4024.0,9,1913,3866,5691,5691,0,0,0,705,435,773,520,1079,354,271,1476,78,0,0,0,0,0,0.859
Course 28,221,99,2.23,0.45,116,100.0,216,18,5,734,163,5,0.0,40.6,313,45.0,40.0,0.0,0.0,44.0,49.0,14.87,0.0,9.58,30,9996.0,10,3077,4879,7905,7905,0,0,0,931,1232,914,503,858,441,1250,1727,49,0,0,0,0,0,0.599
Course 28,58,38,1.53,0.21,52,100.0,69,6,5,337,163,4,0.0,32.5,104,0.0,26.0,0.0,0.0,39.0,40.0,21.67,0.0,7.97,21,2341.0,8,1987,2562,3393,3393,0,0,0,996,430,561,108,149,318,94,694,43,0,0,0,0,0,0.775
Course 28,124,76,1.63,0.34,53,100.0,18,8,5,544,163,5,0.0,46.6,198,84.0,38.0,0.0,0.0,44.0,42.0,17.16,0.0,8.9,24,5018.0,9,2908,3873,4412,4412,0,0,0,1938,793,177,140,439,386,69,404,66,0,0,0,0,0,0.819
Course 28,104,70,1.49,0.32,52,100.0,5,10,5,257,163,4,0.0,35.5,121,0.0,27.0,0.0,0.0,45.0,45.0,25.0,0.0,10.37,21,2614.0,9,950,1649,2478,2478,0,0,0,486,448,16,252,189,258,31,726,72,0,0,0,0,0,0.762
Course 28,128,62,2.06,0.3,40,100.0,4,12,5,442,163,4,0.0,31.0,178,0.0,26.0,0.0,0.0,33.0,40.0,18.33,0.0,8.14,22,3646.0,9,1812,2939,4092,4092,0,0,0,882,617,313,292,480,355,85,959,109,0,0,0,0,0,0.811
Course 28,90,50,1.8,0.23,60,100.0,5,11,5,318,163,5,0.0,35.4,284,47.0,33.0,0.0,0.0,29.0,43.0,10.82,0.0,10.17,22,4170.0,9,1319,2178,3040,3040,0,0,0,551,404,364,139,558,162,106,679,77,0,0,0,0,0,0.786
Course 28,154,76,2.03,0.35,131,100.0,16,5,5,255,163,5,0.0,36.0,257,40.0,40.0,0.0,0.0,36.0,40.0,12.35,0.0,8.59,25,4528.0,9,1743,3389,4393,4393,0,0,0,852,582,309,191,1192,263,121,769,114,0,0,0,0,0,0.83
Course 28,119,78,1.53,0.36,58,100.0,35,11,5,296,163,5,0.0,30.7,158,17.0,45.0,0.0,0.0,35.5,31.0,10.86,0.0,6.76,26,3168.0,9,1497,2203,3058,3058,0,0,0,985,341,171,150,329,227,286,512,57,0,0,0,0,0,0.806
Course 28,86,48,1.79,0.27,90,100.0,25,15,5,400,163,6,0.0,29.83,244,39.0,33.0,0.0,0.0,39.0,43.0,13.13,0.0,7.9,23,2883.0,8,1222,2551,4368,4368,0,0,0,405,446,371,172,803,354,349,1409,59,0,0,0,0,0,0.8
Course 28,38,26,1.46,0.16,40,100.0,20,8,5,350,163,4,0.0,36.0,147,0.0,42.0,0.0,0.0,41.0,36.0,22.78,0.0,10.21,20,1569.0,8,1206,1988,3421,3421,0,0,0,531,509,166,258,296,228,70,1298,65,0,0,0,0,0,0.771
Course 28,58,34,1.71,0.21,26,100.0,7,7,5,354,163,5,0.0,46.2,156,85.0,43.0,0.0,0.0,44.0,39.0,17.22,0.0,7.24,22,1861.0,8,1473,1941,3021,3021,0,0,0,61,950,462,137,282,49,55,973,52,0,0,0,0,0,0.787
Course 28,107,56,1.91,0.28,63,100.0,19,9,5,388,163,5,0.0,40.4,234,68.0,31.0,0.0,0.0,37.0,42.0,14.28,0.0,8.58,21,4239.0,8,1838,2665,3875,3875,0,0,0,686,800,352,152,329,346,446,704,60,0,0,0,0,0,0.785
Course 28,110,59,1.86,0.27,57,100.0,10,11,5,286,163,6,0.0,25.33,258,50.0,0.0,0.0,0.0,32.0,45.0,14.55,0.0,7.22,24,3815.0,9,1711,2421,3267,3267,0,0,0,1158,401,152,256,450,4,52,708,86,0,0,0,0,0,0.796
Course 28,69,31,2.23,0.18,47,100.0,8,8,5,265,163,4,0.0,32.75,112,15.0,39.0,0.0,0.0,32.0,45.0,9.77,0.0,10.6,19,2411.0,9,983,1275,2532,2532,0,0,0,325,465,193,113,164,15,54,1138,65,0,0,0,0,0,0.756
Course 28,125,88,1.42,0.4,53,100.0,1,9,5,323,163,6,0.0,29.83,153,40.0,35.0,0.0,0.0,33.0,46.0,11.52,0.0,10.74,23,4266.0,9,1310,1916,2848,2848,0,0,0,317,313,680,78,312,216,68,829,35,0,0,0,0,0,0.778
Course 28,46,32,1.44,0.21,16,100.0,7,5,5,253,163,5,0.0,29.4,180,20.0,35.0,0.0,0.0,38.0,44.0,11.73,0.0,8.11,23,1997.0,8,1193,2162,2941,2941,0,0,0,316,695,182,56,654,259,60,636,83,0,0,0,0,0,0.764
Course 28,180,93,1.94,0.42,32,100.0,100,8,5,688,163,5,0.0,43.0,202,85.0,26.0,0.0,0.0,44.0,35.0,17.22,0.0,9.2,35,7898.0,9,2802,3818,5703,5703,0,0,0,1181,1072,549,311,384,321,868,952,65,0,0,0,0,0,0.87
Course 28,110,62,1.77,0.29,38,100.0,2,5,5,282,163,5,0.0,29.4,327,16.0,31.0,0.0,0.0,31.0,45.0,9.55,0.0,7.65,18,1774.0,7,1246,2039,3169,3169,0,0,0,411,527,308,164,629,0,34,971,125,0,0,0,0,0,0.741
Course 28,197,96,2.05,0.43,75,100.0,90,7,5,351,163,4,0.0,49.75,219,85.0,35.0,0.0,0.0,35.0,44.0,14.72,0.0,9.04,26,3431.0,9,1571,2435,3689,3689,0,0,0,200,827,544,29,598,237,579,538,137,0,0,0,0,0,0.817
Course 28,151,81,1.86,0.37,14,100.0,31,8,5,431,163,5,0.0,44.4,175,80.0,36.0,0.0,0.0,41.0,40.0,16.09,0.0,7.49,21,2660.0,8,1590,2692,4054,4054,0,0,0,703,622,265,274,578,250,87,1210,65,0,0,0,0,0,0.794
Course 28,110,69,1.59,0.32,41,100.0,7,9,5,372,163,5,0.0,35.5,172,59.0,33.0,0.0,0.0,30.5,31.0,11.94,0.0,7.36,22,2324.0,8,1485,2142,3359,3359,0,0,0,418,404,663,48,430,179,42,1105,70,0,0,0,0,0,0.775
Course 28,144,84,1.71,0.38,108,100.0,26,6,5,584,163,5,0.0,41.4,259,58.0,45.0,0.0,0.0,44.0,35.0,15.63,0.0,9.51,26,7356.0,9,2564,4226,5851,5851,0,0,0,1038,1105,421,665,883,114,790,769,66,0,0,0,0,0,0.848
Course 28,175,77,2.27,0.37,89,100.0,272,13,5,498,163,5,0.0,43.6,217,80.0,34.0,0.0,0.0,33.0,46.0,13.87,0.0,8.3,26,5145.0,9,2382,3972,5877,5877,0,0,0,715,1023,644,325,983,282,458,1269,178,0,0,0,0,0,0.849
Course 28,73,35,2.09,0.19,54,99.35,3,11,5,271,154,5,0.0,31.2,266,65.0,20.0,0.0,0.0,23.0,24.0,10.21,0.0,7.92,20,2596.0,8,1057,1890,2883,2883,0,0,0,309,475,273,76,533,224,53,736,204,0,0,0,0,0,0.756
Course 28,48,29,1.66,0.17,15,100.0,0,7,5,237,163,5,0.0,35.6,274,43.0,30.0,0.0,0.0,32.0,49.0,11.42,0.0,9.75,16,1087.0,9,978,1743,2623,2623,0,0,0,482,209,287,162,464,139,26,775,79,0,0,0,0,0,0.747
Course 28,134,79,1.7,0.36,38,100.0,12,9,5,294,163,5,0.0,40.4,339,69.0,34.0,0.0,0.0,31.0,43.0,12.67,0.0,8.87,21,2327.0,8,1295,2335,3384,3384,0,0,0,516,585,194,229,500,311,126,856,67,0,0,0,0,0,0.774
Course 28,64,44,1.45,0.21,36,100.0,14,6,5,277,163,5,0.0,28.0,198,30.0,30.0,0.0,0.0,29.0,28.0,9.82,0.0,8.17,18,1437.0,8,1084,1982,2823,2823,0,0,0,174,612,298,176,455,267,97,692,52,0,0,0,0,0,0.747
Course 28,62,41,1.51,0.23,80,100.0,21,5,5,331,163,5,0.0,33.4,250,39.0,30.0,0.0,0.0,27.0,46.0,9.79,0.0,8.41,20,1564.0,9,1586,2682,3423,3423,0,0,0,564,659,363,137,664,295,35,625,81,0,0,0,0,0,0.783
Course 28,68,47,1.45,0.27,47,100.0,26,5,5,354,163,5,0.0,40.2,223,65.0,35.0,0.0,0.0,37.0,46.0,14.1,0.0,8.46,26,2781.0,9,1762,3210,4666,4666,0,0,0,664,587,511,232,896,320,530,838,88,0,0,0,0,0,0.83
Course 28,20,11,1.82,0.2,20,100.0,7,4,4,211,141,5,0.0,25.4,87,0.0,25.0,0.0,0.0,32.0,45.0,17.78,0.0,6.86,11,687.0,7,248,1198,1916,1916,0,0,0,239,0,9,558,124,268,43,580,95,0,0,0,0,0,0.67
Course 28,162,77,2.1,0.35,84,100.0,50,13,5,394,163,5,0.0,41.4,246,75.0,30.0,0.0,0.0,31.0,46.0,13.02,0.0,8.71,28,4920.0,9,1897,3048,4596,4596,0,0,0,587,735,575,123,731,297,233,1239,76,0,0,0,0,0,0.839
Course 28,66,36,1.83,0.22,47,100.0,2,5,5,290,163,5,0.0,34.6,198,45.0,26.0,0.0,0.0,28.0,49.0,10.42,0.0,8.87,24,2641.0,8,802,1828,2689,2689,0,0,0,339,409,54,161,671,194,48,771,42,0,0,0,0,0,0.761
Course 28,94,59,1.59,0.32,44,100.0,45,7,5,434,163,5,0.0,42.2,205,85.0,24.0,0.0,0.0,35.0,42.0,14.72,0.0,8.48,23,3074.0,9,1471,2291,3510,3510,0,0,0,615,707,149,95,589,136,39,1135,45,0,0,0,0,0,0.788
Course 28,95,62,1.53,0.28,62,100.0,71,11,5,684,163,6,0.0,39.67,272,85.0,34.0,0.0,0.0,45.0,41.0,17.5,0.0,8.21,28,4986.0,10,2459,3840,5532,5532,0,0,0,801,1167,491,234,923,224,321,1218,153,0,0,0,0,0,0.544
Course 28,99,58,1.71,0.28,49,100.0,119,6,5,354,163,4,0.0,36.25,125,0.0,33.0,0.0,0.0,44.0,43.0,24.44,0.0,7.64,24,2295.0,9,1297,2065,3431,3431,0,0,0,379,506,412,147,342,279,468,724,174,0,0,0,0,0,0.799
Course 28,101,68,1.49,0.31,45,100.0,63,6,5,340,163,5,0.0,39.0,220,80.0,26.0,0.0,0.0,29.0,35.0,12.76,0.0,8.13,24,3972.0,9,1517,2332,3102,3102,0,0,0,632,406,479,199,453,163,166,548,56,0,0,0,0,0,0.799
Course 28,79,46,1.72,0.25,24,100.0,5,7,5,298,163,5,0.0,38.2,315,45.0,39.0,0.0,0.0,34.0,48.0,12.09,0.0,9.22,24,2479.0,9,1180,2198,3345,3345,0,0,0,549,199,432,206,478,334,97,980,70,0,0,0,0,0,0.797
Course 28,59,38,1.55,0.21,22,100.0,12,6,5,266,160,4,0.0,43.25,201,55.0,35.0,0.0,0.0,34.0,49.0,12.68,0.0,8.5,16,2111.0,7,745,1337,2765,2765,0,0,0,218,395,132,0,486,106,69,1307,52,0,0,0,0,0,0.708
Course 28,173,91,1.9,0.42,32,100.0,1,10,5,341,163,6,0.0,33.17,318,65.0,35.0,0.0,0.0,32.0,39.0,12.71,0.0,8.3,21,3100.0,7,1069,2102,3736,3736,0,0,0,380,493,196,165,670,198,301,1263,70,0,0,0,0,0,0.788
Course 29,0,0,0.0,0.0,0,0.0,0,0,0,0,0,0,0.0,0.0,0,0.0,0.0,0.0,0.0,0.0,0.0,0.0,0.0,0.0,0,0.0,0,0,0,0,0,0,0,0,0,0,0,0,0,0,0,0,0,0,0,0,0,0,0.0
Course 29,61,35,1.74,0.2,60,100.0,12,5,5,217,163,5,0.0,37.2,216,85.0,24.0,0.0,0.0,23.0,35.0,11.39,0.0,7.21,17,1337.0,9,620,1464,2433,2433,0,0,0,408,0,212,288,208,348,52,488,429,0,0,0,0,0,0.749
Course 29,91,54,1.69,0.26,163,100.0,153,5,5,416,163,5,0.0,45.9,177,80.0,45.0,0.0,0.0,42.5,37.0,16.51,0.0,8.27,28,2988.0,11,2812,4472,5270,5270,8,19,16,1604,663,502,731,635,294,109,566,123,0,0,0,0,0,0.81
Course 29,71,40,1.78,0.24,41,100.0,2,5,5,232,163,4,0.0,37.0,79,45.0,30.0,0.0,0.0,31.0,42.0,11.26,0.0,7.69,16,1491.0,8,1014,1921,2102,2102,0,0,0,399,503,112,0,900,7,40,97,44,0,0,0,0,0,0.707
Course 29,92,33,2.79,0.19,86,100.0,35,7,5,423,163,4,0.0,36.0,144,0.0,39.0,0.0,0.0,44.0,38.0,24.44,0.0,8.43,29,5553.0,11,3112,3733,4827,4827,4,0,18,1848,624,618,463,10,148,219,806,69,0,0,0,0,0,0.791
Course 29,50,34,1.47,0.19,17,100.0,2,15,5,219,163,5,0.0,41.4,183,85.0,35.0,0.0,0.0,29.0,33.0,13.06,0.0,8.63,25,2905.0,9,576,1331,2206,2206,5,0,0,213,304,54,262,446,47,229,574,72,0,0,0,0,0,0.65
Course 29,100,52,1.92,0.26,79,100.0,4,12,5,258,163,5,0.0,45.5,205,85.0,33.0,0.0,0.0,36.5,48.0,15.14,0.0,7.92,28,3222.0,11,955,1808,2622,2622,1,5,1,467,405,76,358,212,283,130,594,90,0,0,0,0,0,0.749
Course 29,85,41,2.07,0.23,84,100.0,51,9,5,261,163,5,0.0,43.6,140,85.0,35.0,0.0,0.0,28.0,45.0,12.78,0.0,9.63,31,6085.0,10,1092,2475,3570,3570,8,4,0,484,367,229,136,1085,162,257,760,78,0,0,0,0,0,0.762
Course 29,74,37,2.0,0.2,49,100.0,1,2,2,181,155,5,0.0,33.0,167,30.0,29.0,0.0,0.0,34.0,48.0,11.21,0.0,9.93,16,746.0,8,553,1133,1802,1802,0,0,0,83,237,233,290,288,2,45,578,46,0,0,0,0,0,0.701
Course 29,114,44,2.59,0.26,251,100.0,3,5,5,254,163,4,0.0,44.5,133,70.0,32.0,0.0,0.0,32.0,44.0,13.01,0.0,7.01,21,1538.0,8,1387,2652,3447,3447,0,0,0,349,500,538,227,418,620,48,667,80,0,0,0,0,0,0.803
Course 29,126,32,3.94,0.2,122,100.0,0,6,5,268,210,6,0.0,30.67,176,65.0,29.0,0.0,0.0,20.0,46.0,9.38,0.0,8.09,20,2293.0,7,751,1074,2923,2923,0,0,0,80,405,266,121,188,14,62,1740,47,0,0,0,0,0,0.769
Course 29,61,32,1.91,0.18,42,100.0,2,5,5,198,163,5,0.0,45.4,181,85.0,39.0,0.0,0.0,33.0,45.0,14.17,0.0,8.38,25,3251.0,11,901,2024,2636,2636,0,3,1,418,239,240,217,760,146,48,502,62,0,0,0,0,0,0.759
Course 29,78,39,2.0,0.23,124,100.0,1,5,5,232,163,5,0.0,43.9,178,65.0,45.0,0.0,0.0,35.5,49.0,13.68,0.0,9.3,17,2015.0,8,1551,2589,3399,3399,0,0,0,68,1221,262,417,409,212,65,712,33,0,0,0,0,0,0.774
Course 29,42,24,1.75,0.14,39,100.0,2,5,5,236,163,4,0.0,34.25,101,0.0,33.0,0.0,0.0,30.0,49.0,16.67,0.0,7.21,18,1244.0,7,831,1160,2203,2203,1,2,0,287,480,61,196,133,0,45,909,89,0,0,0,0,0,0.64
Course 29,304,109,2.79,0.46,53,100.0,6,9,5,223,163,5,0.0,45.0,159,84.0,35.0,0.0,0.0,32.0,49.0,13.83,0.0,10.09,34,5243.0,11,1080,1693,3051,3051,8,0,6,560,360,146,190,382,41,359,904,95,0,0,0,0,0,0.754
Course 29,90,43,2.09,0.25,44,100.0,1,5,5,313,167,4,0.0,34.0,145,0.0,29.0,0.0,0.0,35.0,47.0,19.44,0.0,8.29,21,2954.0,8,1380,1874,3057,3057,0,0,0,300,869,211,230,263,1,244,892,47,0,0,0,0,0,0.779
Course 29,98,55,1.78,0.28,56,100.0,3,7,5,317,163,4,0.0,36.75,124,0.0,40.0,0.0,0.0,34.0,48.0,18.89,0.0,8.44,28,2658.0,11,1734,2914,3541,3541,0,1,25,930,654,124,329,76,775,375,206,46,0,0,0,0,0,0.782
Course 29,72,36,2.0,0.2,177,100.0,11,5,5,250,161,4,0.0,35.25,106,0.0,45.0,0.0,0.0,34.0,37.0,18.89,0.0,9.58,20,1694.0,10,1205,1934,2590,2590,3,1,2,931,266,2,311,83,335,221,388,47,0,0,0,0,0,0.723
Course 29,86,47,1.83,0.24,88,100.0,38,9,5,335,163,5,0.0,43.2,146,85.0,40.0,0.0,0.0,25.0,41.0,11.94,0.0,9.44,22,2759.0,10,896,1549,3659,3659,0,4,0,337,423,132,308,167,178,51,1967,92,0,0,0,0,0,0.757
Course 29,69,43,1.6,0.23,21,100.0,11,10,5,266,163,5,0.0,40.4,127,84.0,24.0,0.0,0.0,30.0,39.0,13.27,0.0,8.93,21,2260.0,9,780,1166,2512,2512,1,0,0,188,416,175,222,164,0,237,1081,28,0,0,0,0,0,0.661
Course 29,109,53,2.06,0.28,81,100.0,7,13,5,434,163,5,0.0,44.6,183,84.0,34.0,0.0,0.0,41.0,40.0,16.33,0.0,7.52,31,2999.0,10,1492,2841,3870,3870,6,0,0,578,551,357,471,458,420,91,866,72,0,0,0,0,0,0.741
Course 29,126,67,1.88,0.34,90,100.0,6,6,5,280,164,5,0.0,39.0,216,70.0,39.0,0.0,0.0,30.0,31.0,12.45,0.0,8.94,28,2379.0,10,1385,2491,3855,3855,0,0,3,322,722,338,236,347,523,38,1230,96,0,0,0,0,0,0.816
Course 29,206,67,3.07,0.36,102,100.0,87,10,5,881,164,5,0.0,46.8,220,84.0,42.0,0.0,0.0,40.0,43.0,16.05,0.0,8.75,41,10479.0,10,6538,8428,9821,9821,87,11,0,3806,1928,706,509,687,694,227,1102,64,0,0,0,0,0,0.85
Course 29,67,32,2.09,0.18,49,100.0,7,12,5,323,163,5,0.0,32.6,227,50.0,26.0,0.0,0.0,23.0,39.0,9.33,0.0,8.34,26,2527.0,10,1188,2136,3002,3002,1,0,0,410,473,304,223,614,111,146,623,97,0,0,0,0,0,0.71
Course 29,83,48,1.73,0.26,24,100.0,13,14,5,250,163,5,0.0,41.0,184,84.0,35.0,0.0,0.0,31.0,30.0,13.55,0.0,8.19,27,2407.0,11,942,1832,2661,2661,2,4,2,362,282,290,323,358,209,268,477,84,0,0,0,0,0,0.752
Course 29,66,45,1.47,0.25,34,100.0,29,12,5,357,168,5,0.0,47.2,123,85.0,36.0,0.0,0.0,43.0,47.0,16.94,0.0,7.55,28,1884.0,11,1548,2282,3409,3409,94,90,54,631,418,261,166,242,326,268,732,127,0,0,0,0,0,0.775
Course 29,223,92,2.42,0.4,190,100.0,40,8,5,432,168,5,0.0,32.2,174,0.0,45.0,0.0,0.0,40.0,35.0,15.56,0.0,10.08,36,11416.0,12,1630,3033,5560,5560,27,0,11,537,606,449,206,818,379,675,1797,55,0,0,0,0,0,0.805
Course 29,94,55,1.71,0.29,82,100.0,13,26,5,675,163,5,0.0,47.8,208,85.0,44.0,0.0,0.0,45.0,41.0,17.5,0.0,9.27,33,5031.0,11,1818,3717,6470,6470,74,34,4,735,565,406,1111,272,516,101,2587,65,0,0,0,0,0,0.834
Course 29,136,50,2.72,0.24,131,100.0,16,11,5,417,176,6,0.0,40.0,191,85.0,38.0,0.0,0.0,37.0,31.0,15.28,0.0,9.94,33,7597.0,11,1760,2727,4484,4484,58,125,254,568,333,422,457,285,225,356,1348,53,0,0,0,0,0,0.805
Course 29,99,56,1.77,0.28,80,100.0,4,5,5,239,164,4,0.0,30.25,113,0.0,27.0,0.0,0.0,25.0,46.0,13.89,0.0,8.37,28,3149.0,11,1257,1825,2560,2560,2,0,3,496,494,262,336,150,82,471,187,77,0,0,0,0,0,0.733
Course 29,114,63,1.81,0.27,70,99.39,58,11,5,535,164,5,0.0,48.6,172,85.0,45.0,0.0,0.0,43.0,45.0,16.94,0.0,8.5,29,2835.0,11,2143,3251,4630,4630,65,146,17,750,874,291,469,353,286,58,1130,191,0,0,0,0,0,0.806
Course 29,105,71,1.48,0.37,62,100.0,2,6,5,298,163,4,0.0,30.0,207,0.0,25.0,0.0,0.0,29.0,41.0,16.11,0.0,8.95,28,3633.0,10,1214,2791,3902,3902,0,0,0,344,538,332,246,268,1063,133,920,58,0,0,0,0,0,0.5
Course 29,189,71,2.66,0.35,161,100.0,41,13,5,391,163,5,0.0,42.6,176,84.0,33.0,0.0,0.0,30.0,41.0,13.27,0.0,11.09,36,8328.0,11,1739,3136,4982,4982,8,2,8,794,409,518,418,660,319,145,1640,61,0,0,0,0,0,0.822
Course 29,47,29,1.62,0.16,39,100.0,14,5,5,251,163,5,0.0,43.2,118,75.0,35.0,0.0,0.0,41.0,40.0,15.8,0.0,10.64,19,1281.0,10,691,1547,2271,2271,7,0,0,99,547,38,51,804,1,44,633,47,0,0,0,0,0,0.457
Course 29,301,89,3.38,0.39,117,100.0,160,18,5,483,163,5,0.0,46.0,192,85.0,33.0,0.0,0.0,39.0,48.0,15.83,0.0,9.5,39,8833.0,11,1884,3588,5361,5361,0,73,6,753,707,345,501,579,624,150,1555,68,0,0,0,0,0,0.841
Course 29,172,49,3.51,0.3,241,100.0,16,5,5,344,211,5,0.0,40.4,135,85.0,19.0,0.0,0.0,25.0,49.0,11.94,0.0,8.95,28,4831.0,9,1320,1910,3647,3647,0,0,0,527,735,58,301,263,26,43,1635,59,0,0,0,0,0,0.825
Course 29,75,36,2.08,0.19,55,100.0,22,8,5,332,164,5,0.0,42.6,160,80.0,38.0,0.0,0.0,24.0,46.0,11.37,0.0,8.6,25,4367.0,10,1072,1909,3043,3043,2,0,4,287,476,303,263,354,220,232,839,63,0,0,0,0,0,0.732
Course 29,62,27,2.3,0.17,156,100.0,1,6,5,224,152,5,0.0,32.4,138,16.0,40.0,0.0,0.0,35.0,49.0,10.66,0.0,9.99,22,1790.0,8,600,1209,2207,2207,0,0,0,48,428,124,108,500,1,390,541,67,0,0,0,0,0,0.767
Course 29,175,94,1.86,0.4,87,100.0,15,5,5,289,163,5,0.0,26.6,204,0.0,33.0,0.0,0.0,26.0,49.0,14.44,0.0,7.76,22,2193.0,11,1862,3107,3786,3786,9,11,4,795,801,242,286,182,777,79,493,107,0,0,0,0,0,0.77
Course 29,51,35,1.46,0.21,33,100.0,18,18,5,489,163,5,0.0,45.0,176,84.0,40.0,0.0,0.0,36.0,40.0,14.94,0.0,8.47,23,1817.0,9,1385,2910,3829,3829,0,0,92,331,743,219,732,237,556,64,790,65,0,0,0,0,0,0.795
Course 29,188,54,3.48,0.29,156,100.0,62,11,5,328,163,5,0.0,46.9,181,85.0,45.0,0.0,0.0,37.5,44.0,15.42,0.0,7.92,32,6013.0,11,1270,2537,4020,4020,11,8,10,657,459,125,290,550,427,143,1266,74,0,0,0,0,0,0.793
Course 29,169,52,3.25,0.26,115,100.0,42,5,5,403,163,5,0.0,48.2,173,85.0,45.0,0.0,0.0,37.0,49.0,15.28,0.0,11.25,29,4596.0,10,1808,3291,4383,4383,1,0,4,483,1177,143,157,1314,12,67,963,62,0,0,0,0,0,0.766
Course 29,86,38,2.26,0.21,76,100.0,77,10,5,307,163,5,0.0,48.4,170,85.0,39.0,0.0,0.0,44.0,49.0,17.22,0.0,7.68,31,5392.0,11,1644,2345,3346,3346,89,0,6,921,386,242,137,197,367,118,794,89,0,0,0,0,0,0.763
Course 29,114,52,2.19,0.28,307,100.0,8,5,5,231,163,5,0.0,37.8,198,55.0,34.0,0.0,0.0,28.0,48.0,11.01,0.0,10.59,21,1647.0,9,968,1784,2868,2868,0,0,0,347,483,138,277,538,1,91,930,63,0,0,0,0,0,0.791
Course 29,131,57,2.3,0.28,102,100.0,13,5,5,411,163,6,0.0,37.0,194,84.0,0.0,0.0,0.0,43.0,35.0,22.92,0.0,7.31,32,4923.0,10,1606,3533,4464,4464,3,56,11,306,790,440,355,780,792,18,864,49,0,0,0,0,0,0.797
Course 29,91,48,1.9,0.26,63,100.0,7,7,5,258,163,5,0.0,47.2,205,85.0,40.0,0.0,0.0,41.0,45.0,16.39,0.0,8.41,27,2745.0,10,1303,2096,3236,3236,4,0,0,406,711,182,327,258,208,36,1039,65,0,0,0,0,0,0.719
Course 29,106,37,2.86,0.2,127,100.0,93,11,5,366,169,6,0.0,41.5,214,85.0,34.0,0.0,0.0,35.0,46.0,14.72,0.0,7.6,32,6251.0,11,1573,2830,3963,3963,21,155,31,808,235,323,391,289,577,548,515,70,0,0,0,0,0,0.795
Course 29,107,50,2.14,0.23,45,100.0,38,11,5,309,163,5,0.0,45.0,211,85.0,35.0,0.0,0.0,37.0,43.0,15.28,0.0,9.64,30,4007.0,11,1300,1983,3500,3500,2,1,1,672,497,127,105,454,124,79,1329,109,0,0,0,0,0,0.77
Course 29,174,68,2.56,0.33,214,100.0,5,6,5,360,164,5,0.0,44.4,191,70.0,34.0,0.0,0.0,45.0,49.0,16.62,0.0,8.9,32,4997.0,11,1396,2799,4751,4751,13,5,2,472,641,263,149,357,897,604,1239,109,0,0,0,0,0,0.816
Course 29,95,31,3.06,0.16,58,100.0,1,7,5,334,162,5,0.0,34.8,154,51.0,0.0,0.0,0.0,29.0,44.0,16.3,0.0,9.27,18,1419.0,7,975,1259,3535,3535,0,0,0,0,488,487,79,205,0,3,2055,218,0,0,0,0,0,0.747
Course 29,1,1,1.0,1.0,1,0.0,0,0,0,0,0,0,0.0,0.0,0,0.0,0.0,0.0,0.0,0.0,0.0,0.0,0.0,8.75,1,0.0,1,0,0,2,2,0,0,0,0,0,0,0,0,0,0,2,0,0,0,0,0,0,1.0
Course 29,147,54,2.72,0.27,78,100.0,90,15,5,525,166,5,0.0,47.0,174,78.0,45.0,0.0,0.0,39.0,48.0,15.42,0.0,8.35,29,5175.0,10,1318,2901,5211,5211,0,0,1,246,523,548,599,724,260,318,1898,94,0,0,0,0,0,0.844
Course 29,69,27,2.56,0.16,29,100.0,0,5,5,201,163,5,0.0,36.5,195,35.0,40.0,0.0,0.0,35.5,47.0,11.92,0.0,10.68,15,793.0,8,648,1264,2039,2039,0,0,0,94,537,17,403,182,31,54,667,54,0,0,0,0,0,0.718
Course 29,95,34,2.79,0.19,40,100.0,2,5,5,351,163,5,0.0,31.8,313,35.0,30.0,0.0,0.0,23.0,47.0,8.45,0.0,8.74,23,2280.0,9,1295,2484,4163,4163,0,0,1,496,610,188,559,627,3,89,1520,70,0,0,0,0,0,0.79
Course 29,277,59,4.69,0.28,247,100.0,28,8,5,589,211,5,0.0,40.2,254,81.0,43.0,0.0,0.0,26.0,31.0,11.99,0.0,7.98,37,7508.0,11,2394,4090,7283,7283,13,12,16,1311,439,603,500,382,814,288,2832,73,0,0,0,0,0,0.849
Course 29,75,45,1.67,0.23,55,100.0,0,5,5,196,163,5,0.0,37.6,158,55.0,25.0,0.0,0.0,35.0,48.0,12.96,0.0,8.5,20,1313.0,9,554,1137,1903,1903,0,1,0,114,407,32,401,165,17,54,583,129,0,0,0,0,0,0.672
Course 29,92,52,1.77,0.26,44,100.0,1,5,5,220,163,4,0.0,32.75,104,0.0,35.0,0.0,0.0,32.0,40.0,17.78,0.0,7.9,25,2067.0,10,782,1727,2234,2234,5,0,0,235,541,1,158,160,627,65,346,96,0,0,0,0,0,0.676
Course 29,340,60,5.67,0.28,300,100.0,16,5,5,412,163,5,0.0,46.0,191,85.0,35.0,0.0,0.0,43.0,42.0,16.94,0.0,10.25,37,5994.0,11,2453,4820,6680,6680,9,7,2,1060,828,547,1273,869,225,214,1583,63,0,0,0,0,0,0.843
Course 29,44,27,1.63,0.15,37,100.0,5,14,5,257,163,5,0.0,43.0,123,85.0,40.0,0.0,0.0,29.0,36.0,13.06,0.0,9.5,20,2650.0,10,1154,1659,2456,2456,1,0,0,512,262,379,99,202,204,43,702,52,0,0,0,0,0,0.678
Course 29,54,36,1.5,0.17,75,100.0,8,5,5,204,163,5,0.0,41.4,125,85.0,34.0,0.0,0.0,27.0,36.0,12.5,0.0,8.05,21,1440.0,10,586,1414,2266,2304,1,6,0,257,314,8,60,685,83,52,612,188,0,0,0,38,0,0.561
Course 30,103,61,1.69,0.31,82,99.39,17,9,5,504,165,4,0.0,31.5,117,0.0,40.0,0.0,0.0,34.0,28.0,18.89,0.0,9.04,31,5932.0,12,1366,3075,5070,5070,12,14,157,296,323,564,782,440,487,315,1621,59,0,0,0,0,0,0.643
Course 30,56,26,2.15,0.16,11,100.0,2,5,5,312,164,3,0.0,38.33,58,0.0,35.0,0.0,0.0,35.0,45.0,19.44,0.0,5.99,13,1319.0,6,1354,1764,3077,3077,0,0,0,0,849,505,0,0,410,533,535,245,0,0,0,0,1,0.697
Course 30,82,46,1.78,0.26,218,100.0,0,5,5,222,162,5,0.0,26.2,137,30.0,33.0,0.0,0.0,31.0,21.0,10.38,0.0,11.86,15,2466.0,8,516,851,2376,2376,0,0,0,124,283,109,161,174,0,39,1373,113,0,0,0,0,0,0.718
Course 30,85,45,1.89,0.26,48,100.0,1,6,5,201,163,5,0.0,25.0,135,24.0,25.0,0.0,0.0,29.0,27.0,9.47,0.0,9.66,17,2705.0,8,312,808,2135,2135,0,0,0,88,185,39,159,337,0,59,1187,81,0,0,0,0,0,0.714
Course 30,132,57,2.32,0.29,69,100.0,8,9,5,300,163,5,0.0,46.6,193,85.0,44.0,0.0,0.0,44.0,36.0,17.22,0.0,6.25,25,4436.0,10,1258,2183,3774,3774,4,6,0,270,454,524,215,708,2,374,1168,49,0,0,0,0,0,0.76
Course 30,144,57,2.53,0.3,127,100.0,8,11,5,394,164,5,0.0,39.4,156,85.0,25.0,0.0,0.0,29.0,34.0,13.06,0.0,7.3,27,6222.0,10,1490,2433,4857,4857,8,0,25,508,622,327,378,392,173,352,1680,392,0,0,0,0,1,0.777
Course 30,69,43,1.6,0.25,40,100.0,11,5,5,265,163,5,0.0,30.2,185,15.0,45.0,0.0,0.0,25.0,41.0,7.83,0.0,9.19,21,3019.0,9,1058,2600,3335,3335,0,0,0,14,786,258,284,1180,78,44,651,40,0,0,0,0,0,0.785
Course 30,69,30,2.3,0.17,48,100.0,2,5,5,229,164,4,0.0,36.75,108,0.0,39.0,0.0,0.0,43.0,49.0,23.89,0.0,6.66,19,2547.0,9,686,1229,2849,2849,0,2,0,84,349,251,256,146,141,123,1452,45,0,0,0,0,1,0.738
Course 30,115,47,2.45,0.25,81,100.0,3,9,5,241,163,4,0.0,41.75,191,55.0,34.0,0.0,0.0,43.0,35.0,15.18,0.0,8.2,22,5298.0,10,653,1585,4718,4718,1,0,0,6,635,11,226,502,204,728,2323,82,0,0,0,0,0,0.753
Course 30,86,45,1.91,0.23,77,100.0,2,5,5,261,163,5,0.0,29.4,139,23.0,35.0,0.0,0.0,29.0,36.0,9.41,0.0,9.73,18,2741.0,8,157,499,2571,2571,1,0,0,0,85,71,92,250,0,79,1897,96,0,0,0,0,0,0.646
Course 30,118,59,2.0,0.32,72,100.0,109,11,5,544,168,5,0.0,41.8,156,84.0,33.0,0.0,0.0,36.0,32.0,14.94,0.0,7.68,30,6482.0,11,2015,3329,5381,5381,2,192,60,639,634,488,504,714,96,856,1100,96,0,0,0,0,1,0.816
Course 30,123,56,2.2,0.29,152,99.14,8,1,1,143,116,6,0.0,17.83,126,1.0,23.0,0.0,0.0,33.0,16.0,7.82,0.0,10.64,26,3503.0,11,408,751,1680,1680,4,2,1,6,333,62,98,211,34,49,822,58,0,0,0,0,0,0.702
Course 30,91,53,1.72,0.26,136,100.0,1,7,5,235,164,3,0.0,34.33,68,0.0,29.0,0.0,0.0,33.0,41.0,18.33,0.0,8.31,18,2416.0,10,492,925,2155,2155,1,1,0,15,347,128,250,181,2,228,957,45,0,0,0,0,1,0.674
Course 30,121,47,2.57,0.26,132,100.0,4,7,5,217,163,5,0.0,33.6,211,50.0,40.0,0.0,0.0,33.0,25.0,12.11,0.0,6.0,25,3182.0,10,776,1549,2681,2681,0,5,0,148,324,299,314,449,10,367,521,244,0,0,0,0,0,0.759
Course 30,86,50,1.72,0.24,17,100.0,3,10,5,286,155,4,0.0,31.0,109,30.0,35.0,0.0,0.0,28.0,31.0,9.54,0.0,7.39,26,3789.0,11,582,1168,2726,2726,2,3,0,38,324,215,276,115,195,421,449,688,0,0,0,0,0,0.742
Course 30,89,54,1.65,0.29,110,100.0,16,12,4,449,155,5,0.0,45.4,172,85.0,34.0,0.0,0.0,45.0,38.0,17.5,0.0,7.1,29,4057.0,11,1769,2819,3993,3993,2,1,0,402,860,504,212,513,325,433,687,54,0,0,0,0,0,0.785
Course 30,170,61,2.79,0.31,127,100.0,0,6,5,220,164,5,0.0,30.0,212,25.0,33.0,0.0,0.0,39.0,28.0,12.3,0.0,7.48,28,7144.0,11,1240,2300,3608,3608,3,1,0,221,630,385,361,336,363,159,991,158,0,0,0,0,1,0.77
Course 30,94,57,1.65,0.3,69,100.0,27,14,5,402,163,5,0.0,41.2,197,67.0,33.0,0.0,0.0,40.0,47.0,15.05,0.0,7.32,29,5413.0,11,1367,2347,4470,4470,2,8,0,217,960,180,197,622,161,1280,794,49,0,0,0,0,0,0.792
Course 30,90,36,2.5,0.18,68,100.0,7,8,5,400,163,5,0.0,40.5,275,64.0,38.0,0.0,0.0,30.5,45.0,12.24,0.0,6.45,24,5781.0,10,1763,2559,5229,5229,6,0,0,648,709,400,102,693,1,1123,1470,77,0,0,0,0,0,0.76
Course 30,72,43,1.67,0.23,38,100.0,2,11,5,343,164,4,0.0,33.25,96,0.0,35.0,0.0,0.0,30.0,48.0,16.67,0.0,5.35,21,4027.0,11,1559,2272,4815,4815,3,1,0,322,927,306,242,336,135,812,1696,35,0,0,0,0,1,0.78
Course 30,129,54,2.39,0.29,74,100.0,26,14,5,360,168,5,0.0,43.6,153,85.0,30.0,0.0,0.0,40.0,38.0,16.11,0.0,6.15,26,2960.0,11,1401,2101,3478,3478,7,44,0,478,582,290,241,458,1,654,550,173,0,0,0,0,0,0.76
Course 30,114,44,2.59,0.24,110,100.0,0,5,5,233,165,5,0.0,28.6,174,20.0,35.0,0.0,0.0,33.0,30.0,10.34,0.0,7.05,23,2753.0,11,1024,1837,2974,2974,4,1,0,106,807,106,269,344,200,286,804,47,0,0,0,0,1,0.739
Course 30,92,50,1.84,0.25,25,100.0,83,5,5,279,163,4,0.0,33.0,198,0.0,34.0,0.0,0.0,32.0,41.0,17.78,0.0,6.57,23,1888.0,10,1346,2014,3358,3358,2,5,0,184,886,269,260,408,0,140,1119,85,0,0,0,0,0,0.731
Course 30,74,43,1.72,0.23,60,100.0,17,5,5,278,164,4,0.0,26.5,113,0.0,34.0,0.0,0.0,24.0,31.0,13.33,0.0,9.22,20,2898.0,10,185,403,2556,2556,11,1,19,3,131,20,167,50,1,507,1549,97,0,0,0,0,1,0.716
Course 30,68,33,2.06,0.18,290,100.0,2,5,5,199,163,5,0.0,23.4,194,14.0,29.0,0.0,0.0,30.0,24.0,9.16,0.0,4.64,16,1314.0,10,662,1155,2295,2295,0,1,0,51,369,241,210,275,8,542,17,581,0,0,0,0,0,0.709
Course 30,105,60,1.75,0.32,117,100.0,10,9,5,612,168,5,0.0,36.0,236,69.0,34.0,0.0,0.0,32.0,31.0,12.95,0.0,7.98,33,6359.0,11,1764,2729,6286,6286,2,4,0,175,849,734,270,443,252,1943,1546,68,0,0,0,0,1,0.818
Course 30,164,47,3.49,0.26,84,100.0,1,5,5,251,163,4,0.0,30.25,178,0.0,35.0,0.0,0.0,32.0,29.0,17.78,0.0,5.49,21,2111.0,10,1181,2384,3486,3486,0,3,0,376,510,292,358,553,292,226,661,215,0,0,0,0,0,0.769
Course 30,146,71,2.06,0.38,80,100.0,56,12,5,320,163,3,0.0,40.0,134,0.0,44.0,0.0,0.0,35.0,41.0,19.44,0.0,6.07,40,11080.0,11,865,1684,3101,3101,2,5,0,171,506,181,360,422,37,573,788,56,0,0,0,0,0,0.774
Course 30,121,57,2.12,0.3,101,100.0,1,15,5,318,164,5,0.0,30.8,230,33.0,35.0,0.0,0.0,36.0,32.0,11.94,0.0,7.34,30,3521.0,11,925,2395,4384,4384,2,3,1,219,410,290,486,540,444,492,1329,168,0,0,0,0,1,0.799
Course 30,158,67,2.36,0.33,80,100.0,34,32,5,894,169,5,0.0,46.8,222,84.0,36.0,0.0,0.0,42.0,47.0,16.61,0.0,9.75,40,9967.0,12,1929,4356,7676,7680,257,10,13,817,715,117,377,1604,446,1813,1452,55,4,0,0,0,1,0.826
Course 30,72,44,1.64,0.24,53,100.0,4,6,5,249,164,4,0.0,30.75,102,30.0,35.0,0.0,0.0,23.0,35.0,8.15,0.0,6.59,19,2132.0,9,832,1314,2326,2326,1,2,0,95,434,300,285,197,0,503,470,39,0,0,0,0,1,0.675
Course 30,98,49,2.0,0.23,123,100.0,3,6,5,423,164,4,0.0,33.5,117,0.0,34.0,0.0,0.0,30.0,46.0,16.67,0.0,5.92,22,2237.0,11,1922,2720,3991,3991,1,3,0,209,1050,659,294,217,287,440,744,87,0,0,0,0,1,0.763
Course 30,165,58,2.84,0.27,132,100.0,7,9,5,441,166,5,0.0,41.8,194,84.0,40.0,0.0,0.0,38.0,29.0,15.5,0.0,7.17,26,6569.0,10,1493,2802,5952,5952,7,0,0,0,936,550,978,331,0,1181,1863,106,0,0,0,0,1,0.737
Course 30,103,58,1.78,0.32,83,100.0,0,12,5,321,164,5,0.0,37.6,403,70.0,34.0,0.0,0.0,33.0,34.0,13.28,0.0,6.59,27,3007.0,10,1224,2939,4243,4243,0,13,0,101,469,641,641,935,139,236,975,93,0,0,0,0,1,0.799
Course 30,192,67,2.87,0.33,202,100.0,3,7,5,210,164,5,0.0,36.6,155,45.0,36.0,0.0,0.0,33.0,50.0,11.81,0.0,8.24,24,3868.0,11,752,1375,3338,3338,6,2,0,179,324,241,262,233,128,317,1524,122,0,0,0,0,1,0.752
Course 30,49,24,2.04,0.14,63,100.0,5,6,5,234,164,5,0.0,39.2,255,69.0,29.0,0.0,0.0,32.0,42.0,12.95,0.0,8.38,19,1885.0,10,109,608,2419,2419,1,0,0,88,18,2,122,375,2,181,361,1269,0,0,0,0,1,0.676
Course 30,72,35,2.06,0.2,65,100.0,4,7,5,428,164,5,0.0,46.2,198,85.0,34.0,0.0,0.0,45.0,42.0,17.5,0.0,5.4,22,2881.0,11,1343,2454,4199,4199,1,1,0,170,1095,76,211,867,33,183,1514,48,0,0,0,0,1,0.774
Course 30,40,26,1.54,0.36,38,100.0,27,6,5,437,163,4,0.0,35.63,80,0.0,33.0,0.0,0.0,38.5,46.0,21.39,0.0,11.42,26,2905.0,10,97,2174,3394,3394,1,0,0,72,7,17,848,559,670,689,473,58,0,0,0,0,0,0.733
Course 30,67,27,2.48,0.16,37,100.0,0,5,5,170,149,3,0.0,35.33,71,0.0,45.0,0.0,0.0,32.0,29.0,17.78,0.0,9.73,9,2373.0,6,446,587,1739,1739,0,0,0,32,116,298,82,59,0,258,736,158,0,0,0,0,0,0.638
Course 30,127,50,2.54,0.26,122,100.0,21,8,5,366,163,4,0.0,32.75,84,0.0,34.0,0.0,0.0,36.0,36.0,20.0,0.0,5.38,23,2918.0,11,1906,2693,4005,4005,16,3,0,439,856,592,615,109,63,721,535,56,0,0,0,0,0,0.77
Course 30,49,30,1.63,0.15,64,100.0,33,5,5,258,163,4,0.0,30.75,95,0.0,34.0,0.0,0.0,32.0,37.0,17.78,0.0,7.08,23,2761.0,11,1352,2051,2992,2992,1,8,8,305,803,227,380,111,208,197,485,259,0,0,0,0,0,0.751
Course 30,104,57,1.82,0.29,76,100.0,4,9,5,342,164,4,0.0,27.5,114,0.0,30.0,0.0,0.0,29.0,36.0,16.11,0.0,5.89,27,2955.0,11,1254,1949,3038,3038,7,9,0,174,709,355,314,226,155,546,500,43,0,0,0,0,1,0.756
Course 30,85,31,2.74,0.16,50,100.0,1,6,5,201,164,4,0.0,29.25,52,0.0,33.0,0.0,0.0,35.0,49.0,9.72,0.0,6.15,25,2777.0,11,863,1648,2307,2307,1,2,0,119,518,223,230,298,257,166,456,37,0,0,0,0,1,0.725
Course 30,66,26,2.54,0.15,73,100.0,31,6,5,241,164,4,0.0,29.75,139,0.0,29.0,0.0,0.0,33.0,33.0,18.33,0.0,6.13,19,1506.0,10,415,676,2417,2417,2,1,0,89,322,1,260,0,1,552,618,571,0,0,0,0,1,0.697
Course 30,106,63,1.68,0.33,72,100.0,4,8,5,454,165,5,0.0,34.7,253,55.0,30.0,0.0,0.0,31.5,33.0,11.99,0.0,7.56,33,4364.0,11,1837,3138,4848,4848,19,5,0,428,795,590,365,546,390,985,652,73,0,0,0,0,1,0.807
Course 30,100,58,1.72,0.31,92,100.0,10,20,5,561,164,5,0.0,46.0,191,85.0,33.0,0.0,0.0,45.0,42.0,17.5,0.0,7.16,31,4591.0,11,1754,2789,5322,5322,1,3,16,347,884,503,309,417,309,1379,1087,67,0,0,0,0,1,0.824
Course 30,77,46,1.67,0.23,47,100.0,23,18,5,432,162,5,0.0,41.8,184,80.0,32.0,0.0,0.0,34.0,38.0,14.15,0.0,6.29,27,3406.0,11,1655,3161,4317,4317,4,5,0,441,1008,197,395,820,291,333,729,94,0,0,0,0,0,0.783
Course 30,81,36,2.25,0.22,63,100.0,1,8,5,286,163,3,0.0,34.0,71,0.0,38.0,0.0,0.0,34.0,30.0,18.89,0.0,9.58,15,2640.0,8,1137,1664,2649,2649,0,0,0,0,852,285,85,237,205,60,726,199,0,0,0,0,0,0.768
Course 30,218,79,2.76,0.37,118,100.0,13,11,5,614,164,5,0.0,40.6,191,70.0,28.0,0.0,0.0,43.0,37.0,16.06,0.0,6.11,29,4621.0,11,2837,4959,6466,6466,8,3,0,551,1545,730,753,817,552,804,620,83,0,0,0,0,1,0.821
Course 30,90,47,1.91,0.25,71,100.0,7,13,5,504,165,5,0.0,42.6,207,72.0,38.0,0.0,0.0,40.0,39.0,15.35,0.0,7.04,29,3409.0,11,2175,3265,5208,5208,2,1,0,482,904,786,264,460,366,839,1032,72,0,0,0,0,1,0.801
Course 30,89,40,2.23,0.22,154,100.0,3,5,5,249,163,5,0.0,22.4,119,0.0,34.0,0.0,0.0,25.0,17.0,10.28,0.0,6.23,19,1177.0,10,812,1365,2712,2712,0,8,0,17,686,101,162,386,5,33,1120,194,0,0,0,0,0,0.737
Course 30,149,48,3.1,0.24,77,100.0,4,5,5,346,163,5,0.0,28.6,177,38.0,24.0,0.0,0.0,27.0,30.0,9.74,0.0,7.01,25,4452.0,11,1501,2578,3770,3770,1,3,0,638,630,229,324,571,182,239,805,148,0,0,0,0,0,0.766
Course 30,130,53,2.45,0.27,78,100.0,2,5,5,244,164,5,0.0,30.0,173,45.0,35.0,0.0,0.0,28.0,19.0,10.42,0.0,7.59,25,3063.0,10,665,1232,2697,2697,4,0,0,9,584,68,150,357,60,324,1081,60,0,0,0,0,1,0.703
Course 30,76,43,1.77,0.23,48,100.0,4,11,5,305,164,4,0.0,33.75,127,0.0,40.0,0.0,0.0,27.0,44.0,15.0,0.0,6.08,24,2492.0,11,931,1455,2577,2577,1,3,0,141,636,150,168,252,104,395,661,66,0,0,0,0,1,0.732
Course 30,94,56,1.68,0.3,34,100.0,6,5,5,243,164,5,0.0,23.0,188,20.0,29.0,0.0,0.0,31.0,15.0,9.79,0.0,7.17,28,4026.0,11,883,2087,3693,3693,3,2,0,354,520,4,507,386,311,116,1125,365,0,0,0,0,1,0.77
Course 30,146,45,3.24,0.24,46,100.0,3,6,5,229,163,5,0.0,21.8,164,16.0,33.0,0.0,0.0,19.0,22.0,6.22,0.0,7.07,22,3204.0,11,837,1847,2586,2586,2,3,0,312,387,133,47,507,456,284,413,42,0,0,0,0,0,0.719
Course 30,110,63,1.75,0.32,62,100.0,5,7,5,276,163,5,0.0,38.0,203,80.0,39.0,0.0,0.0,26.0,22.0,11.93,0.0,9.13,31,7363.0,10,1018,1814,2847,2847,4,0,0,178,640,196,299,478,19,259,707,67,0,0,0,0,0,0.722
Course 30,68,44,1.55,0.23,54,100.0,23,8,5,351,163,4,0.0,26.25,135,0.0,25.0,0.0,0.0,29.0,26.0,16.11,0.0,11.62,20,2236.0,9,648,991,3271,3271,6,0,0,92,343,207,53,288,2,180,1844,256,0,0,0,0,0,0.705
Course 30,73,36,2.03,0.2,62,100.0,1,7,5,225,164,5,0.0,19.7,159,30.0,19.0,0.0,0.0,16.5,15.0,6.35,0.0,6.92,21,2342.0,11,809,1322,2319,2319,1,5,0,181,294,328,232,261,20,179,770,48,0,0,0,0,1,0.711
Course 30,151,64,2.36,0.34,81,100.0,3,6,5,309,161,5,0.0,29.0,191,45.0,34.0,0.0,0.0,22.0,24.0,8.76,0.0,10.77,37,13039.0,11,1993,2969,4093,4093,38,2,0,899,739,315,263,570,143,208,743,173,0,0,0,0,1,0.799
Course 30,138,78,1.77,0.38,34,100.0,21,5,5,356,164,5,0.0,24.2,198,17.0,29.0,0.0,0.0,32.0,26.0,9.89,0.0,8.31,38,15517.0,11,2195,3424,4975,4975,4,50,0,449,1204,488,239,626,364,559,833,159,0,0,0,0,0,0.812
Course 30,84,55,1.53,0.28,56,100.0,2,9,5,273,163,5,0.0,29.2,182,45.0,32.0,0.0,0.0,21.0,29.0,8.48,0.0,6.9,25,2679.0,11,841,1644,3387,3387,2,2,0,119,584,134,110,378,315,595,1088,60,0,0,0,0,0,0.761
Course 30,73,32,2.28,0.17,56,100.0,0,5,5,271,163,4,0.0,30.25,156,20.0,35.0,0.0,0.0,27.0,39.0,8.68,0.0,8.14,17,2005.0,10,877,1547,3502,3502,2,0,0,78,416,381,447,222,1,61,1805,89,0,0,0,0,0,0.712
Course 30,112,54,2.07,0.3,87,100.0,5,6,5,360,164,4,0.0,33.25,115,0.0,35.0,0.0,0.0,31.0,43.0,17.22,0.0,8.17,15,2953.0,8,1555,1974,3923,3923,0,0,0,148,1095,312,162,257,0,242,1410,297,0,0,0,0,1,0.764
Course 30,75,34,2.21,0.21,266,100.0,2,7,5,217,163,5,0.0,19.0,165,0.0,20.0,0.0,0.0,14.0,43.0,3.89,0.0,7.6,18,2261.0,8,639,1386,2403,2403,0,0,0,0,471,168,112,315,320,130,759,128,0,0,0,0,0,0.773
Course 30,68,40,1.7,0.22,39,100.0,0,9,5,196,163,5,0.0,22.6,165,10.0,24.0,0.0,0.0,24.0,30.0,7.25,0.0,6.34,15,1382.0,10,316,1214,1890,1890,1,0,0,104,178,33,177,513,208,180,0,496,0,0,0,0,0,0.642
Course 6,20,6,3.33,0.14,1,0.0,0,0,0,0,0,0,0.0,0.0,0,0.0,0.0,0.0,0.0,0.0,0.0,0.0,0.0,4.49,1,24.0,1,16,16,16,16,0,0,16,0,0,0,0,0,0,0,0,0,0,0,0,0,0,1.0
Course 6,132,43,3.07,0.23,334,100.0,4,9,5,338,163,3,0.0,28.5,331,0.0,40.0,0.0,0.0,20.5,0.0,11.39,0.0,10.01,28,2404.0,11,1465,2719,4702,4702,0,41,73,199,941,211,386,435,433,1975,8,0,0,0,0,0,0,0.813
Course 6,135,73,1.85,0.31,114,98.74,123,31,5,509,163,4,0.0,47.5,243,85.0,35.0,0.0,0.0,45.0,0.0,17.5,0.0,8.6,38,6905.0,11,2598,4860,5841,5841,2,269,209,1080,801,237,682,879,701,933,48,0,0,0,0,0,0,0.84
Course 6,135,80,1.69,0.34,11,100.0,2,20,5,446,162,3,0.0,49.33,200,85.0,30.0,0.0,0.0,33.0,0.0,14.17,0.0,8.87,30,5574.0,10,2170,3552,4574,4574,0,130,267,1101,465,207,280,414,688,1022,0,0,0,0,0,0,0,0.834
Course 6,168,83,2.02,0.35,113,100.0,8,8,5,342,163,4,0.0,20.25,270,5.0,25.0,0.0,0.0,33.0,0.0,9.46,0.0,9.89,31,5794.0,10,1955,3352,4180,4180,0,153,141,952,620,89,460,349,588,828,0,0,0,0,0,0,0,0.822
Course 6,80,45,1.78,0.24,54,100.0,62,11,5,432,163,4,0.0,22.5,211,0.0,35.0,0.0,0.0,31.0,0.0,8.61,0.0,9.34,33,4786.0,11,1471,3100,4465,4465,0,87,64,639,491,190,515,751,363,1282,83,0,0,0,0,0,0,0.814
Course 6,91,51,1.78,0.22,80,98.73,13,16,5,253,158,3,0.0,31.0,160,0.0,44.0,0.0,0.0,28.0,0.0,15.56,0.0,8.69,30,3361.0,11,1550,2523,2954,2954,0,115,63,466,553,353,338,182,453,423,8,0,0,0,0,0,0,0.784
Course 6,63,34,1.85,0.18,64,99.36,16,15,5,307,157,3,0.0,26.0,161,0.0,29.0,0.0,0.0,26.0,0.0,14.44,0.0,8.66,27,2766.0,11,1440,2553,3163,3163,0,165,141,643,401,90,448,226,439,606,4,0,0,0,0,0,0,0.777
Course 6,155,66,2.35,0.31,205,100.0,4,6,5,265,162,4,0.0,40.5,269,84.0,35.0,0.0,0.0,36.0,0.0,14.94,0.0,10.12,31,4849.0,10,1087,2429,3345,3345,0,66,62,310,527,122,548,732,62,916,0,0,0,0,0,0,0,0.806
Course 6,125,71,1.76,0.31,81,100.0,19,11,5,381,163,4,0.0,40.5,326,70.0,35.0,0.0,0.0,34.0,0.0,13.56,0.0,8.63,33,5279.0,11,2057,3627,4632,4632,0,121,471,821,391,253,400,546,624,986,19,0,0,0,0,0,0,0.818
Course 6,80,41,1.95,0.22,63,98.77,71,19,5,529,163,4,0.0,28.5,173,13.0,40.0,0.0,0.0,37.0,0.0,11.04,0.0,9.69,26,3314.0,10,2905,4061,4642,4642,0,225,175,1317,745,443,262,327,567,581,0,0,0,0,0,0,0,0.821
Course 6,89,55,1.62,0.24,139,100.0,58,11,5,377,163,4,0.0,46.5,268,85.0,40.0,0.0,0.0,38.0,0.0,15.56,0.0,8.87,32,3946.0,11,1752,3684,4517,4517,0,196,30,875,643,8,567,758,607,776,57,0,0,0,0,0,0,0.81
Course 6,92,48,1.92,0.22,54,99.39,4,6,5,300,163,3,0.0,29.33,185,0.0,35.0,0.0,0.0,28.0,0.0,15.56,0.0,8.99,26,2876.0,10,780,1695,2878,2878,0,17,115,301,254,93,463,266,186,1183,0,0,0,0,0,0,0,0.789
Course 6,88,53,1.66,0.29,80,98.73,18,20,5,358,158,4,0.0,43.25,313,84.0,31.0,0.0,0.0,35.0,0.0,14.66,0.0,9.27,32,4459.0,10,1945,3779,4228,4228,0,90,212,915,580,148,572,448,814,449,0,0,0,0,0,0,0,0.832
Course 6,0,0,0.0,0.0,0,0.0,0,0,0,0,0,0,0.0,0.0,0,0.0,0.0,0.0,0.0,0.0,0.0,0.0,0.0,0.0,0,0.0,0,0,0,0,0,0,0,0,0,0,0,0,0,0,0,0,0,0,0,0,0,0,0.0
Course 6,150,69,2.17,0.3,109,100.0,13,13,5,514,163,4,0.0,45.5,265,85.0,40.0,0.0,0.0,33.0,0.0,14.17,0.0,9.39,35,8469.0,11,2498,4799,5630,5630,6,231,182,1319,747,13,482,638,1181,804,26,1,0,0,0,0,0,0.82
Course 6,72,28,2.57,0.14,42,100.0,23,19,5,630,163,3,0.0,29.0,169,0.0,31.0,0.0,0.0,31.0,0.0,17.22,0.0,9.27,27,4207.0,10,2742,4725,5672,5672,0,176,0,1390,859,317,575,418,990,922,25,0,0,0,0,0,0,0.795
Course 6,83,50,1.66,0.24,42,100.0,2,9,5,252,162,3,0.0,28.33,127,0.0,35.0,0.0,0.0,27.0,0.0,15.0,0.0,10.11,26,2678.0,10,1157,2079,2475,2475,0,55,62,409,418,213,377,180,365,396,0,0,0,0,0,0,0,0.773
Course 6,63,33,1.91,0.18,18,100.0,7,7,5,364,162,3,0.0,30.33,308,0.0,34.0,0.0,0.0,34.0,0.0,18.89,0.0,9.42,28,3690.0,9,1731,3120,4407,4407,0,159,0,1137,303,132,538,357,494,1287,0,0,0,0,0,0,0,0.792
Course 6,139,63,2.21,0.27,72,100.0,85,30,5,660,163,4,0.0,24.0,260,4.0,35.0,0.0,0.0,34.0,0.0,9.68,0.0,9.0,35,7636.0,11,3386,6026,7414,7414,0,361,31,1805,900,289,656,1087,897,1308,80,0,0,0,0,0,0,0.862
Course 6,102,50,2.04,0.21,134,100.0,9,7,5,255,160,3,0.0,28.67,234,0.0,39.0,0.0,0.0,32.0,0.0,17.78,0.0,9.13,26,3240.0,10,1776,2864,3426,3426,0,105,106,712,695,158,534,229,325,562,0,0,0,0,0,0,0,0.799
Course 6,115,72,1.6,0.31,16,100.0,86,17,5,402,163,4,0.0,44.5,247,85.0,35.0,0.0,0.0,34.0,0.0,14.44,0.0,8.83,32,5282.0,11,1752,3730,4454,4454,0,124,25,834,474,295,503,771,704,695,29,0,0,0,0,0,0,0.823
Course 6,75,42,1.79,0.23,23,98.73,25,6,5,364,158,4,0.0,45.75,313,85.0,32.0,0.0,0.0,42.0,0.0,16.67,0.0,7.97,28,3083.0,10,2079,3508,4007,4007,0,195,128,1187,401,168,576,474,379,499,0,0,0,0,0,0,0,0.82
Course 6,69,35,1.97,0.21,90,99.37,21,19,5,324,158,4,0.0,43.0,320,84.0,29.0,0.0,0.0,34.0,0.0,14.39,0.0,9.31,30,3494.0,11,1343,3041,4073,4073,0,63,100,435,570,175,471,873,354,986,46,0,0,0,0,0,0,0.804
Course 6,110,58,1.9,0.31,85,100.0,41,13,5,438,157,4,0.0,49.0,246,85.0,42.0,0.0,0.0,44.0,0.0,17.22,0.0,8.79,36,4962.0,11,2519,3915,4607,4607,0,196,239,1183,790,111,452,412,532,685,7,0,0,0,0,0,0,0.834
Course 6,133,47,2.83,0.22,122,99.39,13,20,5,467,163,3,0.0,35.17,152,0.0,40.0,0.0,0.0,40.5,0.0,22.5,0.0,9.7,30,5924.0,11,1628,4075,5517,5517,0,103,76,700,456,293,576,984,887,1429,13,0,0,0,0,0,0,0.818
Course 6,93,55,1.69,0.24,31,100.0,23,7,5,380,163,5,0.0,35.8,221,85.0,40.0,0.0,0.0,29.0,0.0,13.06,0.0,10.32,31,5292.0,11,1549,2787,3537,3537,0,108,69,931,297,144,482,293,463,749,1,0,0,0,0,0,0,0.792
Course 6,95,38,2.5,0.22,66,100.0,143,17,5,415,162,4,0.0,40.75,184,80.0,27.0,0.0,0.0,31.0,0.0,13.32,0.0,11.08,34,6958.0,11,3163,4145,4667,4667,0,196,369,2131,374,93,208,352,422,517,5,0,0,0,0,0,0,0.827
Course 6,59,28,2.11,0.16,74,99.39,11,5,5,315,163,3,0.0,29.33,145,0.0,30.0,0.0,0.0,35.0,0.0,19.44,0.0,7.44,25,2632.0,11,1174,2533,3062,3062,0,4,144,340,422,264,615,101,643,526,3,0,0,0,0,0,0,0.768
Course 6,48,27,1.78,0.12,46,100.0,7,7,5,298,162,3,0.0,26.33,97,15.0,32.0,0.0,0.0,32.0,0.0,9.77,0.0,11.82,20,2276.0,7,980,2438,2901,2901,0,124,119,578,0,159,210,212,1036,463,0,0,0,0,0,0,0,0.698
Course 6,67,28,2.39,0.41,76,96.89,44,6,5,299,161,4,0.0,29.0,130,0.0,34.0,0.0,0.0,33.0,0.0,18.33,0.0,7.21,28,3206.0,11,982,2482,3243,3243,0,74,149,163,513,83,629,461,410,732,29,0,0,0,0,0,0,0.777
Course 6,46,23,2.0,0.13,43,100.0,1,9,5,251,163,3,0.0,31.0,164,0.0,34.0,0.0,0.0,35.0,0.0,19.44,0.0,7.49,21,1437.0,10,932,2004,2793,2793,0,50,3,296,461,122,389,257,426,789,0,0,0,0,0,0,0,0.766
Course 6,76,46,1.65,0.26,146,100.0,17,7,5,365,159,4,0.0,24.0,200,6.0,34.0,0.0,0.0,32.0,0.0,9.24,0.0,9.31,36,6528.0,11,1928,3462,4379,4379,0,243,113,1071,345,156,423,316,795,904,13,0,0,0,0,0,0,0.819
Course 6,74,29,2.55,0.48,78,100.0,62,13,5,387,157,4,0.0,35.25,138,44.0,40.0,0.0,0.0,34.0,0.0,12.03,0.0,8.41,28,3456.0,10,2000,3187,3828,3828,0,79,153,1195,426,147,443,183,561,641,0,0,0,0,0,0,0,0.811
Course 6,177,104,1.7,0.44,92,100.0,9,10,5,471,162,4,0.0,25.75,287,0.0,40.0,0.0,0.0,40.0,0.0,11.11,0.0,9.7,36,5141.0,11,2829,5525,6123,6123,4,176,27,1295,1076,251,567,1554,575,598,0,0,0,0,0,0,0,0.598
Course 6,70,44,1.59,0.21,90,100.0,65,7,5,300,162,4,0.0,39.25,271,85.0,34.0,0.0,0.0,29.0,0.0,13.06,0.0,10.61,31,3827.0,11,1210,2453,3178,3178,0,69,73,653,330,85,369,410,464,648,77,0,0,0,0,0,0,0.779
Course 6,113,60,1.88,0.27,103,100.0,1,16,5,354,163,4,0.0,23.5,223,5.0,33.0,0.0,0.0,34.0,0.0,9.74,0.0,9.37,30,4179.0,10,1390,3065,3818,3818,0,65,77,834,370,44,268,389,1018,644,109,0,0,0,0,0,0,0.81
Course 6,73,33,2.21,0.52,104,99.39,139,5,5,442,163,3,0.0,36.0,201,0.0,40.0,0.0,0.0,43.0,0.0,23.89,0.0,9.19,33,3927.0,10,2772,3718,4950,4950,0,118,203,1307,788,356,361,425,160,1096,136,0,0,0,0,0,0,0.837
Course 6,59,29,2.03,0.43,124,100.0,55,7,5,428,163,3,0.0,25.67,114,0.0,30.0,0.0,0.0,33.0,0.0,18.33,0.0,10.09,29,3552.0,11,1887,3102,3985,3985,0,48,56,745,734,304,578,498,139,714,169,0,0,0,0,0,0,0.809
Course 6,87,44,1.98,0.19,70,100.0,4,11,5,241,158,3,0.0,30.33,154,0.0,40.0,0.0,0.0,27.0,0.0,15.0,0.0,8.62,27,4375.0,9,1207,2477,2933,2933,0,0,106,407,502,192,586,248,436,456,0,0,0,0,0,0,0,0.815
Course 6,74,37,2.0,0.2,63,100.0,1,6,5,259,153,3,0.0,32.0,131,0.0,35.0,0.0,0.0,40.0,0.0,22.22,0.0,9.19,26,2710.0,10,1424,2151,2630,2630,0,85,64,552,686,37,346,133,248,479,0,0,0,0,0,0,0,0.773
Course 6,95,54,1.76,0.25,115,100.0,5,9,5,298,157,4,0.0,22.5,230,0.0,33.0,0.0,0.0,35.0,0.0,9.72,0.0,8.97,28,3202.0,10,1526,2828,3635,3635,0,77,325,590,356,178,434,394,474,807,0,0,0,0,0,0,0,0.799
Course 6,45,24,1.88,0.39,37,100.0,16,16,5,352,162,4,0.0,20.5,131,8.0,33.0,0.0,0.0,34.0,0.0,9.92,0.0,8.89,24,2939.0,9,1351,2373,3087,3087,0,89,0,514,483,265,337,188,497,714,0,0,0,0,0,0,0,0.752
Course 6,66,34,1.94,0.2,64,100.0,11,8,5,334,162,4,0.0,45.25,256,85.0,34.0,0.0,0.0,43.0,0.0,16.94,0.0,9.79,28,4885.0,9,1480,3098,3730,3730,0,232,0,856,302,90,512,462,644,632,0,0,0,0,0,0,0,0.783
Course 6,91,35,2.6,0.15,75,99.38,24,8,5,320,162,3,0.0,58.0,249,85.0,45.0,0.0,0.0,44.0,0.0,17.22,0.0,9.03,28,4889.0,11,1971,3628,4096,4104,0,243,0,782,688,258,252,841,564,453,3,12,0,0,0,8,0,0.645
Course 6,72,31,2.32,0.18,156,100.0,10,11,5,344,162,4,0.0,35.0,268,43.0,32.0,0.0,0.0,40.0,0.0,13.64,0.0,9.5,29,3359.0,10,1627,3043,3809,3809,0,77,143,734,461,212,423,358,635,766,0,0,0,0,0,0,0,0.814
Course 6,54,22,2.45,0.13,70,100.0,0,7,5,261,161,3,0.0,34.67,134,0.0,40.0,0.0,0.0,39.0,0.0,21.67,0.0,6.58,20,1415.0,10,1176,1985,2634,2634,0,50,90,374,436,226,493,127,189,649,0,0,0,0,0,0,0,0.754
Course 6,108,55,1.96,0.24,16,99.38,11,22,5,374,161,3,0.0,30.33,291,0.0,33.0,0.0,0.0,34.0,0.0,18.89,0.0,9.33,29,5786.0,9,1845,3362,4417,4417,0,192,0,956,450,247,440,503,574,1055,0,0,0,0,0,0,0,0.795
Course 6,138,53,2.6,0.25,107,100.0,6,8,5,294,162,4,0.0,21.25,219,10.0,26.0,0.0,0.0,24.0,0.0,7.25,0.0,9.75,25,3744.0,11,952,2407,3460,3460,0,56,72,379,281,164,466,695,294,1050,3,0,0,0,0,0,0,0.777
Course 6,67,38,1.76,0.21,70,100.0,72,11,5,319,163,4,0.0,25.5,190,0.0,45.0,0.0,0.0,32.0,0.0,8.89,0.0,8.31,31,3987.0,11,1582,2482,3272,3272,0,93,124,723,640,2,212,258,430,720,70,0,0,0,0,0,0,0.784
Course 6,76,27,2.81,0.16,115,100.0,3,6,5,235,162,4,0.0,28.25,228,1.0,45.0,0.0,0.0,45.0,0.0,12.56,0.0,8.01,26,4059.0,11,1286,2767,3500,3500,0,73,35,212,742,224,270,805,406,729,4,0,0,0,0,0,0,0.776
Course 6,61,36,1.69,0.16,44,99.36,2,15,5,205,157,3,0.0,31.67,91,0.0,35.0,0.0,0.0,39.0,0.0,21.67,0.0,7.96,22,1611.0,10,780,1493,1835,1835,0,15,30,209,263,263,184,95,434,342,0,0,0,0,0,0,0,0.73
Course 6,83,40,2.08,0.22,74,100.0,4,7,5,336,163,3,0.0,31.67,154,0.0,35.0,0.0,0.0,36.0,0.0,20.0,0.0,9.83,25,4554.0,10,929,2395,3188,3188,0,56,24,358,479,12,183,559,724,793,0,0,0,0,0,0,0,0.792
Course 6,92,35,2.63,0.2,98,100.0,17,18,5,332,161,4,0.0,25.0,183,1.0,35.0,0.0,0.0,40.0,0.0,11.17,0.0,8.95,32,5954.0,11,1606,3160,3887,3887,0,26,104,604,724,148,509,473,572,520,207,0,0,0,0,0,0,0.804
Course 6,71,43,1.65,0.23,58,100.0,14,12,5,334,162,4,0.0,47.5,279,85.0,45.0,0.0,0.0,36.0,0.0,15.0,0.0,8.3,31,4019.0,11,1785,3096,3844,3844,0,48,151,863,496,227,523,361,427,746,2,0,0,0,0,0,0,0.8
Course 6,44,28,1.57,0.15,121,100.0,9,10,5,328,163,4,0.0,25.5,211,16.0,35.0,0.0,0.0,29.0,0.0,9.0,0.0,9.44,25,3590.0,10,1186,2408,3237,3237,0,96,65,352,450,223,451,250,521,829,0,0,0,0,0,0,0,0.788
Course 6,68,36,1.89,0.19,98,100.0,6,6,5,240,163,4,0.0,32.75,200,39.0,36.0,0.0,0.0,31.0,0.0,10.91,0.0,10.08,23,1242.0,10,1030,1926,2522,2522,0,44,68,391,151,376,277,215,404,587,9,0,0,0,0,0,0,0.736
Course 6,91,34,2.68,0.2,114,100.0,37,15,5,470,163,3,0.0,28.33,204,0.0,29.0,0.0,0.0,34.0,0.0,18.89,0.0,9.52,32,6924.0,11,1963,3920,4930,4930,0,45,162,790,758,208,542,641,774,940,70,0,0,0,0,0,0,0.825
Course 6,77,39,1.97,0.18,47,100.0,5,10,5,258,161,3,0.0,30.0,152,0.0,34.0,0.0,0.0,31.0,0.0,17.22,0.0,9.24,25,2644.0,10,1317,2083,2776,2776,0,94,136,478,422,187,401,112,253,693,0,0,0,0,0,0,0,0.779
Course 6,73,42,1.74,0.2,4,100.0,13,9,5,281,161,4,0.0,42.5,173,85.0,35.0,0.0,0.0,27.0,0.0,12.5,0.0,8.94,27,5094.0,9,1577,2816,3439,3439,0,87,0,998,245,247,432,437,370,623,0,0,0,0,0,0,0,0.771
Course 6,97,48,2.02,0.23,30,99.37,5,10,5,316,161,3,0.0,33.0,190,0.0,42.0,0.0,0.0,34.0,0.0,18.89,0.0,9.58,29,4277.0,9,722,2221,2908,2908,0,45,72,440,126,39,548,366,585,687,0,0,0,0,0,0,0,0.779
Course 6,95,51,1.86,0.24,148,99.37,21,18,5,391,159,3,0.0,30.67,215,0.0,39.0,0.0,0.0,29.0,0.0,16.11,0.0,8.82,30,4449.0,10,1439,3166,4090,4090,0,68,103,537,606,125,584,482,661,924,0,0,0,0,0,0,0,0.819
Course 6,99,34,2.91,0.19,86,100.0,3,7,5,208,162,3,0.0,25.33,198,0.0,24.0,0.0,0.0,27.0,0.0,15.0,0.0,8.7,24,2498.0,9,987,1988,2694,2694,0,0,35,399,382,171,411,243,347,706,0,0,0,0,0,0,0,0.8
Course 6,106,53,2.0,0.23,76,99.38,40,6,5,342,164,4,0.0,44.88,176,85.0,38.0,0.0,0.0,31.5,0.0,13.75,0.0,8.52,34,5566.0,11,1983,2850,3667,3667,0,211,157,1000,315,300,264,264,339,812,5,0,0,0,0,0,0,0.812
Course 6,69,37,1.86,0.16,25,100.0,40,10,5,437,162,3,0.0,30.67,161,0.0,34.0,0.0,0.0,34.0,0.0,18.89,0.0,8.19,29,3276.0,10,2124,3356,3826,3826,0,76,146,877,714,311,524,224,484,470,0,0,0,0,0,0,0,0.821
Course 6,77,36,2.14,0.21,49,100.0,314,10,5,518,163,4,0.0,44.75,177,85.0,41.0,0.0,0.0,28.0,0.0,12.78,0.0,8.91,33,4981.0,11,3006,4848,6254,6254,0,122,262,1095,873,654,755,546,541,1332,74,0,0,0,0,0,0,0.843
Course 6,173,64,2.7,0.27,59,99.39,7,11,5,298,163,4,0.0,36.0,255,55.0,38.0,0.0,0.0,34.0,0.0,12.68,0.0,9.55,30,4502.0,9,1283,2698,3464,3464,0,108,0,598,436,141,431,590,394,766,0,0,0,0,0,0,0,0.778
Course 6,174,59,2.95,0.25,64,100.0,45,12,5,396,162,5,0.0,23.4,303,6.0,34.0,0.0,0.0,33.0,0.0,9.52,0.0,9.25,34,5155.0,11,2024,3747,4725,4725,0,69,63,1203,465,224,605,500,618,942,36,0,0,0,0,0,0,0.819
Course 7,146,64,2.28,0.27,87,100.0,7,13,5,349,161,4,0.0,20.5,139,8.0,25.0,0.0,0.0,25.0,0.0,7.42,0.0,10.46,33,7146.0,10,1900,3270,3851,3851,5,324,216,431,485,439,144,765,461,581,0,0,0,0,0,0,0,0.816
Course 7,114,38,3.0,0.2,136,100.0,37,7,5,413,163,3,0.0,28.0,225,0.0,30.0,0.0,0.0,29.0,0.0,16.11,0.0,10.3,32,5479.0,10,1672,3438,4871,4871,13,289,228,457,665,20,404,643,719,1433,0,0,0,0,0,0,0,0.828
Course 7,49,24,2.04,0.13,50,100.0,3,6,5,219,159,3,0.0,29.33,130,0.0,42.0,0.0,0.0,23.0,0.0,12.78,0.0,9.92,21,2928.0,9,445,1504,2049,2049,1,55,13,87,289,0,77,715,267,544,1,0,0,0,0,0,0,0.693
Course 7,55,26,2.12,0.4,93,100.0,5,5,5,249,163,3,0.0,24.33,103,0.0,32.0,0.0,0.0,18.0,0.0,10.0,0.0,9.59,26,2825.0,10,961,1784,2707,2707,0,200,57,197,463,44,70,398,355,703,220,0,0,0,0,0,0,0.771
Course 7,77,35,2.2,0.19,77,100.0,8,10,5,337,163,3,0.0,26.33,238,0.0,30.0,0.0,0.0,24.0,0.0,13.33,0.0,9.03,34,6656.0,10,1954,3514,4095,4095,3,237,431,291,944,48,216,624,720,457,124,0,0,0,0,0,0,0.825
Course 7,65,32,2.03,0.17,70,100.0,1,7,5,374,163,4,0.0,43.0,286,80.0,35.0,0.0,0.0,32.0,0.0,13.59,0.0,9.81,25,2547.0,9,1885,3046,4177,4177,0,63,130,473,485,734,181,381,599,1131,0,0,0,0,0,0,0,0.784
Course 7,93,38,2.45,0.21,133,100.0,7,10,5,349,161,4,0.0,23.5,389,9.0,34.0,0.0,0.0,29.0,0.0,8.58,0.0,10.44,34,7366.0,10,2178,3693,4522,4522,5,181,285,796,687,224,262,962,291,815,14,0,0,0,0,0,0,0.829
Course 7,62,28,2.21,0.15,105,100.0,0,14,5,292,157,2,0.0,29.5,77,0.0,34.0,0.0,0.0,25.0,0.0,13.89,0.0,10.01,26,5287.0,10,1380,2180,2941,2941,0,156,214,120,803,87,0,421,379,761,0,0,0,0,0,0,0,0.78
Course 7,48,34,1.41,0.19,55,99.4,20,10,5,372,168,3,0.0,25.33,155,0.0,25.0,0.0,0.0,26.0,0.0,14.44,0.0,7.63,33,2598.0,10,2041,2955,3866,3866,3,196,485,559,619,179,209,406,299,906,5,0,0,0,0,0,0,0.819
Course 7,53,25,2.12,0.14,166,100.0,9,10,5,218,161,3,0.0,21.83,190,0.0,24.0,0.0,0.0,23.5,0.0,13.06,0.0,6.86,22,1631.0,9,947,1887,2479,2479,0,108,119,103,197,420,154,425,361,216,376,0,0,0,0,0,0,0.759
Course 7,77,28,2.75,0.13,73,100.0,4,11,5,466,162,4,0.0,21.0,224,10.0,25.0,0.0,0.0,24.0,0.0,7.25,0.0,10.69,26,5929.0,9,2344,4000,4710,4710,0,14,577,348,1320,85,125,1069,462,706,4,0,0,0,0,0,0,0.791
Course 7,104,36,2.89,0.2,191,100.0,29,19,5,445,161,3,0.0,25.0,268,0.0,25.0,0.0,0.0,26.0,0.0,14.44,0.0,10.43,33,7575.0,10,2092,4415,5141,5141,46,205,452,627,724,38,534,920,869,726,0,0,0,0,0,0,0,0.846
Course 7,76,33,2.3,0.16,77,100.0,10,5,5,315,163,3,0.0,30.0,92,0.0,33.0,0.0,0.0,32.0,0.0,17.78,0.0,10.03,26,3265.0,9,1850,2736,3594,3594,27,170,330,326,863,134,240,252,394,752,106,0,0,0,0,0,0,0.784
Course 7,58,19,3.05,0.31,154,100.0,1,5,5,190,169,4,0.0,18.0,281,1.0,26.0,0.0,0.0,22.0,0.0,6.17,0.0,7.88,19,2280.0,10,640,1713,2450,2450,0,11,4,309,315,1,361,710,2,737,0,0,0,0,0,0,0,0.738
Course 7,48,29,1.66,0.16,31,100.0,1,10,5,377,162,3,0.0,24.33,184,0.0,26.0,0.0,0.0,22.0,0.0,12.22,0.0,10.39,27,3369.0,10,1597,2742,3657,3657,8,190,438,218,647,96,260,372,513,907,8,0,0,0,0,0,0,0.797
Course 7,83,39,2.13,0.17,116,100.0,9,12,5,264,163,4,0.0,32.0,274,55.0,30.0,0.0,0.0,21.0,0.0,9.07,0.0,10.55,27,4028.0,10,1219,2642,3353,3353,16,264,19,317,585,18,190,986,247,711,0,0,0,0,0,0,0,0.79
Course 7,26,17,1.53,0.1,38,100.0,1,5,5,295,173,4,0.0,17.75,92,5.0,25.0,0.0,0.0,27.0,0.0,7.79,0.0,11.1,16,1714.0,8,1265,1839,2536,2536,0,0,0,379,480,406,85,486,3,676,21,0,0,0,0,0,0,0.77
Course 7,84,38,2.21,0.21,79,100.0,2,14,5,357,167,4,0.0,29.75,162,33.0,35.0,0.0,0.0,26.0,0.0,9.16,0.0,9.58,33,4575.0,10,1932,3026,4036,4036,1,66,241,359,861,404,88,447,559,996,14,0,0,0,0,0,0,0.811
Course 7,60,28,2.14,0.15,55,100.0,3,12,5,300,158,4,0.0,37.75,228,85.0,24.0,0.0,0.0,19.0,0.0,10.28,0.0,10.24,27,3921.0,10,1756,3310,3936,3936,0,193,519,365,627,52,97,784,673,626,0,0,0,0,0,0,0,0.81
Course 7,68,33,2.06,0.5,24,100.0,8,13,5,319,163,4,0.0,18.25,231,0.0,22.0,0.0,0.0,28.0,0.0,7.78,0.0,9.66,33,5408.0,10,1665,2760,3827,3827,5,314,69,359,657,261,120,516,459,940,127,0,0,0,0,0,0,0.814
Course 7,145,38,3.82,0.21,135,100.0,13,8,5,343,173,2,0.0,42.0,132,0.0,40.0,0.0,0.0,44.0,0.0,24.44,0.0,11.07,36,5824.0,10,1792,2971,4797,4797,31,143,410,433,540,235,104,650,425,1818,8,0,0,0,0,0,0,0.833
Course 7,65,30,2.17,0.16,73,99.38,1,10,5,298,162,4,0.0,15.75,92,5.0,25.0,0.0,0.0,25.0,0.0,7.24,0.0,11.9,29,4257.0,10,1106,2502,3079,3079,5,76,265,384,361,15,301,599,496,577,0,0,0,0,0,0,0,0.784
Course 7,92,26,3.54,0.14,51,100.0,2,6,5,227,162,4,0.0,20.25,480,0.0,33.0,0.0,0.0,23.0,0.0,6.39,0.0,9.69,25,4486.0,10,1004,2783,3316,3316,0,109,100,278,493,24,630,860,289,520,13,0,0,0,0,0,0,0.78
Course 7,55,32,1.72,0.14,50,100.0,2,5,5,246,164,4,0.0,22.0,198,14.0,24.0,0.0,0.0,25.0,0.0,7.77,0.0,8.63,23,2457.0,10,1109,2133,2684,2684,8,304,7,331,130,329,220,678,126,551,0,0,0,0,0,0,0,0.759
Course 7,52,29,1.79,0.44,53,100.0,11,8,5,289,163,2,0.0,27.75,100,0.0,29.0,0.0,0.0,26.5,0.0,14.72,0.0,8.69,29,3401.0,10,1174,2492,3109,3109,8,192,9,334,500,131,5,861,452,616,1,0,0,0,0,0,0,0.788
Course 7,35,14,2.5,0.27,35,100.0,3,8,5,274,173,3,0.0,24.67,117,0.0,26.0,0.0,0.0,25.0,0.0,13.89,0.0,10.74,14,2660.0,7,691,1568,2537,2537,0,0,191,138,176,186,73,703,101,230,739,0,0,0,0,0,0,0.75
Course 7,82,42,1.95,0.21,104,99.39,25,11,5,415,163,3,0.0,27.0,136,0.0,30.0,0.0,0.0,26.0,0.0,14.44,0.0,9.7,37,6298.0,10,2548,4642,5483,5483,15,469,600,816,588,60,266,643,1185,758,83,0,0,0,0,0,0,0.857
Course 7,48,25,1.92,0.38,43,100.0,22,5,5,202,159,4,0.0,12.0,190,0.0,14.0,0.0,0.0,26.0,0.0,7.22,0.0,9.22,25,1663.0,9,1047,1834,2453,2453,48,172,41,309,461,16,106,653,28,71,548,0,0,0,0,0,0,0.751
Course 7,56,23,2.43,0.37,58,100.0,0,6,5,230,172,2,0.0,36.0,46,0.0,35.0,0.0,0.0,37.0,0.0,20.56,0.0,12.59,23,1336.0,9,647,1445,1939,1939,1,13,1,295,210,127,0,431,367,494,0,0,0,0,0,0,0,0.695
Course 7,32,16,2.0,0.1,64,100.0,0,5,5,196,160,3,0.0,25.33,135,0.0,35.0,0.0,0.0,17.0,0.0,9.44,0.0,8.94,13,1916.0,7,718,1334,1868,1868,0,0,0,11,641,66,94,522,0,534,0,0,0,0,0,0,0,0.734
Course 7,63,30,2.1,0.46,56,100.0,3,16,5,253,163,2,0.0,31.0,48,0.0,34.0,0.0,0.0,28.0,0.0,15.56,0.0,7.57,28,2970.0,9,1052,1860,2620,2620,37,104,160,340,330,81,2,489,317,736,24,0,0,0,0,0,0,0.753
Course 7,50,17,2.94,0.26,43,100.0,0,4,4,129,105,4,0.0,24.75,175,23.0,27.0,0.0,0.0,24.0,0.0,8.02,0.0,8.34,16,1856.0,7,477,1496,1587,1587,0,1,0,224,6,246,116,641,262,87,4,0,0,0,0,0,0,0.673
Course 7,38,23,1.65,0.13,41,100.0,1,5,5,186,162,4,0.0,20.25,155,10.0,22.0,0.0,0.0,25.0,0.0,7.53,0.0,9.06,20,1883.0,10,812,1342,1903,1903,0,69,6,3,526,208,108,274,148,557,4,0,0,0,0,0,0,0.709
Course 7,110,48,2.29,0.26,182,99.38,13,7,5,514,173,4,0.0,31.0,266,57.0,20.0,0.0,0.0,23.0,0.0,9.74,0.0,11.22,46,11155.0,11,2995,4366,5927,5932,6,460,548,865,1038,78,166,741,464,1528,33,0,0,5,0,0,0,0.75
Course 7,74,47,1.57,0.2,50,100.0,14,6,5,347,157,4,0.0,40.0,140,85.0,25.0,0.0,0.0,25.0,0.0,11.94,0.0,10.1,32,4368.0,10,1682,2575,3385,3385,14,112,509,228,510,309,159,590,144,777,33,0,0,0,0,0,0,0.801
Course 7,25,12,2.08,0.19,22,100.0,1,5,5,176,173,3,0.0,17.67,62,0.0,25.0,0.0,0.0,28.0,0.0,7.78,0.0,10.73,11,759.0,7,184,975,1621,1621,0,9,0,172,3,0,1,623,167,51,595,0,0,0,0,0,0,0.599
Course 7,91,28,3.25,0.15,78,100.0,11,5,5,291,161,4,0.0,27.25,164,36.0,23.0,0.0,0.0,25.0,0.0,9.06,0.0,10.54,27,4936.0,10,1986,2854,3648,3648,0,84,335,514,796,257,115,680,73,794,0,0,0,0,0,0,0,0.806
Course 7,43,22,1.95,0.12,44,100.0,1,11,5,230,161,2,0.0,34.0,86,0.0,38.0,0.0,0.0,30.0,0.0,16.67,0.0,8.24,20,1906.0,9,861,1731,2301,2301,0,161,129,222,349,0,0,630,240,570,0,0,0,0,0,0,0,0.699
Course 7,72,36,2.0,0.55,159,100.0,9,12,5,397,173,4,0.0,34.0,286,50.0,34.0,0.0,0.0,34.0,0.0,12.39,0.0,11.13,36,6377.0,10,2115,3491,4548,4548,4,204,109,640,1047,111,361,833,182,1056,1,0,0,0,0,0,0,0.827
Course 7,118,53,2.23,0.25,69,100.0,27,24,5,507,174,4,0.0,40.0,223,85.0,25.0,0.0,0.0,25.0,0.0,11.94,0.0,8.98,33,7048.0,10,2726,4242,5914,5914,30,372,666,741,771,146,60,1168,288,1393,279,0,0,0,0,0,0,0.841
Course 7,64,25,2.56,0.14,55,100.0,1,7,5,383,162,3,0.0,25.0,100,0.0,25.0,0.0,0.0,25.0,0.0,13.89,0.0,10.47,23,4178.0,10,2048,2916,3370,3370,0,129,103,469,981,366,71,403,394,454,0,0,0,0,0,0,0,0.791
Course 7,38,20,1.9,0.11,29,100.0,4,17,5,266,161,4,0.0,31.0,178,35.0,34.0,0.0,0.0,31.0,0.0,10.67,0.0,9.58,19,3038.0,9,704,1914,2606,2606,0,89,0,323,102,190,111,753,346,692,0,0,0,0,0,0,0,0.714
Course 7,111,38,2.92,0.19,104,100.0,2,8,5,285,158,3,0.0,29.33,154,0.0,34.0,0.0,0.0,29.0,0.0,16.11,0.0,9.17,31,5436.0,10,1931,2912,4046,4046,12,308,303,407,533,368,108,564,309,1134,0,0,0,0,0,0,0,0.812
Course 7,54,24,2.25,0.41,28,100.0,8,4,1,173,107,3,0.0,18.33,112,0.0,30.0,0.0,0.0,17.0,0.0,9.44,0.0,7.43,23,2399.0,9,621,1727,1838,1838,0,8,192,279,45,97,103,568,435,103,8,0,0,0,0,0,0,0.745
Course 7,94,46,2.04,0.23,100,100.0,17,6,5,356,172,4,0.0,23.75,154,0.0,45.0,0.0,0.0,25.0,0.0,6.94,0.0,8.77,37,8538.0,12,1650,2536,3535,3536,15,212,179,541,695,8,132,402,352,756,235,8,1,0,0,0,0,0.792
Course 7,90,31,2.9,0.17,80,100.0,2,8,5,347,163,4,0.0,21.5,193,4.0,25.0,0.0,0.0,34.0,0.0,9.68,0.0,8.94,29,4562.0,10,1544,3110,3752,3752,5,173,151,636,577,2,271,705,590,642,0,0,0,0,0,0,0,0.811
Course 7,84,39,2.15,0.21,130,100.0,51,9,5,387,162,3,0.0,27.0,189,0.0,29.0,0.0,0.0,27.0,0.0,15.0,0.0,10.64,37,8518.0,10,2107,4292,4833,4833,11,405,126,826,512,227,362,1295,528,485,56,0,0,0,0,0,0,0.848
Course 7,39,25,1.56,0.14,25,100.0,7,7,5,355,172,3,0.0,30.0,76,0.0,33.0,0.0,0.0,32.0,0.0,17.78,0.0,7.94,24,1907.0,10,1045,2021,3054,3054,3,7,44,153,712,126,68,790,118,1033,0,0,0,0,0,0,0,0.777
Course 7,60,25,2.4,0.14,53,100.0,6,5,5,246,162,3,0.0,24.67,149,14.0,29.0,0.0,0.0,31.0,0.0,9.43,0.0,11.56,22,2546.0,10,760,1901,2411,2411,9,120,199,248,184,0,195,788,158,510,0,0,0,0,0,0,0,0.735
Course 7,50,23,2.17,0.14,56,100.0,3,6,5,266,171,4,0.0,19.5,241,9.0,27.0,0.0,0.0,22.0,0.0,6.64,0.0,9.8,22,3557.0,8,1079,2656,3153,3153,0,0,181,223,673,2,139,1176,262,497,0,0,0,0,0,0,0,0.813
Course 7,56,23,2.43,0.13,39,100.0,3,12,5,346,160,3,0.0,23.67,116,0.0,25.0,0.0,0.0,21.0,0.0,11.67,0.0,10.11,21,2553.0,9,1120,2329,3278,3278,0,0,348,326,236,210,59,370,780,949,0,0,0,0,0,0,0,0.808
Course 7,92,39,2.36,0.2,87,100.0,4,10,5,332,172,4,0.0,39.75,236,75.0,34.0,0.0,0.0,26.0,0.0,11.63,0.0,9.7,34,6190.0,10,1584,3359,4281,4281,15,157,164,406,807,35,148,959,668,886,36,0,0,0,0,0,0,0.813
Course 7,89,57,1.56,0.25,59,100.0,6,10,5,306,156,3,0.0,25.0,144,0.0,25.0,0.0,0.0,25.0,0.0,13.89,0.0,10.37,31,4321.0,10,1484,2827,3391,3391,15,237,227,306,642,57,144,679,520,564,0,0,0,0,0,0,0,0.812
Course 7,94,37,2.54,0.2,115,99.38,64,11,5,455,163,4,0.0,32.5,379,46.0,35.0,0.0,0.0,25.0,0.0,9.65,0.0,9.84,36,7489.0,10,3206,5650,6301,6301,2,516,524,880,953,331,208,1762,474,506,145,0,0,0,0,0,0,0.86
Course 7,44,26,1.69,0.14,45,100.0,9,6,5,280,173,4,0.0,28.0,191,27.0,35.0,0.0,0.0,25.0,0.0,8.53,0.0,9.22,25,4028.0,9,1617,2395,3169,3169,0,1,75,412,870,259,176,590,12,686,88,0,0,0,0,0,0,0.751
Course 7,72,29,2.48,0.4,50,100.0,4,8,5,229,162,4,0.0,19.0,149,0.0,25.0,0.0,0.0,20.0,0.0,8.89,0.0,8.58,27,1433.0,11,442,2104,2541,2541,0,13,7,302,19,101,115,230,1317,432,4,1,0,0,0,0,0,0.752
Course 7,72,26,2.77,0.42,97,100.0,0,12,5,311,164,3,0.0,22.33,151,0.0,25.0,0.0,0.0,18.0,0.0,10.0,0.0,9.36,26,3634.0,10,1003,2633,3153,3153,0,159,117,396,327,4,177,525,928,520,0,0,0,0,0,0,0,0.79
Course 7,83,26,3.19,0.42,55,100.0,9,5,5,192,162,4,0.0,14.5,142,1.0,20.0,0.0,0.0,27.0,0.0,7.56,0.0,10.87,26,4459.0,9,1079,1784,2674,2674,0,80,10,207,700,82,100,372,233,890,0,0,0,0,0,0,0,0.741
Course 7,62,35,1.77,0.19,60,100.0,6,5,5,432,163,2,0.0,23.5,103,0.0,23.0,0.0,0.0,24.0,0.0,13.33,0.0,10.3,32,5356.0,9,1458,2810,3926,3926,0,185,212,441,607,13,218,569,565,1083,33,0,0,0,0,0,0,0.791
Course 7,61,26,2.35,0.14,98,100.0,0,6,5,283,173,3,0.0,24.0,124,0.0,25.0,0.0,0.0,23.0,0.0,12.78,0.0,9.96,24,4796.0,10,943,1794,3121,3121,0,100,141,88,603,11,209,420,222,959,368,0,0,0,0,0,0,0.741
Course 7,71,38,1.87,0.21,59,99.42,4,13,5,469,173,4,0.0,26.0,282,50.0,25.0,0.0,0.0,21.0,0.0,8.77,0.0,10.53,36,6466.0,10,2084,3706,5160,5160,2,204,328,925,585,40,130,969,523,1263,191,0,0,0,0,0,0,0.847
Course 7,42,18,2.33,0.38,47,100.0,3,5,5,204,173,3,0.0,23.67,108,0.0,24.0,0.0,0.0,22.0,0.0,12.22,0.0,10.99,18,2049.0,7,578,1417,2028,2028,0,0,0,20,502,56,125,123,591,611,0,0,0,0,0,0,0,0.747
Course 7,55,28,1.96,0.15,13,100.0,13,7,5,294,160,3,0.0,25.67,166,0.0,34.0,0.0,0.0,25.0,0.0,13.89,0.0,9.68,27,4724.0,10,1699,2576,3249,3249,7,145,329,686,392,140,221,655,1,673,0,0,0,0,0,0,0,0.791
Course 7,49,27,1.81,0.42,46,100.0,14,6,5,260,173,3,0.0,23.33,106,0.0,24.0,0.0,0.0,24.0,0.0,13.33,0.0,11.77,27,3141.0,10,551,1003,2445,2445,0,26,164,239,122,0,68,305,79,1435,7,0,0,0,0,0,0,0.748
Course 7,43,23,1.87,0.35,33,100.0,77,12,5,291,163,2,0.0,29.5,78,0.0,34.0,0.0,0.0,25.0,0.0,13.89,0.0,9.99,22,1785.0,9,938,1596,2438,2438,8,44,5,258,182,441,0,356,302,733,109,0,0,0,0,0,0,0.719
Course 7,56,25,2.24,0.39,64,100.0,8,8,4,153,110,2,0.0,29.0,138,0.0,35.0,0.0,0.0,23.0,0.0,12.78,0.0,8.48,25,2255.0,9,221,1304,1744,1744,0,54,20,30,115,2,0,698,385,313,127,0,0,0,0,0,0,0.7
Course 7,44,25,1.76,0.45,44,100.0,1,10,5,275,163,4,0.0,17.0,94,0.0,25.0,0.0,0.0,29.0,0.0,8.06,0.0,7.78,25,2524.0,9,658,1665,2266,2266,0,59,208,143,149,99,221,550,236,601,0,0,0,0,0,0,0,0.764
Course 26,206,92,2.24,0.39,59,100.0,10,5,5,332,164,4,0.0,42.75,113,44.0,45.0,0.0,0.0,41.0,41.0,13.98,0.0,8.74,23,4649.0,11,1068,1994,2828,2828,5,1,14,509,293,246,72,695,159,130,378,326,0,0,0,0,0,0.739
Course 26,149,90,1.66,0.39,68,100.0,0,12,5,348,164,4,0.0,43.0,143,44.0,45.0,0.0,0.0,42.0,41.0,14.25,0.0,10.6,26,4253.0,11,1498,2388,3415,3415,0,361,46,482,246,363,187,562,141,531,421,75,0,0,0,0,0,0.777
Course 26,148,75,1.97,0.32,32,100.0,16,5,5,257,164,4,0.0,35.75,90,47.0,26.0,0.0,0.0,25.0,45.0,9.71,0.0,9.75,20,2406.0,9,623,1445,2235,2235,0,1,0,288,218,116,100,247,475,131,620,39,0,0,0,0,0,0.674
Course 26,140,95,1.47,0.4,42,100.0,33,6,5,273,163,4,0.0,50.5,109,74.0,40.0,0.0,0.0,45.0,43.0,16.85,0.0,8.69,20,2588.0,9,909,1439,2455,2455,8,0,0,453,242,206,137,359,34,125,832,59,0,0,0,0,0,0.664
Course 26,173,107,1.62,0.46,33,100.0,38,20,5,587,164,4,0.0,50.25,217,84.0,36.0,0.0,0.0,35.0,46.0,14.66,0.0,10.45,29,4914.0,11,2076,3851,5712,5712,0,211,0,630,870,365,125,827,823,618,1142,101,0,0,0,0,0,0.799
Course 26,123,75,1.64,0.34,38,100.0,1,5,5,294,163,3,0.0,30.0,55,0.0,25.0,0.0,0.0,24.0,41.0,13.33,0.0,8.79,17,1951.0,7,1124,1564,2757,2757,0,0,0,329,682,113,118,0,322,82,1051,60,0,0,0,0,0,0.703
Course 26,143,84,1.7,0.35,79,100.0,59,8,5,351,163,4,0.0,37.25,146,50.0,34.0,0.0,0.0,24.0,41.0,9.61,0.0,7.49,24,4451.0,12,1079,2068,3283,3286,22,0,31,597,429,0,251,378,360,540,598,77,0,0,3,0,0,0.632
Course 26,174,92,1.89,0.39,68,100.0,4,5,5,289,163,4,0.0,40.0,111,56.0,35.0,0.0,0.0,29.0,40.0,11.35,0.0,8.86,23,3502.0,9,1091,2527,3356,3356,14,4,0,451,432,190,162,816,458,147,612,70,0,0,0,0,0,0.713
Course 26,183,98,1.87,0.42,120,100.0,37,6,5,381,164,4,0.0,32.75,92,20.0,35.0,0.0,0.0,41.0,35.0,12.57,0.0,10.93,26,4600.0,10,1408,2144,3660,3660,4,0,140,332,796,136,136,575,25,603,818,95,0,0,0,0,0,0.748
Course 26,204,103,1.98,0.43,41,100.0,28,13,5,329,163,4,0.0,29.0,122,19.0,30.0,0.0,0.0,30.0,37.0,9.45,0.0,8.04,23,3667.0,11,862,1597,2920,2920,1,0,5,442,266,148,105,367,263,86,621,616,0,0,0,0,0,0.729
Course 26,167,104,1.61,0.45,73,100.0,92,5,5,340,163,3,0.0,44.67,69,0.0,45.0,0.0,0.0,45.0,44.0,25.0,0.0,9.87,28,2927.0,11,1245,2070,3265,3265,0,4,179,464,235,363,2,425,398,442,704,49,0,0,0,0,0,0.779
Course 26,175,90,1.94,0.38,95,100.0,3,6,5,443,164,4,0.0,47.5,212,65.0,44.0,0.0,0.0,41.0,40.0,15.21,0.0,9.01,23,3246.0,11,1617,3260,4528,4528,5,201,0,681,496,234,178,1053,412,326,829,113,0,0,0,0,0,0.769
Course 26,82,40,2.05,0.2,59,100.0,3,4,4,188,120,4,0.0,23.25,67,0.0,25.0,0.0,0.0,25.0,43.0,6.94,0.0,8.8,9,1339.0,5,425,869,1745,1745,0,0,0,0,425,0,0,444,0,37,790,49,0,0,0,0,0,0.617
Course 26,166,89,1.87,0.38,42,100.0,3,8,5,324,142,4,0.0,42.25,186,85.0,21.0,0.0,0.0,26.0,37.0,12.22,0.0,10.17,24,3997.0,11,1470,2230,3144,3144,3,88,29,401,599,350,28,663,69,184,676,54,0,0,0,0,0,0.752
Course 26,212,106,2.0,0.44,128,100.0,8,5,5,297,163,4,0.0,48.25,136,84.0,35.0,0.0,0.0,38.0,36.0,15.5,0.0,11.32,28,3861.0,11,1447,1983,3045,3045,1,22,97,413,710,204,145,387,4,390,623,49,0,0,0,0,0,0.756
Course 26,172,100,1.72,0.42,68,100.0,4,12,5,359,163,4,0.0,30.0,125,27.0,25.0,0.0,0.0,24.0,44.0,8.25,0.0,10.7,23,3978.0,10,980,1711,3276,3276,0,2,0,230,431,317,16,542,173,841,539,185,0,0,0,0,0,0.733
Course 26,133,80,1.66,0.34,92,100.0,24,7,5,331,163,4,0.0,32.75,103,26.0,30.0,0.0,0.0,33.0,42.0,10.7,0.0,8.25,22,2504.0,9,1310,2266,3225,3225,0,0,0,384,520,406,171,513,272,212,682,65,0,0,0,0,0,0.79
Course 26,175,86,2.03,0.37,120,100.0,34,6,5,312,164,4,0.0,36.5,121,40.0,34.0,0.0,0.0,35.0,37.0,12.08,0.0,8.83,24,4066.0,11,1316,2285,3933,3933,2,90,0,496,380,348,184,616,169,506,1033,109,0,0,0,0,0,0.743
Course 26,263,97,2.71,0.41,118,100.0,4,10,5,413,163,4,0.0,46.0,137,72.0,35.0,0.0,0.0,35.0,42.0,13.96,0.0,7.74,22,4003.0,10,1501,2330,4117,4117,0,119,0,765,354,263,0,492,337,117,1532,138,0,0,0,0,0,0.765
Course 26,179,88,2.03,0.4,95,100.0,19,8,5,502,164,3,0.0,36.67,84,0.0,30.0,0.0,0.0,42.0,38.0,23.33,0.0,10.44,24,4429.0,9,773,3367,4926,4926,0,0,0,413,238,122,38,1965,591,506,980,73,0,0,0,0,0,0.83
Course 26,134,81,1.65,0.34,85,100.0,2,5,5,261,157,4,0.0,27.5,101,15.0,35.0,0.0,0.0,23.0,37.0,7.27,0.0,9.04,16,2527.0,9,1084,1626,2660,2660,2,0,0,131,681,270,0,542,0,36,520,478,0,0,0,0,0,0.658
Course 26,208,105,1.98,0.44,142,100.0,14,16,5,482,163,4,0.0,50.0,169,84.0,34.0,0.0,0.0,45.0,37.0,17.44,0.0,9.97,26,4190.0,11,1177,2724,4568,4568,16,6,81,451,354,269,195,1050,302,626,1054,164,0,0,0,0,0,0.787
Course 26,204,110,1.85,0.46,73,100.0,26,7,5,470,164,4,0.0,52.88,151,85.0,40.0,0.0,0.0,43.5,43.0,17.08,0.0,9.68,30,5856.0,11,1580,3433,4231,4231,14,163,1,671,503,228,184,426,1243,221,485,92,0,0,0,0,0,0.792
Course 26,150,79,1.9,0.34,97,100.0,14,24,5,388,165,4,0.0,35.5,198,45.0,35.0,0.0,0.0,21.0,41.0,8.48,0.0,9.52,26,3560.0,11,1099,2002,4051,4051,0,2,39,266,538,254,95,435,373,591,1367,91,0,0,0,0,0,0.787
Course 26,177,87,2.03,0.4,76,99.39,13,14,5,767,164,4,0.0,28.0,135,5.0,35.0,0.0,0.0,26.0,46.0,7.52,0.0,8.17,29,6454.0,10,1391,2579,3983,4092,0,0,0,359,611,421,196,535,457,355,951,98,0,0,109,0,0,0.663
Course 26,215,92,2.34,0.38,78,100.0,7,7,5,291,163,4,0.0,37.0,123,42.0,35.0,0.0,0.0,34.0,37.0,11.92,0.0,9.16,19,2368.0,10,1051,1975,2728,2728,2,0,0,415,433,201,0,752,172,52,631,70,0,0,0,0,0,0.673
Course 26,217,115,1.89,0.49,134,100.0,41,16,5,492,164,4,0.0,50.5,222,78.0,44.0,0.0,0.0,43.0,37.0,16.53,0.0,9.61,34,4989.0,11,1522,3152,4884,4884,2,246,0,505,480,289,22,730,878,572,1081,79,0,0,0,0,0,0.795
Course 26,118,58,2.03,0.25,45,100.0,2,5,5,249,162,4,0.0,36.75,101,34.0,35.0,0.0,0.0,32.0,46.0,10.89,0.0,10.83,19,2225.0,8,385,1027,2231,2231,0,2,0,357,26,0,0,637,5,389,453,362,0,0,0,0,0,0.639
Course 26,169,99,1.71,0.41,33,100.0,17,15,5,503,164,4,0.0,32.75,101,5.0,45.0,0.0,0.0,41.0,40.0,11.68,0.0,11.61,26,4545.0,11,1051,2580,4241,4241,11,0,21,432,497,90,138,799,592,640,878,143,0,0,0,0,0,0.768
Course 26,138,80,1.73,0.34,99,100.0,65,9,5,293,163,4,0.0,35.63,187,50.0,25.0,0.0,0.0,25.5,42.0,10.02,0.0,9.29,32,5913.0,9,1087,1828,4260,4260,10,163,0,431,349,134,2,410,329,286,1793,353,0,0,0,0,0,0.759
Course 26,163,86,1.9,0.36,57,100.0,22,8,5,406,163,4,0.0,35.75,109,34.0,40.0,0.0,0.0,29.0,40.0,10.06,0.0,11.3,21,2580.0,9,1132,2178,3398,3398,10,0,0,640,345,137,29,786,231,439,711,70,0,0,0,0,0,0.698
Course 26,248,105,2.36,0.44,128,100.0,40,9,5,570,163,4,0.0,51.75,198,85.0,45.0,0.0,0.0,37.0,40.0,15.28,0.0,10.65,31,9135.0,9,1469,3260,7468,7468,7,145,0,885,432,0,0,1237,554,1496,2610,102,0,0,0,0,0,0.771
Course 26,191,107,1.79,0.45,59,100.0,19,6,5,356,161,3,0.0,40.67,56,0.0,45.0,0.0,0.0,33.0,44.0,18.33,0.0,7.3,35,3060.0,11,1381,1899,3206,3206,4,100,48,566,507,156,55,163,300,389,597,321,0,0,0,0,0,0.781
Course 26,217,95,2.28,0.44,190,100.0,0,5,5,299,163,4,0.0,33.0,136,14.0,45.0,0.0,0.0,41.0,32.0,12.21,0.0,10.75,18,2641.0,7,1083,1766,2920,2920,0,0,0,189,720,174,0,679,4,318,764,72,0,0,0,0,0,0.758
Course 26,206,102,2.02,0.43,72,100.0,11,5,5,319,163,4,0.0,27.75,119,7.0,33.0,0.0,0.0,29.0,42.0,8.47,0.0,8.02,26,1857.0,10,865,1385,3151,3151,4,1,40,356,296,168,19,406,95,394,1169,203,0,0,0,0,0,0.742
Course 26,83,34,2.44,0.17,47,100.0,1,6,5,224,162,4,0.0,26.75,94,6.0,29.0,0.0,0.0,27.0,45.0,7.85,0.0,8.41,10,2033.0,7,478,919,2056,2056,0,0,0,154,21,303,3,438,0,59,330,748,0,0,0,0,0,0.682
Course 26,148,77,1.92,0.32,28,100.0,15,14,5,369,163,4,0.0,45.75,126,59.0,40.0,0.0,0.0,45.0,39.0,15.97,0.0,7.8,19,2155.0,8,916,2132,3208,3208,3,7,0,511,395,0,0,864,352,48,401,627,0,0,0,0,0,0.678
Course 26,133,65,2.05,0.28,56,100.0,2,5,5,221,161,4,0.0,27.5,151,10.0,35.0,0.0,0.0,26.0,39.0,7.81,0.0,6.84,16,1511.0,8,1216,1823,2568,2568,0,304,0,207,413,292,0,607,0,67,616,62,0,0,0,0,0,0.673
Course 26,72,50,1.44,0.22,42,100.0,8,5,5,217,163,4,0.0,25.0,102,0.0,28.0,0.0,0.0,24.0,48.0,6.67,0.0,8.92,18,1153.0,9,841,1265,2008,2008,4,4,6,388,208,231,90,106,228,92,602,49,0,0,0,0,0,0.674
Course 26,86,56,1.54,0.26,45,100.0,2,0,0,179,92,3,0.0,34.67,64,0.0,34.0,0.0,0.0,33.0,37.0,18.33,0.0,7.81,14,1300.0,8,503,1427,1535,1535,0,0,0,215,184,104,227,480,217,63,0,45,0,0,0,0,0,0.681
Course 26,259,115,2.25,0.48,72,100.0,31,10,5,369,163,4,0.0,37.0,137,43.0,34.0,0.0,0.0,32.0,39.0,11.42,0.0,7.48,33,6608.0,10,1246,2701,4302,4302,3,5,0,698,385,155,269,845,341,656,704,241,0,0,0,0,0,0.778
Course 26,146,72,2.03,0.31,55,100.0,1,6,5,257,163,4,0.0,44.25,91,58.0,43.0,0.0,0.0,26.0,50.0,10.63,0.0,8.11,15,3159.0,6,379,1300,2839,2839,0,0,0,307,72,0,422,247,252,272,1104,163,0,0,0,0,0,0.718
Course 26,75,39,1.92,0.19,45,100.0,0,7,5,309,162,4,0.0,29.25,103,10.0,38.0,0.0,0.0,34.0,35.0,10.03,0.0,12.71,16,1683.0,8,556,1366,2391,2391,0,0,0,119,243,194,141,669,0,68,874,83,0,0,0,0,0,0.722
Course 26,83,46,1.8,0.19,55,100.0,12,6,5,202,163,4,0.0,37.75,122,34.0,35.0,0.0,0.0,34.0,48.0,11.44,0.0,8.1,16,1408.0,8,157,1044,1970,1970,6,0,11,99,41,0,0,841,46,67,611,248,0,0,0,0,0,0.604
Course 26,143,82,1.74,0.34,29,99.38,34,8,5,409,162,4,0.0,55.0,158,85.0,45.0,0.0,0.0,45.0,45.0,17.5,0.0,10.25,28,4198.0,11,1269,2523,4353,4353,5,171,0,444,470,179,189,684,381,720,985,125,0,0,0,0,0,0.778
Course 26,154,91,1.69,0.42,56,100.0,7,5,5,305,161,4,0.0,32.25,157,28.0,35.0,0.0,0.0,34.0,32.0,11.09,0.0,8.97,20,3367.0,7,1256,2384,3466,3466,0,0,0,0,906,350,219,719,190,62,951,69,0,0,0,0,0,0.795
Course 26,164,80,2.05,0.33,87,100.0,41,7,5,405,162,4,0.0,39.5,155,45.0,40.0,0.0,0.0,38.0,35.0,13.2,0.0,9.27,22,3489.0,9,1537,2603,3649,3649,4,0,0,680,511,342,6,608,452,299,687,60,0,0,0,0,0,0.711
Course 26,232,96,2.42,0.41,83,100.0,25,6,5,505,164,4,0.0,41.5,115,49.0,44.0,0.0,0.0,33.0,40.0,12.05,0.0,7.94,28,5338.0,9,1415,2793,4433,4433,0,39,0,298,779,299,94,605,679,568,1003,69,0,0,0,0,0,0.777
Course 26,232,97,2.39,0.41,98,100.0,42,5,5,569,164,4,0.0,52.0,171,85.0,40.0,0.0,0.0,38.0,45.0,15.56,0.0,9.36,25,5846.0,11,1782,3929,5430,5430,2,193,0,756,631,200,228,1340,579,561,867,73,0,0,0,0,0,0.788
Course 26,105,53,1.98,0.24,54,100.0,4,6,5,230,164,4,0.0,30.5,132,10.0,35.0,0.0,0.0,31.0,46.0,9.2,0.0,12.39,18,1712.0,8,747,1618,2569,2569,0,0,0,114,508,125,60,806,5,423,451,77,0,0,0,0,0,0.745
Course 26,161,87,1.85,0.37,65,100.0,7,9,5,398,164,4,0.0,43.75,129,46.0,44.0,0.0,0.0,44.0,41.0,14.93,0.0,10.67,27,5010.0,10,1138,1927,3681,3681,8,115,0,446,316,253,127,357,305,479,1184,91,0,0,0,0,0,0.751
Course 26,178,97,1.84,0.42,30,100.0,5,7,5,442,163,4,0.0,42.0,154,55.0,37.0,0.0,0.0,42.0,34.0,14.9,0.0,8.53,30,2569.0,12,1467,2671,3752,3753,0,4,173,512,670,108,322,397,485,455,584,42,1,0,0,0,0,0.744
Course 26,147,93,1.58,0.39,74,100.0,29,12,5,492,163,4,0.0,53.5,173,85.0,40.0,0.0,0.0,45.0,44.0,17.5,0.0,9.47,27,5770.0,10,2009,3155,4457,4457,3,2,0,1056,561,387,0,749,397,494,477,331,0,0,0,0,0,0.76
Course 26,132,66,2.0,0.3,39,100.0,0,6,5,204,163,3,0.0,29.5,73,0.0,25.0,0.0,0.0,32.5,31.0,18.06,0.0,9.56,15,3021.0,7,509,996,1829,1829,0,0,0,85,251,173,0,487,0,36,694,103,0,0,0,0,0,0.658
Course 26,99,51,1.94,0.24,158,100.0,0,5,5,265,163,4,0.0,24.0,188,0.0,27.0,0.0,0.0,26.0,43.0,7.22,0.0,10.93,16,2232.0,8,697,1362,2672,2672,0,0,0,185,348,164,253,412,0,87,1130,93,0,0,0,0,0,0.73
Course 26,112,58,1.93,0.24,94,100.0,5,7,5,429,162,4,0.0,27.25,166,18.0,26.0,0.0,0.0,34.0,31.0,10.5,0.0,11.97,25,4644.0,11,1000,2013,3607,3607,1,6,7,451,430,105,319,589,105,327,1199,68,0,0,0,0,0,0.75
Course 26,189,99,1.91,0.43,76,100.0,22,5,5,431,163,4,0.0,40.0,168,73.0,27.0,0.0,0.0,25.0,35.0,11.24,0.0,9.85,30,4809.0,11,1779,2832,4049,4049,9,206,75,442,565,482,197,561,295,346,834,37,0,0,0,0,0,0.798
Course 26,88,43,2.05,0.19,57,100.0,23,5,5,233,163,4,0.0,33.0,154,24.0,35.0,0.0,0.0,36.0,37.0,11.41,0.0,11.84,16,1341.0,7,420,1179,2282,2282,9,0,0,79,165,167,58,316,385,181,852,70,0,0,0,0,0,0.619
Course 26,143,81,1.77,0.34,47,100.0,29,5,5,348,164,3,0.0,32.67,64,0.0,30.0,0.0,0.0,31.0,37.0,17.22,0.0,10.4,27,1584.0,11,1785,2297,3224,3224,2,0,108,816,708,151,159,198,155,44,834,49,0,0,0,0,0,0.747
Course 26,95,43,2.21,0.18,55,100.0,5,5,5,284,163,4,0.0,31.5,81,1.0,40.0,0.0,0.0,39.0,46.0,10.89,0.0,10.03,17,3049.0,9,636,1582,2424,2424,6,0,0,239,285,106,18,928,0,74,702,66,0,0,0,0,0,0.651
Course 26,159,79,2.01,0.33,85,100.0,1,15,5,294,162,4,0.0,36.25,143,25.0,35.0,0.0,0.0,35.0,50.0,11.19,0.0,8.72,23,2032.0,9,880,1591,2845,2845,2,0,0,385,330,163,121,311,279,202,966,86,0,0,0,0,0,0.685
Course 26,109,67,1.63,0.28,7,100.0,2,8,5,296,163,4,0.0,39.25,137,52.0,25.0,0.0,0.0,32.0,48.0,11.95,0.0,10.38,23,2485.0,10,863,1466,2748,2748,2,0,16,180,523,142,58,294,251,171,1011,100,0,0,0,0,0,0.714
Course 26,71,37,1.92,0.17,197,100.0,0,5,5,224,167,4,0.0,29.5,103,28.0,25.0,0.0,0.0,24.0,41.0,8.31,0.0,9.84,14,2471.0,8,499,1050,2092,2092,0,0,0,169,278,52,7,544,0,131,693,218,0,0,0,0,0,0.7
Course 26,177,78,2.27,0.34,84,100.0,8,5,5,209,163,4,0.0,43.0,146,56.0,39.0,0.0,0.0,35.0,42.0,13.02,0.0,10.16,26,1023.0,11,874,1369,2151,2151,7,1,79,395,239,153,36,282,177,182,468,132,0,0,0,0,0,0.722
Course 26,122,72,1.69,0.33,22,100.0,8,5,5,370,163,4,0.0,29.75,109,29.0,30.0,0.0,0.0,36.0,24.0,11.71,0.0,10.79,17,1853.0,8,1139,2298,3941,3941,0,0,0,520,383,236,32,1124,3,576,1009,58,0,0,0,0,0,0.776
Course 26,191,97,1.97,0.45,106,100.0,12,5,5,296,163,4,0.0,34.88,184,27.0,32.0,0.0,0.0,32.5,48.0,10.62,0.0,10.57,24,4853.0,8,942,2423,3283,3283,0,0,0,0,626,316,55,1085,341,342,437,81,0,0,0,0,0,0.813
Course 26,87,50,1.74,0.21,13,100.0,2,5,5,217,158,4,0.0,30.0,176,15.0,35.0,0.0,0.0,32.0,38.0,9.77,0.0,11.88,14,1610.0,8,458,1054,2042,2042,3,0,0,157,196,102,304,292,0,144,770,74,0,0,0,0,0,0.619
Course 26,169,102,1.66,0.43,45,100.0,10,11,5,355,163,3,0.0,34.33,55,0.0,34.0,0.0,0.0,31.0,38.0,17.22,0.0,11.19,31,3912.0,11,1065,1665,2936,2936,1,64,21,515,278,186,81,337,182,172,912,187,0,0,0,0,0,0.763
Course 26,126,62,2.03,0.29,56,100.0,1,6,5,362,163,4,0.0,40.75,110,66.0,35.0,0.0,0.0,30.0,32.0,12.22,0.0,8.78,27,3130.0,9,1493,2326,3203,3203,0,0,0,1026,225,242,132,394,307,88,739,50,0,0,0,0,0,0.806
Course 26,95,54,1.76,0.25,118,100.0,7,4,4,204,124,4,0.0,37.0,140,30.0,40.0,0.0,0.0,28.0,50.0,9.54,0.0,7.95,15,1170.0,7,1067,1617,2180,2180,0,0,0,494,438,135,0,548,2,56,468,39,0,0,0,0,0,0.679
Course 26,63,48,1.31,0.22,82,100.0,0,4,4,174,110,4,0.0,31.75,133,29.0,26.0,0.0,0.0,29.0,43.0,9.76,0.0,7.74,15,996.0,7,734,1196,1730,1730,0,0,0,212,368,154,0,462,0,191,241,102,0,0,0,0,0,0.668
Course 26,168,100,1.68,0.45,111,100.0,17,10,5,456,163,4,0.0,45.75,165,59.0,43.0,0.0,0.0,34.0,47.0,12.92,0.0,7.55,19,2697.0,9,1325,2236,3664,3664,0,0,0,581,523,221,134,462,315,349,206,873,0,0,0,0,0,0.792
Course 26,190,75,2.53,0.33,88,100.0,1,5,5,264,164,4,0.0,41.75,84,45.0,45.0,0.0,0.0,30.0,47.0,10.98,0.0,10.36,29,5142.0,10,1568,2000,3137,3137,0,36,0,809,288,435,60,315,57,165,926,46,0,0,0,0,0,0.766
Course 26,71,34,2.09,0.14,25,100.0,70,9,5,451,163,3,0.0,29.0,67,0.0,24.0,0.0,0.0,25.0,38.0,13.89,0.0,8.72,14,2796.0,7,1029,1942,4002,4002,1,0,0,706,322,0,0,616,297,423,1527,110,0,0,0,0,0,0.675
Course 26,139,76,1.83,0.32,79,99.39,11,5,5,369,163,4,0.0,40.5,123,65.0,34.0,0.0,0.0,28.0,35.0,11.6,0.0,8.76,25,2258.0,11,1219,1930,2789,2789,3,0,12,435,284,485,206,371,134,170,578,111,0,0,0,0,0,0.728
Course 26,212,109,1.94,0.46,76,100.0,42,8,5,313,163,4,0.0,47.5,223,85.0,34.0,0.0,0.0,29.0,42.0,13.06,0.0,9.17,28,3457.0,12,1615,2202,3390,3391,6,23,100,945,309,232,4,357,226,596,498,94,0,0,1,0,0,0.647
Course 26,252,111,2.27,0.47,66,100.0,32,8,5,317,164,4,0.0,34.25,126,46.0,32.0,0.0,0.0,29.0,30.0,10.76,0.0,8.18,27,3855.0,11,1141,2285,3364,3364,2,34,0,485,455,165,136,593,415,113,901,65,0,0,0,0,0,0.753
Course 26,241,92,2.62,0.4,50,100.0,11,5,5,348,163,4,0.0,43.75,143,50.0,44.0,0.0,0.0,45.0,36.0,15.44,0.0,8.15,22,4950.0,11,1582,2688,3463,3463,0,216,0,642,502,222,87,562,457,90,100,585,0,0,0,0,0,0.757
Course 26,152,79,1.92,0.33,39,100.0,9,6,5,336,163,4,0.0,37.75,184,48.0,35.0,0.0,0.0,30.0,38.0,11.16,0.0,9.44,20,2261.0,8,1101,2368,3565,3565,5,2,0,476,395,223,11,896,360,157,708,332,0,0,0,0,0,0.721
Course 27,82,47,1.74,0.2,58,100.0,14,5,4,171,116,4,0.0,33.75,104,0.0,28.0,0.0,0.0,38.0,44.0,21.11,0.0,5.71,19,1401.0,8,537,974,1647,1647,0,1,0,0,306,230,231,201,5,334,92,247,0,0,0,0,0,0.635
Course 27,73,51,1.43,0.22,41,100.0,249,10,5,526,163,5,0.0,25.5,193,9.0,24.0,0.0,0.0,34.5,35.0,10.11,0.0,7.62,26,3955.0,11,1936,3044,4756,4756,0,49,0,758,290,839,324,433,351,87,704,921,0,0,0,0,0,0.631
Course 27,99,64,1.55,0.27,62,100.0,6,7,5,372,164,5,0.0,22.4,78,0.0,35.0,0.0,0.0,35.0,41.0,9.72,0.0,8.8,29,5659.0,10,799,1416,3225,3225,0,2,0,316,226,255,87,461,69,276,1351,182,0,0,0,0,0,0.754
Course 27,126,70,1.8,0.31,73,100.0,12,8,5,373,163,4,0.0,26.0,114,0.0,24.0,0.0,0.0,23.0,32.0,12.78,0.0,5.76,29,7383.0,9,1206,1703,3397,3397,0,0,6,516,346,338,208,236,53,281,730,683,0,0,0,0,0,0.815
Course 27,62,29,2.14,0.13,90,100.0,7,5,5,168,136,5,0.0,23.0,150,1.0,20.0,0.0,0.0,32.0,37.0,8.95,0.0,11.98,10,1445.0,6,222,1125,1740,1740,0,0,0,105,117,0,0,903,0,62,516,37,0,0,0,0,0,0.639
Course 27,300,119,2.52,0.5,98,100.0,152,10,5,608,165,5,0.0,44.7,192,66.0,44.0,0.0,0.0,41.5,47.0,15.41,0.0,7.54,38,6746.0,13,1935,4319,6238,6242,6,203,298,1335,92,1,153,1323,908,1162,560,197,0,2,2,0,0,0.781
Course 27,199,92,2.16,0.39,124,98.16,13,12,5,584,166,5,0.0,24.0,131,0.0,25.0,0.0,0.0,33.0,36.0,18.33,0.0,6.6,36,7340.0,11,3329,5037,6408,6408,3,708,23,1203,701,691,440,551,717,592,525,254,0,0,0,0,0,0.849
Course 27,92,59,1.56,0.27,40,100.0,1,7,5,308,163,5,0.0,17.4,78,0.0,25.0,0.0,0.0,25.0,34.0,6.94,0.0,7.53,24,4177.0,9,687,1154,2618,2618,0,0,0,193,207,287,73,246,148,120,949,395,0,0,0,0,0,0.794
Course 27,90,41,2.2,0.19,158,100.0,2,7,5,270,161,5,0.0,25.0,130,0.0,37.0,0.0,0.0,24.0,39.0,6.67,0.0,8.05,20,1986.0,9,1102,1697,2743,2743,0,0,0,195,778,129,1,274,320,51,870,125,0,0,0,0,0,0.764
Course 27,155,67,2.31,0.31,70,100.0,4,5,5,326,163,4,0.0,25.25,105,0.0,40.0,0.0,0.0,25.0,36.0,6.94,0.0,8.15,24,5271.0,9,979,1941,3125,3125,0,0,0,545,338,96,284,459,219,132,1000,52,0,0,0,0,0,0.803
Course 27,79,29,2.72,0.14,43,100.0,0,0,0,107,71,3,0.0,30.0,66,0.0,25.0,0.0,0.0,21.0,44.0,11.67,0.0,8.66,9,2926.0,5,455,939,1130,1130,0,0,0,0,455,0,0,484,0,97,4,90,0,0,0,0,0,0.571
Course 27,131,51,2.57,0.24,26,99.33,5,5,5,284,149,6,0.0,13.33,120,0.0,20.0,0.0,0.0,26.0,32.0,7.22,0.0,8.12,19,3364.0,7,464,1868,2812,2812,0,0,0,337,90,37,352,788,264,48,853,43,0,0,0,0,0,0.77
Course 27,113,43,2.63,0.2,53,100.0,2,5,5,195,154,5,0.0,23.0,121,0.0,35.0,0.0,0.0,27.0,29.0,7.5,0.0,9.01,18,2812.0,6,655,1009,1933,1933,0,0,0,49,600,6,0,352,2,48,593,283,0,0,0,0,0,0.694
Course 27,103,45,2.29,0.19,127,100.0,13,5,5,316,163,5,0.0,27.4,156,11.0,35.0,0.0,0.0,32.0,35.0,9.54,0.0,9.0,28,5562.0,9,1109,1927,3033,3033,7,0,0,511,329,262,248,471,99,522,497,87,0,0,0,0,0,0.716
Course 27,94,41,2.29,0.19,18,100.0,4,5,5,383,161,5,0.0,20.0,104,0.0,27.0,0.0,0.0,28.0,45.0,7.78,0.0,10.03,18,2788.0,7,1718,2533,3732,3732,0,0,0,0,1435,283,0,510,305,275,811,113,0,0,0,0,0,0.776
Course 27,67,42,1.6,0.19,36,97.9,16,27,5,480,146,6,0.0,23.17,151,9.0,35.0,0.0,0.0,30.0,42.0,8.86,0.0,7.97,21,4454.0,8,1261,2423,3699,3699,0,0,0,217,679,365,0,988,174,736,309,231,0,0,0,0,0,0.771
Course 27,75,50,1.5,0.23,44,100.0,28,7,5,425,162,4,0.0,27.5,167,0.0,25.0,0.0,0.0,25.0,37.0,13.89,0.0,6.64,22,3900.0,9,1857,2965,3952,3952,0,0,0,477,491,889,557,492,59,53,410,524,0,0,0,0,0,0.819
Course 27,90,50,1.8,0.23,62,100.0,25,8,5,268,162,5,0.0,24.6,148,0.0,24.0,0.0,0.0,27.0,36.0,15.0,0.0,6.08,24,2777.0,9,834,1738,2995,2995,0,0,0,300,405,129,301,289,314,253,511,493,0,0,0,0,0,0.809
Course 27,51,25,2.04,0.12,31,100.0,17,6,5,185,152,5,0.0,19.2,151,0.0,25.0,0.0,0.0,24.0,38.0,6.67,0.0,7.06,15,1002.0,6,461,801,1824,1824,0,0,0,85,47,329,0,336,4,65,881,77,0,0,0,0,0,0.695
Course 27,96,49,1.96,0.24,45,100.0,13,6,5,255,163,4,0.0,31.0,96,0.0,34.0,0.0,0.0,29.0,36.0,16.11,0.0,5.8,20,2542.0,8,548,1194,2409,2409,0,0,0,315,11,222,273,234,139,44,1049,122,0,0,0,0,0,0.755
Course 27,107,47,2.28,0.2,78,100.0,37,5,5,296,163,4,0.0,24.0,84,8.0,30.0,0.0,0.0,24.0,34.0,7.14,0.0,7.94,26,3345.0,10,1031,1651,2651,2651,0,2,0,494,382,153,72,292,256,91,844,65,0,0,0,0,0,0.72
Course 27,112,62,1.81,0.27,69,100.0,0,11,5,429,162,5,0.0,20.8,114,1.0,28.0,0.0,0.0,23.0,34.0,6.45,0.0,7.38,27,3279.0,10,1869,2821,3998,3998,0,1,0,929,681,258,110,556,286,517,440,220,0,0,0,0,0,0.774
Course 27,51,35,1.46,0.17,25,100.0,38,6,5,296,164,6,0.0,20.83,150,0.0,29.0,0.0,0.0,25.0,39.0,6.94,0.0,9.28,23,2300.0,8,821,1618,2784,2784,0,0,0,395,368,58,241,552,4,42,690,434,0,0,0,0,0,0.779
Course 27,71,47,1.51,0.22,14,100.0,8,6,5,246,163,5,0.0,24.0,171,7.0,25.0,0.0,0.0,25.0,38.0,7.36,0.0,8.65,25,2308.0,9,716,1297,2288,2288,0,0,0,478,117,121,37,543,1,267,667,57,0,0,0,0,0,0.776
Course 27,95,72,1.32,0.31,55,100.0,47,6,5,551,156,5,0.0,28.9,174,24.0,25.0,0.0,0.0,29.5,41.0,9.61,0.0,8.01,35,5400.0,11,1907,3320,4386,4386,24,251,0,780,572,280,794,471,148,82,393,591,0,0,0,0,0,0.8
Course 27,88,40,2.2,0.2,203,100.0,3,6,5,197,163,4,0.0,24.25,139,9.0,0.0,0.0,0.0,15.0,48.0,4.7,0.0,10.13,16,951.0,6,576,1053,2093,2093,0,0,0,28,235,313,113,340,24,0,975,65,0,0,0,0,0,0.693
Course 27,125,48,2.6,0.22,44,100.0,1,7,5,199,157,3,0.0,28.0,126,0.0,0.0,0.0,0.0,21.0,48.0,11.67,0.0,9.6,15,833.0,7,619,1163,2013,2013,0,0,0,41,348,230,23,521,0,1,731,118,0,0,0,0,0,0.7
Course 27,76,31,2.45,0.14,32,100.0,4,0,0,164,59,4,0.0,31.5,95,0.0,40.0,0.0,0.0,25.0,36.0,13.89,0.0,6.12,14,1759.0,9,821,904,1719,1719,0,0,0,79,606,136,12,69,2,62,608,145,0,0,0,0,0,0.708
Course 27,108,49,2.2,0.23,55,100.0,1,12,5,283,163,4,0.0,24.5,79,11.0,34.0,0.0,0.0,26.0,27.0,7.87,0.0,7.76,25,4335.0,9,814,1630,2693,2693,0,2,0,392,376,44,125,430,261,191,824,48,0,0,0,0,0,0.718
Course 27,102,62,1.65,0.27,102,100.0,35,7,5,473,164,5,0.0,22.6,98,0.0,30.0,0.0,0.0,30.0,44.0,16.67,0.0,6.65,33,7998.0,10,1634,2712,4496,4496,0,6,0,723,685,220,239,434,405,207,1466,111,0,0,0,0,0,0.797
Course 27,99,57,1.74,0.25,59,100.0,17,8,5,281,163,5,0.0,27.0,88,23.0,25.0,0.0,0.0,25.0,37.0,8.3,0.0,9.08,22,4750.0,9,433,1112,2579,2579,0,1,0,92,209,131,347,329,3,173,589,705,0,0,0,0,0,0.706
Course 27,149,66,2.26,0.3,107,99.34,25,10,5,362,152,5,0.0,20.8,228,13.0,24.0,0.0,0.0,23.0,26.0,7.15,0.0,8.27,30,6832.0,9,1501,2913,4618,4618,0,0,0,839,622,40,322,781,309,362,945,398,0,0,0,0,0,0.83
Course 27,91,49,1.86,0.22,48,98.16,2,7,5,289,163,5,0.0,18.4,86,2.0,25.0,0.0,0.0,24.0,40.0,6.78,0.0,6.7,18,3763.0,8,712,1218,2643,2643,0,0,0,271,263,178,165,341,0,103,408,914,0,0,0,0,0,0.737
Course 27,47,21,2.24,0.11,58,100.0,0,0,0,79,41,3,0.0,27.0,60,0.0,25.0,0.0,0.0,24.0,32.0,13.33,0.0,6.71,10,757.0,5,750,836,922,922,0,0,0,0,616,134,0,86,0,37,0,49,0,0,0,0,0,0.559
Course 27,243,94,2.59,0.4,78,100.0,1,6,5,438,163,4,0.0,36.0,132,0.0,39.0,0.0,0.0,40.0,42.0,22.22,0.0,9.03,26,5129.0,9,1251,1866,4812,4812,0,7,0,174,508,562,0,432,183,1903,840,203,0,0,0,0,0,0.755
Course 27,169,68,2.49,0.29,82,100.0,8,5,5,251,163,5,0.0,23.2,116,0.0,35.0,0.0,0.0,23.0,33.0,6.39,0.0,5.51,26,4852.0,10,858,1523,2679,2679,1,2,0,116,510,229,242,339,84,56,401,699,0,0,0,0,0,0.733
Course 27,82,47,1.74,0.2,47,99.38,0,7,5,242,163,5,0.0,24.6,118,4.0,34.0,0.0,0.0,33.0,43.0,9.4,0.0,9.23,19,3078.0,7,362,1166,2280,2280,0,1,0,0,265,96,0,782,22,65,890,159,0,0,0,0,0,0.644
Course 27,168,68,2.47,0.29,72,100.0,8,7,5,259,163,4,0.0,28.5,84,0.0,31.0,0.0,0.0,35.0,48.0,9.72,0.0,6.66,27,4724.0,9,525,1367,2465,2465,0,13,0,262,99,151,122,407,313,477,568,53,0,0,0,0,0,0.719
Course 27,29,21,1.38,0.1,25,100.0,0,0,0,29,8,2,0.0,31.5,55,0.0,36.0,0.0,0.0,0.0,27.0,0.0,0.0,5.9,9,276.0,5,163,181,443,443,0,0,0,3,88,72,0,0,18,179,0,83,0,0,0,0,0,0.419
Course 27,64,23,2.78,0.11,46,100.0,5,19,5,360,163,4,0.0,27.0,112,0.0,33.0,0.0,0.0,22.0,28.0,12.22,0.0,8.3,17,2337.0,9,866,1053,3342,3342,0,0,0,222,267,377,1,186,0,396,1696,197,0,0,0,0,0,0.77
Course 27,71,41,1.73,0.18,42,100.0,3,5,5,218,154,3,0.0,23.0,80,0.0,24.0,0.0,0.0,9.0,36.0,5.0,0.0,12.92,20,1191.0,9,340,543,1987,1987,0,1,0,161,110,68,97,100,6,35,1206,203,0,0,0,0,0,0.671
Course 27,49,21,2.33,0.1,26,100.0,1,4,4,210,125,4,0.0,24.5,87,0.0,28.0,0.0,0.0,19.0,37.0,10.56,0.0,10.01,15,2591.0,9,411,1344,1856,1856,0,1,0,171,120,119,0,931,2,473,0,39,0,0,0,0,0,0.642
Course 27,86,61,1.41,0.26,45,100.0,62,6,5,282,128,6,0.0,23.83,123,27.0,25.0,0.0,0.0,25.0,41.0,8.53,0.0,8.49,26,3253.0,9,1083,1586,2535,2535,13,1,0,445,462,162,0,306,197,536,367,46,0,0,0,0,0,0.701
Course 27,59,28,2.11,0.13,34,100.0,1,0,0,139,62,3,0.0,31.33,105,0.0,22.0,0.0,0.0,25.0,47.0,13.89,0.0,6.37,12,804.0,6,354,489,1339,1339,0,0,0,35,294,25,5,130,0,86,522,242,0,0,0,0,0,0.641
Course 27,64,36,1.78,0.18,40,100.0,1,0,0,139,103,5,0.0,20.0,79,7.0,20.0,0.0,0.0,21.0,37.0,6.25,0.0,6.16,13,1190.0,7,534,1237,1571,1571,0,0,0,64,252,218,58,638,7,44,0,290,0,0,0,0,0,0.687
Course 27,111,48,2.31,0.22,112,100.0,1,0,0,203,127,6,0.0,18.5,120,0.0,29.0,0.0,0.0,33.0,35.0,9.17,0.0,8.42,19,2643.0,8,503,1791,2378,2378,0,0,0,73,262,168,0,1285,3,58,138,391,0,0,0,0,0,0.738
Course 27,92,50,1.84,0.22,48,100.0,3,6,5,310,162,6,0.0,24.83,133,10.0,35.0,0.0,0.0,34.0,42.0,10.03,0.0,8.71,23,1418.0,10,892,1747,2964,2964,0,1,0,293,391,207,92,459,304,166,1003,48,0,0,0,0,0,0.735
Course 27,228,96,2.38,0.44,73,100.0,22,5,5,410,162,5,0.0,21.6,171,0.0,23.0,0.0,0.0,24.0,39.0,6.67,0.0,9.22,35,10643.0,8,1402,2455,3941,3941,0,0,0,729,443,230,0,884,169,612,788,86,0,0,0,0,0,0.805
Course 27,98,53,1.85,0.23,62,100.0,12,10,5,305,163,6,0.0,21.17,157,20.0,20.0,0.0,0.0,24.0,38.0,7.84,0.0,7.52,23,3556.0,10,939,1946,3373,3373,0,1,0,119,588,231,4,657,346,53,1144,230,0,0,0,0,0,0.753
Course 27,127,54,2.35,0.25,98,100.0,2,8,5,326,163,5,0.0,22.0,169,0.0,25.0,0.0,0.0,33.0,28.0,9.17,0.0,8.74,23,2479.0,9,949,2075,3486,3486,0,0,0,235,471,243,119,612,395,67,1279,65,0,0,0,0,0,0.805
Course 27,121,61,1.98,0.26,53,99.39,27,16,5,636,164,5,0.0,26.6,146,0.0,31.0,0.0,0.0,33.0,44.0,18.33,0.0,8.91,32,6351.0,10,1660,3036,5218,5218,0,8,0,468,849,335,0,500,876,596,1480,106,0,0,0,0,0,0.797
Course 27,45,22,2.05,0.1,58,100.0,0,9,5,232,163,4,0.0,30.0,118,0.0,25.0,0.0,0.0,31.0,39.0,17.22,0.0,12.38,11,1843.0,6,135,668,2333,2333,0,0,0,4,4,127,0,533,0,94,1454,117,0,0,0,0,0,0.671
Course 27,75,43,1.74,0.2,21,100.0,11,5,5,278,161,5,0.0,18.9,126,3.0,25.0,0.0,0.0,20.5,40.0,5.87,0.0,12.64,18,3112.0,8,667,1324,2469,2469,0,0,0,113,453,101,41,615,1,114,933,98,0,0,0,0,0,0.763
Course 27,55,32,1.72,0.15,42,100.0,2,9,5,275,161,5,0.0,17.4,107,0.0,25.0,0.0,0.0,17.0,44.0,4.72,0.0,11.09,16,2140.0,8,691,999,2496,2496,0,0,0,142,341,208,52,248,8,65,1354,78,0,0,0,0,0,0.735
Course 27,77,39,1.97,0.18,257,100.0,0,5,5,200,156,5,0.0,22.4,124,0.0,25.0,0.0,0.0,20.0,42.0,11.11,0.0,6.59,16,2802.0,8,699,957,2318,2318,0,0,0,67,493,139,0,258,0,102,1183,76,0,0,0,0,0,0.717
Course 27,200,86,2.33,0.39,69,100.0,18,5,5,317,163,5,0.0,19.0,235,8.0,25.0,0.0,0.0,20.0,42.0,6.03,0.0,9.56,27,2530.0,9,821,1714,3379,3379,0,0,0,238,480,103,91,705,97,486,1058,121,0,0,0,0,0,0.816
Course 27,239,89,2.69,0.39,298,100.0,14,11,5,380,164,5,0.0,26.0,216,6.0,35.0,0.0,0.0,34.0,45.0,9.8,0.0,9.6,28,6343.0,10,1323,2428,5211,5211,0,5,0,704,343,271,0,987,118,1925,638,220,0,0,0,0,0,0.797
Course 27,150,55,2.73,0.25,41,100.0,3,5,5,231,163,5,0.0,32.8,117,29.0,34.0,0.0,0.0,27.0,49.0,9.21,0.0,8.18,20,1471.0,9,836,1442,2458,2458,0,0,0,110,617,109,150,447,9,63,713,240,0,0,0,0,0,0.769
Course 27,169,60,2.82,0.27,152,100.0,12,6,5,247,163,4,0.0,24.5,168,0.0,25.0,0.0,0.0,22.0,27.0,12.22,0.0,11.71,23,2901.0,6,1025,2002,3434,3434,0,0,0,445,532,48,35,935,7,623,715,94,0,0,0,0,0,0.775
Course 27,151,74,2.04,0.32,36,100.0,47,16,5,558,163,6,0.0,22.5,226,15.0,34.0,0.0,0.0,26.0,32.0,8.1,0.0,10.71,29,7943.0,9,1452,3224,4638,4638,0,0,0,573,865,14,90,1546,136,440,919,55,0,0,0,0,0,0.838
Course 27,128,62,2.06,0.27,77,99.38,1,5,5,263,163,4,0.0,23.0,175,10.0,23.0,0.0,0.0,22.0,37.0,6.7,0.0,9.38,30,5845.0,10,1264,1585,3038,3038,0,4,0,151,691,418,7,303,11,363,955,135,0,0,0,0,0,0.752
Course 27,115,58,1.98,0.26,255,99.39,2,5,5,276,164,4,0.0,30.0,124,24.0,25.0,0.0,0.0,24.0,47.0,8.08,0.0,7.75,23,4176.0,9,1011,1814,2843,2843,0,0,0,188,740,83,131,646,26,50,884,95,0,0,0,0,0,0.782
Course 27,75,30,2.5,0.15,218,100.0,0,5,5,217,163,5,0.0,26.0,112,18.0,30.0,0.0,0.0,25.0,32.0,8.0,0.0,11.73,15,1607.0,7,625,1150,2200,2200,0,0,0,2,603,20,6,518,1,69,905,76,0,0,0,0,0,0.705
Course 27,129,61,2.11,0.26,59,100.0,3,8,5,305,163,5,0.0,23.8,182,2.0,25.0,0.0,0.0,24.0,43.0,6.78,0.0,8.45,24,2870.0,9,503,1678,2938,2938,0,1,0,201,93,208,329,800,46,48,1144,68,0,0,0,0,0,0.731
Course 27,129,56,2.3,0.24,48,100.0,8,16,5,421,163,6,0.0,24.33,145,22.0,24.0,0.0,0.0,25.0,44.0,8.24,0.0,6.18,25,4570.0,10,1188,2428,3982,3982,0,2,0,469,228,489,177,648,415,706,781,67,0,0,0,0,0,0.769
Course 2,60,41,1.46,0.19,29,100.0,0,13,11,195,160,3,100.0,33.67,76,0.0,0.0,0.0,0.0,12.0,88.0,6.5,0.0,8.77,7,1429.0,5,600,1524,1524,1524,0,0,149,0,116,335,0,43,881,0,0,0,0,0,0,0,1,0.61
Course 2,21,14,1.5,0.09,23,100.0,2,4,4,60,59,4,100.0,24.0,144,0.0,0.0,0.0,0.0,15.0,69.0,9.0,0.0,8.33,10,655.0,7,311,531,855,855,0,119,0,11,176,5,3,113,104,0,324,0,0,0,0,0,2,0.529
Course 2,23,15,1.53,0.1,17,100.0,5,17,10,193,148,2,100.0,61.5,53,0.0,0.0,0.0,0.0,5.0,118.0,5.0,0.0,7.09,12,1305.0,7,90,1307,1307,1307,0,5,11,6,68,0,0,0,1217,0,0,0,0,0,0,0,1,0.589
Course 2,130,68,1.91,0.33,49,100.0,7,26,11,249,160,4,100.0,40.0,138,10.0,0.0,0.0,0.0,33.0,108.0,15.67,0.0,7.51,19,2006.0,8,1126,2127,2127,2127,0,97,195,282,336,216,2,175,824,0,0,0,0,0,0,0,2,0.729
Course 2,93,63,1.48,0.31,55,100.0,35,15,11,267,160,3,100.0,48.33,87,0.0,0.0,0.0,0.0,28.0,110.0,17.5,0.0,8.41,20,2944.0,8,1190,2015,2015,2015,0,45,242,317,229,357,6,90,729,0,0,0,0,0,0,0,1,0.727
Course 2,65,33,1.97,0.21,77,100.0,52,20,11,296,160,4,100.0,44.5,99,0.0,0.0,0.0,0.0,36.0,109.0,23.0,0.0,9.39,27,4183.0,9,2351,3527,3527,3527,0,479,592,833,331,116,148,470,558,0,0,0,0,0,0,0,2,0.816
Course 2,72,49,1.47,0.24,139,100.0,4,8,7,180,145,4,100.0,41.5,119,8.0,0.0,0.0,0.0,34.0,107.0,18.33,0.0,7.6,12,1273.0,7,910,1531,1531,1531,0,33,410,13,168,286,0,68,553,0,0,0,0,0,0,0,2,0.634
Course 2,64,47,1.36,0.24,50,100.0,14,26,11,336,160,3,100.0,53.33,110,0.0,0.0,0.0,0.0,29.0,109.0,25.5,0.0,9.02,17,1563.0,9,1314,2722,2722,2722,0,103,531,77,380,223,102,296,1010,0,0,0,0,0,0,0,1,0.759
Course 2,136,69,1.97,0.31,191,100.0,33,42,11,498,160,4,100.0,47.5,141,20.0,0.0,0.0,0.0,37.0,104.0,25.33,0.0,6.34,27,6529.0,9,3696,5534,5534,5534,0,298,1384,991,411,612,263,221,1354,0,0,0,0,0,0,0,2,0.839
Course 2,52,25,2.08,0.16,13,100.0,2,4,3,129,95,3,100.0,30.33,55,0.0,0.0,0.0,0.0,19.0,64.0,13.5,0.0,6.37,7,1195.0,5,467,986,986,986,0,0,0,120,35,312,0,75,444,0,0,0,0,0,0,0,1,0.603
Course 2,90,47,1.91,0.26,69,100.0,13,23,11,231,154,4,100.0,38.25,136,8.0,0.0,0.0,0.0,20.0,109.0,13.33,0.0,10.72,15,1113.0,7,1007,1905,1905,1905,0,17,349,112,290,239,0,203,695,0,0,0,0,0,0,0,2,0.668
Course 2,47,32,1.47,0.18,9,100.0,62,16,11,274,160,4,100.0,38.75,110,0.0,0.0,0.0,0.0,29.0,110.0,15.0,0.0,11.14,15,2285.0,8,588,2140,2140,2140,0,0,12,158,390,28,56,186,1310,0,0,0,0,0,0,0,2,0.746
Course 2,260,100,2.6,0.44,114,100.0,163,61,11,859,160,4,100.0,48.0,158,0.0,0.0,0.0,0.0,43.0,119.0,24.33,0.0,9.68,34,11951.0,9,4899,7383,7383,7383,0,379,1476,1772,632,640,304,213,1967,0,0,0,0,0,0,0,2,0.878
Course 2,56,37,1.51,0.19,26,100.0,3,13,11,171,157,4,100.0,34.5,98,0.0,0.0,0.0,0.0,21.0,109.0,9.67,0.0,7.35,14,1022.0,8,775,1335,1335,1335,0,72,261,89,141,212,0,94,466,0,0,0,0,0,0,0,2,0.639
Course 2,64,42,1.52,0.2,37,100.0,51,22,11,226,155,4,100.0,35.0,123,0.0,0.0,0.0,0.0,23.0,110.0,10.0,0.0,9.44,19,2248.0,9,1285,1824,1824,1824,0,42,22,510,185,526,7,143,389,0,0,0,0,0,0,0,2,0.733
Course 2,88,62,1.42,0.29,43,100.0,9,30,11,382,160,4,100.0,37.5,108,4.0,0.0,0.0,0.0,33.0,102.0,15.33,0.0,11.35,23,3876.0,9,1901,3705,3705,3705,0,87,657,102,716,339,2,263,1539,0,0,0,0,0,0,0,2,0.803
Course 2,49,35,1.4,0.19,20,100.0,9,12,10,135,116,4,100.0,29.25,104,6.0,0.0,0.0,0.0,21.0,82.0,10.67,0.0,8.44,14,1870.0,8,803,1243,1243,1243,0,42,178,201,185,197,0,87,353,0,0,0,0,0,0,0,2,0.638
Course 2,141,76,1.86,0.33,53,100.0,27,37,11,322,160,4,100.0,34.0,180,10.0,0.0,0.0,0.0,25.0,85.0,15.33,0.0,7.98,29,8383.0,8,1894,3690,3690,3690,0,207,399,564,593,131,5,227,1564,0,0,0,0,0,0,0,2,0.806
Course 2,38,24,1.58,0.16,31,100.0,4,15,10,218,157,4,100.0,35.75,103,0.0,0.0,0.0,0.0,24.0,108.0,11.67,0.0,6.44,15,1738.0,6,906,1662,1665,1665,0,0,4,620,123,159,0,140,616,3,0,0,0,0,0,0,2,0.666
Course 2,22,12,1.83,0.07,10,0.0,0,7,7,96,95,2,0.0,65.0,73,0.0,0.0,0.0,0.0,35.0,95.0,35.0,0.0,10.06,5,979.0,5,114,331,766,766,0,0,0,106,8,0,0,103,114,0,435,0,0,0,0,0,0,0.467
Course 2,97,67,1.45,0.31,69,100.0,23,18,11,318,159,4,100.0,39.25,151,10.0,0.0,0.0,0.0,23.0,102.0,16.67,0.0,10.47,18,3408.0,8,1973,2789,2789,2789,0,287,342,574,339,431,0,251,565,0,0,0,0,0,0,0,2,0.743
Course 2,85,62,1.37,0.32,82,100.0,134,20,11,291,160,4,100.0,42.5,189,10.0,0.0,0.0,0.0,26.0,108.0,19.0,0.0,7.5,21,3121.0,9,2483,3453,3453,3453,0,129,599,1033,576,146,85,173,712,0,0,0,0,0,0,0,2,0.799
Course 2,163,62,2.63,0.29,60,100.0,18,16,11,291,160,4,100.0,40.75,191,10.0,0.0,0.0,0.0,41.0,87.0,23.67,0.0,7.61,22,4819.0,8,1538,3410,3410,3410,0,169,604,226,445,94,27,80,1765,0,0,0,0,0,0,0,2,0.784
Course 2,93,56,1.66,0.26,40,100.0,22,11,11,200,160,4,100.0,49.75,178,20.0,0.0,0.0,0.0,32.0,130.0,19.67,0.0,9.36,17,3637.0,8,1338,2364,2364,2364,0,103,411,466,224,134,0,561,465,0,0,0,0,0,0,0,2,0.719
Course 2,93,55,1.69,0.27,38,100.0,6,15,11,244,160,3,100.0,50.67,42,0.0,0.0,0.0,0.0,35.0,107.0,22.5,0.0,13.1,14,1570.0,7,697,2046,2046,2046,0,13,69,564,51,0,299,55,995,0,0,0,0,0,0,0,1,0.689
Course 2,136,82,1.66,0.37,60,100.0,35,13,11,230,160,4,100.0,46.0,142,20.0,0.0,0.0,0.0,27.0,120.0,18.0,0.0,9.02,21,3958.0,9,2917,4896,4896,4896,0,84,816,503,1093,421,192,624,1163,0,0,0,0,0,0,0,2,0.828
Course 2,111,60,1.85,0.3,83,100.0,9,32,11,292,160,4,100.0,38.25,116,10.0,0.0,0.0,0.0,24.0,108.0,13.33,0.0,8.96,22,4911.0,8,2191,3963,3963,3963,0,271,723,246,821,130,161,116,1495,0,0,0,0,0,0,0,2,0.801
Course 2,36,28,1.29,0.15,25,100.0,1,11,9,189,146,4,100.0,34.75,140,10.0,0.0,0.0,0.0,22.0,93.0,13.67,0.0,7.29,15,1025.0,7,1080,1751,1751,1751,0,75,257,256,285,207,0,134,537,0,0,0,0,0,0,0,2,0.667
Course 2,115,66,1.74,0.31,46,100.0,12,24,11,223,158,4,100.0,26.5,150,0.0,0.0,0.0,0.0,23.0,70.0,12.0,0.0,8.2,22,2805.0,9,1340,2219,2219,2219,0,100,308,357,403,172,9,131,739,0,0,0,0,0,0,0,2,0.76
Course 2,38,26,1.46,0.15,60,100.0,2,15,11,206,159,4,100.0,37.25,86,0.0,0.0,0.0,0.0,20.0,109.0,13.33,0.0,7.41,8,1578.0,6,806,1504,1504,1504,0,0,453,23,91,239,0,41,657,0,0,0,0,0,0,0,2,0.631
Course 2,71,35,2.03,0.21,55,100.0,74,21,11,253,160,4,100.0,37.75,122,0.0,0.0,0.0,0.0,22.0,119.0,10.67,0.0,7.58,22,5500.0,9,1337,2562,2562,2562,0,30,230,423,315,339,43,215,967,0,0,0,0,0,0,0,2,0.769
Course 2,48,39,1.23,0.21,19,100.0,5,24,11,217,160,3,100.0,50.0,77,0.0,0.0,0.0,0.0,32.0,103.0,23.5,0.0,5.96,13,1221.0,9,962,1604,1604,1604,0,86,12,355,252,257,3,76,563,0,0,0,0,0,0,0,1,0.699
Course 2,77,47,1.64,0.22,23,100.0,14,16,11,246,160,4,100.0,37.75,114,0.0,0.0,0.0,0.0,36.0,99.0,17.33,0.0,6.34,8,1183.0,5,843,2438,2438,2438,0,215,0,432,196,0,0,96,1499,0,0,0,0,0,0,0,2,0.618
Course 2,13,7,1.86,0.05,11,100.0,4,8,7,108,100,3,100.0,43.67,92,0.0,0.0,0.0,0.0,25.0,99.0,16.0,0.0,7.13,6,562.0,6,414,670,905,905,0,0,9,0,405,0,0,100,156,0,235,0,0,0,0,0,1,0.514
Course 2,102,57,1.79,0.27,31,100.0,7,13,11,307,160,4,100.0,48.5,104,20.0,0.0,0.0,0.0,37.0,130.0,18.0,0.0,5.75,13,1931.0,7,1942,4058,4058,4058,0,202,640,299,138,663,0,94,2022,0,0,0,0,0,0,0,2,0.751
Course 2,108,69,1.57,0.3,43,100.0,34,24,11,282,160,4,100.0,46.0,139,10.0,0.0,0.0,0.0,29.0,119.0,20.0,0.0,7.09,21,4182.0,8,1397,2570,2570,2570,0,27,641,239,471,19,4,106,1063,0,0,0,0,0,0,0,2,0.752
Course 2,102,53,1.92,0.27,21,100.0,1,14,11,164,144,3,100.0,39.67,35,0.0,0.0,0.0,0.0,12.0,107.0,6.0,0.0,11.19,14,2326.0,7,713,1449,1449,1449,0,95,358,163,89,8,0,0,736,0,0,0,0,0,0,0,2,0.629
Course 2,107,68,1.57,0.3,53,100.0,19,12,11,588,160,4,100.0,42.75,182,20.0,0.0,0.0,0.0,25.0,109.0,17.33,0.0,9.84,27,3972.0,9,2864,5042,5042,5042,0,158,165,1482,867,192,6,660,1512,0,0,0,0,0,0,0,2,0.839
Course 2,53,42,1.26,0.23,15,100.0,17,11,11,229,160,3,100.0,53.33,167,0.0,0.0,0.0,0.0,31.0,109.0,25.5,0.0,5.76,10,779.0,6,1105,1901,1901,1901,0,0,3,333,769,0,3,78,715,0,0,0,0,0,0,0,1,0.71
Course 2,103,63,1.63,0.29,37,100.0,43,48,11,329,160,4,100.0,45.5,112,0.0,0.0,0.0,0.0,40.0,108.0,24.67,0.0,10.57,23,4199.0,9,1988,2811,2811,2811,0,164,380,838,330,276,3,200,620,0,0,0,0,0,0,0,2,0.785
Course 2,121,71,1.7,0.33,24,100.0,58,19,11,352,160,3,100.0,67.0,134,0.0,0.0,0.0,0.0,44.0,129.0,36.0,0.0,10.21,19,5607.0,6,1410,3083,3083,3083,0,78,394,693,245,0,251,207,1215,0,0,0,0,0,0,0,1,0.728
Course 2,85,63,1.35,0.3,42,100.0,55,17,11,212,160,4,100.0,40.25,96,0.0,0.0,0.0,0.0,33.0,110.0,17.0,0.0,6.2,21,1948.0,9,2020,3011,3011,3011,0,178,343,283,447,769,20,95,876,0,0,0,0,0,0,0,2,0.781
Course 2,117,87,1.34,0.38,42,100.0,9,20,11,222,160,3,100.0,56.0,79,0.0,0.0,0.0,0.0,32.0,109.0,29.5,0.0,10.86,20,2471.0,9,1094,2024,2024,2024,0,52,513,68,122,339,7,98,825,0,0,0,0,0,0,0,1,0.74
Course 2,115,84,1.37,0.38,87,100.0,90,19,11,255,160,3,100.0,50.67,92,0.0,0.0,0.0,0.0,27.0,106.0,23.0,0.0,7.59,24,3358.0,9,2308,3299,3299,3299,0,245,446,824,709,84,78,143,770,0,0,0,0,0,0,0,1,0.8
Course 2,95,80,1.19,0.35,29,100.0,4,35,11,259,160,4,100.0,36.25,93,6.0,0.0,0.0,0.0,22.0,107.0,11.67,0.0,9.43,14,1268.0,8,1077,1858,1858,1858,0,41,168,317,288,263,0,75,706,0,0,0,0,0,0,0,2,0.679
Course 2,83,55,1.51,0.27,23,100.0,5,32,11,274,160,2,100.0,51.0,58,0.0,0.0,0.0,0.0,7.0,95.0,7.0,0.0,7.4,10,1144.0,6,994,2298,2298,2298,0,0,577,318,99,0,110,0,1194,0,0,0,0,0,0,0,1,0.677
Course 2,89,60,1.48,0.31,55,100.0,31,31,11,248,160,4,100.0,35.75,149,0.0,0.0,0.0,0.0,20.0,107.0,12.0,0.0,13.58,21,3808.0,9,1447,2764,2764,2764,0,96,420,399,198,334,16,115,1186,0,0,0,0,0,0,0,2,0.778
Course 2,114,69,1.65,0.34,48,100.0,32,106,11,583,159,4,100.0,42.75,166,8.0,0.0,0.0,0.0,33.0,108.0,19.67,0.0,9.38,22,5534.0,9,3960,5486,5486,5486,0,274,502,1211,1082,891,414,768,344,0,0,0,0,0,0,0,2,0.834
Course 2,154,67,2.3,0.31,43,100.0,24,17,11,259,160,3,100.0,51.0,196,0.0,0.0,0.0,0.0,29.0,106.0,23.5,0.0,8.48,22,3770.0,9,1368,2343,2343,2343,0,70,542,197,470,89,11,160,804,0,0,0,0,0,0,0,1,0.765
Course 2,111,69,1.61,0.33,40,100.0,14,16,11,191,159,4,100.0,32.0,84,0.0,0.0,0.0,0.0,25.0,94.0,11.33,0.0,9.73,20,2958.0,8,1157,1900,1900,1900,0,122,218,261,383,173,0,66,677,0,0,0,0,0,0,0,2,0.702
Course 2,115,67,1.72,0.29,49,100.0,35,31,11,238,160,4,100.0,41.5,170,10.0,0.0,0.0,0.0,31.0,105.0,18.67,0.0,8.26,20,4090.0,9,1158,2177,2177,2177,0,102,365,65,472,154,3,141,875,0,0,0,0,0,0,0,2,0.748
Course 2,190,82,2.32,0.38,67,100.0,233,32,11,389,160,4,100.0,46.25,137,0.0,0.0,0.0,0.0,33.0,128.0,19.0,0.0,9.94,26,6799.0,9,3122,4729,4729,4729,0,158,633,997,831,503,1,731,875,0,0,0,0,0,0,0,2,0.826
Course 2,107,65,1.65,0.31,33,100.0,43,25,11,307,160,3,100.0,55.67,109,0.0,0.0,0.0,0.0,33.0,116.0,25.5,0.0,8.85,18,3297.0,7,1848,3512,3512,3512,0,203,458,704,459,24,138,201,1325,0,0,0,0,0,0,0,1,0.764
Course 2,48,28,1.71,0.14,12,100.0,18,33,11,218,160,4,100.0,40.5,106,0.0,0.0,0.0,0.0,32.0,102.0,20.0,0.0,11.22,12,1226.0,8,1250,1827,1827,1827,0,0,109,689,132,320,9,131,437,0,0,0,0,0,0,0,2,0.722
Course 2,63,36,1.75,0.18,32,100.0,79,64,11,560,157,3,100.0,51.33,203,0.0,0.0,0.0,0.0,26.0,102.0,26.0,0.0,9.77,20,4302.0,8,2752,4417,4417,4417,0,347,376,1458,415,156,138,411,1116,0,0,0,0,0,0,0,1,0.797
Course 2,55,40,1.38,0.21,31,100.0,3,20,11,194,118,4,100.0,27.0,106,0.0,0.0,0.0,0.0,24.0,67.0,13.67,0.0,6.65,16,1156.0,7,1458,2002,2002,2002,0,0,364,646,165,283,4,106,434,0,0,0,0,0,0,0,2,0.737
Course 2,133,75,1.77,0.35,115,100.0,35,60,11,367,160,4,100.0,38.5,119,0.0,0.0,0.0,0.0,28.0,109.0,15.0,0.0,10.93,26,8684.0,9,3060,4042,4042,4042,0,129,654,1179,557,541,48,141,793,0,0,0,0,0,0,0,2,0.817
Course 2,78,50,1.56,0.25,65,100.0,16,20,11,294,149,4,100.0,35.5,142,8.0,0.0,0.0,0.0,22.0,101.0,12.33,0.0,7.98,21,3805.0,9,2213,2925,2925,2925,0,171,527,861,347,307,33,64,615,0,0,0,0,0,0,0,2,0.778
Course 2,42,23,1.83,0.14,38,100.0,31,29,11,314,160,3,100.0,56.33,87,0.0,0.0,0.0,0.0,31.0,108.0,30.5,0.0,6.91,20,3543.0,9,2077,2783,2783,2783,0,125,386,574,436,556,138,101,467,0,0,0,0,0,0,0,1,0.778
Course 2,111,63,1.76,0.31,53,100.0,75,70,11,561,160,3,100.0,50.0,140,0.0,0.0,0.0,0.0,20.0,111.0,19.5,0.0,8.59,25,9939.0,8,3544,4680,4680,4680,0,285,391,1452,820,596,32,113,991,0,0,0,0,0,0,0,1,0.808
Course 2,48,36,1.33,0.2,36,100.0,26,11,6,178,115,4,100.0,35.75,144,10.0,0.0,0.0,0.0,36.0,77.0,20.33,0.0,8.84,16,2881.0,8,1004,1687,1687,1687,0,97,389,144,369,5,1,265,417,0,0,0,0,0,0,0,2,0.706
Course 2,66,45,1.47,0.21,24,100.0,15,15,11,199,151,4,100.0,41.5,120,10.0,0.0,0.0,0.0,27.0,107.0,18.0,0.0,7.8,15,1998.0,8,1184,2000,2000,2000,0,111,241,225,231,376,0,110,706,0,0,0,0,0,0,0,2,0.687
Course 2,84,42,2.0,0.2,25,100.0,5,25,11,214,160,3,100.0,51.67,88,0.0,0.0,0.0,0.0,31.0,109.0,23.0,0.0,7.36,11,2227.0,5,587,1851,1851,1851,0,118,0,395,74,0,0,217,1047,0,0,0,0,0,0,0,1,0.595
Course 2,36,24,1.5,0.16,249,100.0,14,36,11,232,160,4,100.0,36.75,201,0.0,0.0,0.0,0.0,24.0,109.0,12.67,0.0,8.41,15,1387.0,7,1013,2609,2609,2609,0,0,136,13,698,166,0,242,1354,0,0,0,0,0,0,0,2,0.734
Course 2,68,47,1.45,0.23,45,100.0,20,19,11,199,160,4,100.0,34.0,112,0.0,0.0,0.0,0.0,15.0,109.0,9.0,0.0,6.51,19,3050.0,9,895,1718,1718,1718,0,75,346,120,196,158,2,104,717,0,0,0,0,0,0,0,2,0.733
Course 2,57,43,1.33,0.22,13,100.0,5,34,11,235,155,3,100.0,45.67,117,0.0,0.0,0.0,0.0,26.0,102.0,17.5,0.0,7.86,12,1954.0,7,1080,1922,1922,1922,0,61,428,41,327,223,0,122,720,0,0,0,0,0,0,0,1,0.65
Course 2,136,73,1.86,0.33,76,100.0,43,51,11,473,160,4,100.0,34.5,138,20.0,0.0,0.0,0.0,22.0,84.0,14.67,0.0,10.58,21,4512.0,9,2753,3715,3715,3715,0,221,904,325,432,871,24,127,811,0,0,0,0,0,0,0,2,0.8
Course 2,81,59,1.37,0.31,37,100.0,9,20,11,219,159,3,100.0,37.33,78,0.0,0.0,0.0,0.0,15.0,88.0,12.0,0.0,6.83,14,1274.0,7,660,1823,1823,1823,0,0,225,63,220,152,0,52,1111,0,0,0,0,0,0,0,1,0.693
Course 2,51,29,1.76,0.14,14,100.0,3,12,11,202,160,3,100.0,34.0,68,0.0,0.0,0.0,0.0,15.0,77.0,12.5,0.0,7.22,9,849.0,6,421,1611,1611,1611,0,54,0,314,53,0,120,72,998,0,0,0,0,0,0,0,1,0.617
Course 2,110,54,2.04,0.3,43,100.0,27,15,11,194,160,4,100.0,32.0,112,0.0,0.0,0.0,0.0,27.0,92.0,12.0,0.0,9.45,20,1832.0,9,988,2215,2215,2215,0,48,151,16,486,287,19,125,1083,0,0,0,0,0,0,0,2,0.756
Course 2,112,61,1.84,0.29,64,100.0,65,23,11,236,160,4,100.0,47.0,218,20.0,0.0,0.0,0.0,31.0,122.0,18.67,0.0,9.16,22,4648.0,8,2003,2746,2746,2746,0,104,772,88,720,319,5,143,595,0,0,0,0,0,0,0,2,0.768
Course 2,128,64,2.0,0.32,71,100.0,3,38,11,255,160,4,100.0,31.0,160,0.0,0.0,0.0,0.0,17.0,100.0,8.0,0.0,8.55,19,1752.0,7,1916,3151,3151,3151,0,203,229,454,310,720,5,197,1033,0,0,0,0,0,0,0,2,0.762
Course 2,108,57,1.89,0.28,63,100.0,55,24,11,253,160,4,100.0,37.25,222,0.0,0.0,0.0,0.0,27.0,110.0,13.0,0.0,9.07,22,3417.0,9,1409,2332,2332,2332,0,97,485,65,383,379,35,252,636,0,0,0,0,0,0,0,2,0.772
Course 2,145,73,1.99,0.34,49,100.0,55,69,11,436,155,4,100.0,35.25,232,0.0,0.0,0.0,0.0,19.0,108.0,11.0,0.0,7.32,23,3624.0,9,2868,4048,4048,4048,0,304,676,569,830,489,186,655,339,0,0,0,0,0,0,0,2,0.818
Course 4,168,91,1.85,0.44,48,100.0,11,8,5,247,163,3,0.0,57.67,113,0.0,0.0,0.0,33.33333,35.0,104.66667,35.0,33.33333,9.01,13,2268.0,5,2509,2509,2509,2509,0,10,0,419,1791,289,0,0,0,0,0,0,0,0,0,0,0,0.747
Course 4,62,33,1.88,0.19,14,100.0,6,6,5,205,163,4,0.0,49.33,120,20.0,0.0,0.0,33.33333,35.0,109.0,23.5,33.33333,12.43,9,629.0,6,1905,1905,1905,1905,84,0,152,95,0,1574,0,0,0,0,0,0,0,0,0,0,0,0.686
Course 4,56,33,1.7,0.2,15,100.0,8,5,5,187,155,3,0.0,65.0,105,0.0,0.0,0.0,33.0,34.0,128.0,34.0,33.0,13.57,7,566.0,5,1615,1674,1674,1674,0,0,0,128,137,1350,0,59,0,0,0,0,0,0,0,0,0,0.769
Course 4,137,82,1.67,0.38,29,99.24,0,5,5,175,132,4,0.0,40.17,153,15.0,0.0,0.0,14.0,29.66667,102.0,19.33,14.0,11.38,12,2089.0,6,2001,2001,2001,2001,41,0,54,648,722,536,0,0,0,0,0,0,0,0,0,0,0,0.703
Course 4,59,31,1.9,0.15,16,100.0,0,5,5,172,162,4,0.0,37.17,97,15.0,0.0,0.0,20.0,24.0,89.66667,16.5,20.0,6.2,9,479.0,4,350,1520,1520,1520,21,0,33,87,0,209,1170,0,0,0,0,0,0,0,0,0,0,0.636
Course 4,128,44,2.91,0.23,30,100.0,1,5,5,169,161,3,0.0,50.33,98,0.0,0.0,0.0,23.0,27.0,101.0,27.0,23.0,15.32,6,427.0,5,289,1558,1558,1558,0,0,0,99,9,181,0,1269,0,0,0,0,0,0,0,0,0,0.752
Course 4,73,37,1.97,0.18,28,100.0,2,5,5,227,163,4,0.0,48.25,95,15.0,0.0,0.0,33.0,35.0,110.0,22.0,33.0,13.98,11,1813.0,5,2240,2241,2241,2241,1,0,48,416,0,1775,1,0,0,0,0,0,0,0,0,0,0,0.707
Course 4,65,38,1.71,0.18,24,100.0,0,5,5,180,138,4,0.0,48.75,95,15.0,0.0,0.0,29.0,31.0,120.0,20.0,29.0,11.46,11,1008.0,6,1581,1581,1581,1581,8,0,55,120,1226,172,0,0,0,0,0,0,0,0,0,0,0,0.699
Course 4,80,49,1.63,0.23,16,100.0,11,5,5,187,156,4,0.0,42.08,155,15.0,0.0,0.0,23.33333,30.0,100.0,19.5,23.33333,12.47,8,499.0,6,662,1809,1809,1809,35,0,169,256,0,202,0,1147,0,0,0,0,0,0,0,0,0,0.661
Course 4,88,52,1.69,0.25,22,100.0,10,5,5,230,163,3,0.0,52.11,132,0.0,0.0,0.0,20.33333,35.0,101.0,35.0,20.33333,9.55,8,1442.0,5,2054,2054,2054,2054,10,0,0,302,977,765,0,0,0,0,0,0,0,0,0,0,0,0.669
Course 4,87,50,1.74,0.23,25,100.0,4,5,5,208,160,4,0.0,39.5,72,15.0,0.0,0.0,20.0,33.0,90.0,21.0,20.0,10.37,9,768.0,5,1802,1802,1802,1802,11,0,54,83,951,703,0,0,0,0,0,0,0,0,0,0,0,0.669
Course 4,107,71,1.51,0.37,25,99.39,21,6,5,251,163,3,0.0,59.67,100,0.0,0.0,0.0,34.0,35.0,110.0,35.0,34.0,10.49,12,1287.0,5,2153,2154,2154,2159,0,0,0,247,152,1754,1,0,0,0,0,0,0,5,0,0,0,0.478
Course 4,42,26,1.62,0.15,15,100.0,0,0,0,9,4,4,0.0,42.75,149,15.0,0.0,0.0,17.0,34.0,105.0,21.5,17.0,6.01,6,425.0,5,474,474,474,474,14,0,80,103,55,222,0,0,0,0,0,0,0,0,0,0,0,0.501
Course 4,122,61,2.0,0.29,46,100.0,6,1,1,143,105,3,0.0,57.78,135,0.0,0.0,0.0,33.33333,35.0,105.0,35.0,33.33333,6.85,9,1686.0,5,1476,1476,1476,1476,40,0,0,307,206,923,0,0,0,0,0,0,0,0,0,0,0,0.629
Course 4,54,19,2.84,0.11,25,100.0,2,4,4,164,157,3,0.0,59.44,99,0.0,0.0,0.0,33.33333,35.0,110.0,35.0,33.33333,8.48,5,1224.0,3,1525,1525,1525,1525,0,0,0,96,0,1429,0,0,0,0,0,0,0,0,0,0,0,0.785
Course 4,27,12,2.25,0.07,34,0.0,0,0,0,0,0,4,0.0,44.5,172,15.0,0.0,0.0,29.0,34.0,100.0,21.5,29.0,6.6,6,1010.0,4,476,476,476,476,4,0,55,145,0,272,0,0,0,0,0,0,0,0,0,0,0,0.491
Course 4,157,74,2.12,0.39,51,100.0,1,5,5,210,160,3,0.0,56.89,167,0.0,0.0,0.0,29.0,35.0,106.66667,35.0,29.0,8.64,15,3699.0,4,2545,2545,2545,2545,0,0,0,628,526,1391,0,0,0,0,0,0,0,0,0,0,0,0.908
Course 4,53,35,1.51,0.18,25,100.0,6,7,5,223,163,4,0.0,34.25,87,10.0,0.0,0.0,25.0,25.0,77.0,15.5,25.0,10.51,12,1047.0,6,1959,1959,1959,1959,8,3,54,465,1306,123,0,0,0,0,0,0,0,0,0,0,0,0.733
Course 4,109,51,2.14,0.24,28,100.0,0,0,0,15,8,3,0.0,57.33,114,0.0,0.0,0.0,35.0,34.0,103.0,34.0,35.0,7.05,8,464.0,6,487,487,487,487,5,0,4,200,35,243,0,0,0,0,0,0,0,0,0,0,0,0.537
Course 4,75,40,1.88,0.21,26,100.0,45,6,5,386,162,4,0.0,44.0,132,25.0,0.0,0.0,23.0,19.0,109.0,17.0,23.0,10.78,17,2963.0,7,3118,3544,3544,3544,7,0,1422,341,271,1077,0,426,0,0,0,0,0,0,0,0,0,0.756
Course 4,44,29,1.52,0.17,15,100.0,11,0,0,58,29,3,0.0,55.78,111,0.0,0.0,0.0,24.0,33.33333,110.0,33.33,24.0,6.09,6,943.0,5,803,803,803,803,2,0,0,317,293,191,0,0,0,0,0,0,0,0,0,0,0,0.552
Course 4,55,33,1.67,0.22,41,100.0,2,3,1,147,56,4,0.0,44.67,176,15.0,0.0,0.0,25.66667,31.0,107.0,20.0,25.66667,12.47,13,2328.0,5,1706,1706,1706,1706,0,0,531,670,212,293,0,0,0,0,0,0,0,0,0,0,0,0.821
Course 4,44,24,1.83,0.16,15,91.39,1,5,5,221,151,3,0.0,46.11,106,0.0,0.0,0.0,10.0,19.33333,109.0,19.33,10.0,9.72,7,726.0,5,1936,1936,1936,1936,0,0,58,386,5,1487,0,0,0,0,0,0,0,0,0,0,0,0.804
Course 4,24,9,2.67,0.07,16,0.0,8,0,0,0,0,3,0.0,51.67,68,0.0,0.0,0.0,19.0,29.0,107.0,29.0,19.0,5.71,3,343.0,3,246,246,246,246,0,0,0,107,0,139,0,0,0,0,0,0,0,0,0,0,0,0.574
Course 4,138,77,1.79,0.36,43,99.29,8,6,5,430,141,4,0.0,50.0,174,25.0,0.0,0.0,29.0,30.0,116.0,22.5,29.0,9.33,21,3143.0,7,3692,3692,3692,3692,402,667,689,419,1073,442,0,0,0,0,0,0,0,0,0,0,0,0.857
Course 4,141,63,2.24,0.35,62,100.0,12,5,5,378,163,4,0.0,50.17,164,25.0,0.0,0.0,31.66667,35.0,109.0,25.0,31.66667,12.96,27,6522.0,7,4001,4001,4001,4001,7,746,527,608,871,1242,0,0,0,0,0,0,0,0,0,0,0,0.87
Course 4,57,34,1.68,0.2,23,99.38,5,5,5,265,160,4,0.0,47.08,111,15.0,0.0,0.0,35.0,28.33333,110.0,18.67,35.0,10.87,13,2293.0,7,2381,2548,2548,2548,2,0,591,287,1,1500,0,167,0,0,0,0,0,0,0,0,0,0.715
Course 4,126,66,1.91,0.32,17,100.0,3,0,0,44,25,3,0.0,52.56,125,0.0,0.0,0.0,16.0,34.66667,107.0,34.67,16.0,6.49,7,997.0,5,706,706,706,706,14,0,0,222,205,265,0,0,0,0,0,0,0,0,0,0,0,0.521
Course 4,102,66,1.55,0.35,15,100.0,11,4,4,211,161,3,0.0,59.0,62,0.0,0.0,0.0,34.0,35.0,108.0,35.0,34.0,8.98,9,1020.0,5,1026,1831,1831,1831,0,0,0,219,384,423,0,805,0,0,0,0,0,0,0,0,0,0.785
Course 4,84,50,1.68,0.23,37,100.0,3,17,5,234,163,4,0.0,48.33,115,15.0,0.0,0.0,35.0,33.33333,110.0,21.17,35.0,5.96,9,813.0,5,2675,2675,2675,2675,16,0,41,597,1871,150,0,0,0,0,0,0,0,0,0,0,0,0.709
Course 4,34,23,1.48,0.15,10,100.0,4,0,0,53,33,3,0.0,56.0,87,0.0,0.0,0.0,30.0,29.0,109.0,29.0,30.0,5.6,6,329.0,4,646,646,646,646,0,0,0,243,277,126,0,0,0,0,0,0,0,0,0,0,0,0.746
Course 4,107,56,1.91,0.28,14,100.0,0,0,0,5,2,4,0.0,34.13,119,12.5,0.0,0.0,0.0,26.66667,97.33333,17.08,0.0,5.7,5,283.0,4,358,358,358,358,0,0,57,126,32,143,0,0,0,0,0,0,0,0,0,0,0,0.643
Course 4,89,56,1.59,0.26,15,100.0,1,5,5,226,163,3,0.0,48.33,111,0.0,0.0,0.0,23.0,25.0,97.0,25.0,23.0,11.81,9,699.0,5,2091,2091,2091,2091,27,0,0,363,0,1701,0,0,0,0,0,0,0,0,0,0,0,0.65
Course 4,81,33,2.45,0.19,17,100.0,0,5,5,158,143,4,0.0,43.25,148,15.0,0.0,0.0,20.0,30.0,108.0,19.5,20.0,9.26,9,1191.0,4,1548,1548,1548,1548,7,0,86,106,0,1349,0,0,0,0,0,0,0,0,0,0,0,0.64
Course 4,123,59,2.08,0.32,11,100.0,2,0,0,22,10,3,0.0,61.22,105,0.0,0.0,0.0,34.0,33.0,116.66667,33.0,34.0,6.28,5,343.0,4,434,434,434,434,0,0,0,197,66,171,0,0,0,0,0,0,0,0,0,0,0,0.691
Course 4,108,50,2.16,0.25,17,100.0,9,0,0,73,25,4,0.0,51.75,184,25.0,0.0,0.0,35.0,40.0,107.0,27.5,35.0,6.55,9,596.0,6,1016,1016,1016,1016,21,0,384,373,0,238,0,0,0,0,0,0,0,0,0,0,0,0.629
Course 4,128,57,2.25,0.28,57,100.0,17,6,5,268,148,4,0.0,41.25,169,15.0,0.0,0.0,25.0,25.0,100.0,17.0,25.0,8.3,15,2572.0,7,3139,3139,3139,3139,372,111,721,393,1,1541,0,0,0,0,0,0,0,0,0,0,0,0.8
Course 4,149,74,2.01,0.35,48,100.0,6,5,5,267,161,4,0.0,51.83,102,20.0,0.0,0.0,33.33333,35.0,119.0,23.5,33.33333,9.84,17,4588.0,6,2943,3253,3253,3253,481,123,227,1403,354,355,310,0,0,0,0,0,0,0,0,0,0,0.802
Course 4,112,52,2.15,0.25,54,100.0,11,5,5,246,163,4,0.0,50.25,132,25.0,0.0,0.0,32.0,35.0,109.0,25.0,32.0,5.38,12,888.0,6,2245,2245,2245,2245,29,0,530,302,77,1307,0,0,0,0,0,0,0,0,0,0,0,0.732
Course 4,149,64,2.33,0.3,49,100.0,3,5,5,245,163,3,0.0,54.44,151,0.0,0.0,0.0,23.33333,33.0,107.0,33.0,23.33333,9.19,12,2232.0,6,2297,2297,2297,2297,24,0,54,1180,801,238,0,0,0,0,0,0,0,0,0,0,0,0.728
Course 4,66,28,2.36,0.16,19,100.0,1,5,5,238,163,3,0.0,63.11,92,0.0,0.0,0.0,35.0,34.0,120.33333,34.0,35.0,13.73,7,1822.0,3,2267,2267,2267,2267,0,0,0,100,0,2167,0,0,0,0,0,0,0,0,0,0,0,0.821
Course 4,133,58,2.29,0.32,22,100.0,2,6,5,251,163,3,0.0,56.22,103,0.0,0.0,0.0,33.0,26.66667,109.0,26.67,33.0,11.97,9,1902.0,4,2095,2095,2095,2095,0,0,0,637,134,1324,0,0,0,0,0,0,0,0,0,0,0,0.867
Course 4,173,74,2.34,0.39,32,100.0,0,5,5,245,163,3,0.0,57.67,132,0.0,0.0,0.0,35.0,33.0,105.0,33.0,35.0,10.9,8,1340.0,4,2214,2214,2214,2214,0,0,0,601,258,1355,0,0,0,0,0,0,0,0,0,0,0,0.862
Course 4,72,47,1.53,0.25,38,100.0,3,5,5,219,160,4,0.0,50.33,111,25.0,0.0,0.0,33.33333,34.0,109.0,24.5,33.33333,6.94,13,1750.0,6,2055,2055,2055,2055,0,3,553,521,830,148,0,0,0,0,0,0,0,0,0,0,0,0.807
Course 4,73,35,2.09,0.18,8,0.0,0,0,0,0,0,3,0.0,50.0,59,0.0,0.0,0.0,13.0,35.0,102.0,35.0,13.0,6.84,6,235.0,3,178,178,178,178,0,0,4,64,0,110,0,0,0,0,0,0,0,0,0,0,0,0.529
Course 4,85,35,2.43,0.2,16,100.0,3,6,5,262,163,2,0.0,71.5,60,0.0,0.0,0.0,34.0,0.0,109.0,0.0,34.0,13.27,7,1109.0,4,2251,2251,2251,2251,0,0,0,250,1446,555,0,0,0,0,0,0,0,0,0,0,0,0.869
Course 4,140,57,2.46,0.3,39,100.0,1,12,5,257,163,3,0.0,49.11,132,0.0,0.0,0.0,3.33333,35.0,109.0,35.0,3.33333,9.89,8,2690.0,4,2417,2417,2417,2417,0,0,0,1394,793,230,0,0,0,0,0,0,0,0,0,0,0,0.861
Course 4,144,57,2.53,0.29,69,100.0,2,5,5,176,163,4,0.0,49.33,130,25.0,0.0,0.0,27.33333,35.0,110.0,25.0,27.33333,8.78,8,672.0,4,1737,1737,1737,1737,0,0,31,132,1312,262,0,0,0,0,0,0,0,0,0,0,0,0.83
Course 4,204,80,2.55,0.38,65,100.0,20,6,5,271,160,4,0.0,49.67,180,25.0,0.0,0.0,34.0,35.66667,104.0,25.33,34.0,8.55,21,4538.0,8,3395,3553,3553,3553,98,424,492,986,498,897,0,158,0,0,0,0,0,0,0,0,0,0.805
Course 4,210,78,2.69,0.36,62,100.0,23,5,5,335,149,4,0.0,50.25,114,25.0,0.0,0.0,33.0,35.0,108.0,25.0,33.0,10.52,17,4727.0,6,4033,4033,4033,4033,220,0,784,817,1417,795,0,0,0,0,0,0,0,0,0,0,0,0.808
Course 4,124,64,1.94,0.34,13,100.0,7,5,5,184,162,3,0.0,60.67,96,0.0,0.0,0.0,31.0,35.0,116.0,35.0,31.0,12.51,8,1669.0,4,1649,1649,1649,1649,0,0,0,252,164,1233,0,0,0,0,0,0,0,0,0,0,0,0.839
Course 4,109,59,1.85,0.31,193,100.0,2,7,5,262,163,3,0.0,55.78,134,0.0,0.0,0.0,33.0,34.0,100.33333,34.0,33.0,11.39,12,2717.0,5,4164,4466,4466,4466,0,0,0,2033,1078,1053,0,302,0,0,0,0,0,0,0,0,0,0.863
Course 4,183,64,2.86,0.3,53,100.0,6,5,5,203,162,3,0.0,53.0,113,21.66667,0.0,0.0,31.66667,0.0,105.66667,13.0,31.66667,10.48,12,1217.0,6,2536,2536,2536,2536,14,0,563,514,379,1066,0,0,0,0,0,0,0,0,0,0,0,0.757
Course 4,66,41,1.61,0.2,20,100.0,7,5,5,205,163,3,0.0,57.67,112,0.0,0.0,0.0,35.0,28.0,110.0,28.0,35.0,9.11,9,655.0,5,1659,1849,1849,1849,9,0,0,154,0,1496,190,0,0,0,0,0,0,0,0,0,0,0.634
Course 4,157,80,1.96,0.37,31,100.0,5,6,5,343,163,4,0.0,50.75,105,25.0,0.0,0.0,34.0,35.0,109.0,25.0,34.0,11.82,13,3461.0,5,3154,3154,3154,3154,9,0,116,941,425,1663,0,0,0,0,0,0,0,0,0,0,0,0.732
Course 4,77,38,2.03,0.2,9,100.0,1,6,5,169,163,3,0.0,54.89,112,0.0,0.0,0.0,26.66667,29.0,109.0,29.0,26.66667,7.98,5,406.0,4,1563,1563,1563,1563,0,0,0,130,1236,197,0,0,0,0,0,0,0,0,0,0,0,0.807
Course 4,134,57,2.35,0.27,221,100.0,7,9,5,360,150,4,0.0,46.92,197,25.0,0.0,0.0,20.66667,32.0,110.0,23.5,20.66667,9.79,16,3036.0,7,4333,4333,4333,4333,37,0,1554,582,1798,362,0,0,0,0,0,0,0,0,0,0,0,0.832
Course 4,70,43,1.63,0.23,21,100.0,1,0,0,2,1,3,0.0,45.22,109,0.0,0.0,0.0,10.0,20.66667,105.0,20.67,10.0,6.04,7,1033.0,3,341,341,341,341,0,0,4,138,0,199,0,0,0,0,0,0,0,0,0,0,0,0.618
Course 4,92,43,2.14,0.23,43,100.0,1,10,5,256,163,4,0.0,51.83,181,25.0,0.0,0.0,30.0,30.0,122.33333,22.5,30.0,8.07,15,2387.0,6,2499,2499,2499,2499,78,34,110,128,188,1961,0,0,0,0,0,0,0,0,0,0,0,0.775
Course 4,92,49,1.88,0.27,28,100.0,27,10,5,380,158,3,0.0,61.22,130,0.0,0.0,0.0,30.0,38.0,115.66667,38.0,30.0,12.38,10,2688.0,4,3335,3335,3335,3335,0,0,0,1135,82,2118,0,0,0,0,0,0,0,0,0,0,0,0.894
Course 4,50,22,2.27,0.14,10,100.0,0,0,0,46,33,4,0.0,31.83,98,0.0,0.0,0.0,20.0,14.0,93.33333,7.0,20.0,6.64,6,509.0,4,680,680,680,680,0,0,412,92,0,176,0,0,0,0,0,0,0,0,0,0,0,0.668
Course 4,120,63,1.9,0.31,23,100.0,1,0,0,49,43,4,0.0,47.25,118,15.0,0.0,0.0,35.0,30.0,109.0,19.5,35.0,5.98,7,601.0,5,764,764,764,764,0,0,97,251,282,134,0,0,0,0,0,0,0,0,0,0,0,0.711
Course 4,82,46,1.78,0.24,33,99.39,2,5,5,220,163,3,0.0,52.11,91,0.0,0.0,0.0,23.33333,34.0,99.0,34.0,23.33333,11.39,10,2131.0,4,2662,2662,2662,2662,0,0,0,1761,715,186,0,0,0,0,0,0,0,0,0,0,0,0.89
Course 4,127,71,1.79,0.35,30,100.0,3,5,5,251,163,3,0.0,56.11,94,0.0,0.0,0.0,33.33333,35.0,100.0,35.0,33.33333,7.8,12,2718.0,5,2152,2152,2152,2152,3,0,0,254,92,1803,0,0,0,0,0,0,0,0,0,0,0,0.698
Course 4,78,40,1.95,0.2,15,0.0,1,0,0,0,0,4,0.0,45.08,140,15.0,0.0,0.0,24.0,32.33333,109.0,20.67,24.0,7.52,6,305.0,4,392,392,392,392,8,0,60,75,0,249,0,0,0,0,0,0,0,0,0,0,0,0.467
Course 4,59,41,1.44,0.19,190,100.0,0,5,5,183,159,4,0.0,47.0,96,15.0,0.0,0.0,30.0,34.0,109.0,21.5,30.0,14.57,7,884.0,5,1888,1888,1888,1888,17,0,84,104,1544,139,0,0,0,0,0,0,0,0,0,0,0,0.669
Course 4,189,77,2.45,0.36,54,100.0,55,7,5,426,153,4,0.0,47.5,180,25.0,0.0,0.0,9.0,38.0,118.0,26.5,9.0,9.85,17,2858.0,7,3719,3719,3719,3719,274,320,778,458,1028,861,0,0,0,0,0,0,0,0,0,0,0,0.843
Course 4,94,55,1.71,0.26,22,100.0,0,5,5,173,159,4,0.0,36.33,163,15.0,0.0,0.0,20.0,25.0,85.33333,17.0,20.0,5.29,12,694.0,7,2278,2278,2278,2278,103,3,110,265,1621,176,0,0,0,0,0,0,0,0,0,0,0,0.78
Course 4,53,30,1.77,0.15,19,100.0,15,0,0,94,58,3,0.0,26.11,87,0.0,0.0,0.0,23.0,15.33333,40.0,15.33,23.0,6.89,9,625.0,6,1251,1251,1251,1251,18,0,896,82,64,191,0,0,0,0,0,0,0,0,0,0,0,0.659
Course 4,174,65,2.68,0.3,21,100.0,1,0,0,114,88,4,0.0,42.0,168,15.0,0.0,0.0,25.0,30.0,98.0,19.5,25.0,11.99,10,1286.0,5,1403,1403,1403,1403,1,0,80,242,0,1080,0,0,0,0,0,0,0,0,0,0,0,0.637
Course 4,115,53,2.17,0.25,21,100.0,0,5,5,194,130,3,0.0,47.33,113,0.0,0.0,0.0,22.66667,20.33333,99.0,20.33,22.66667,7.96,10,1406.0,6,2054,2054,2054,2054,12,0,61,841,919,221,0,0,0,0,0,0,0,0,0,0,0,0.712
Course 4,68,38,1.79,0.19,21,100.0,4,0,0,82,57,4,0.0,25.58,124,5.0,0.0,0.0,25.0,10.0,62.33333,6.5,25.0,7.83,10,1671.0,7,1037,1037,1037,1037,10,16,605,202,6,198,0,0,0,0,0,0,0,0,0,0,0,0.68
Course 4,258,62,4.16,0.29,42,100.0,2,5,5,256,163,4,0.0,42.75,166,15.0,0.0,0.0,24.0,34.0,98.0,21.5,24.0,12.67,10,1387.0,5,2382,2382,2382,2382,11,0,95,249,1799,228,0,0,0,0,0,0,0,0,0,0,0,0.7
Course 5,117,54,2.17,0.29,65,100.0,8,12,10,241,185,3,0.0,58.0,111,0.0,0.0,0.0,30.0,24.0,120.0,24.0,16.66667,11.94,11,2507.0,4,2453,2453,2453,2453,0,0,0,156,1120,1177,0,0,0,0,0,0,0,0,0,0,0,0.887
Course 5,36,18,2.0,0.09,24,100.0,3,0,0,2,2,4,0.0,51.5,129,25.0,0.0,0.0,27.0,44.0,110.0,29.5,15.0,7.05,8,403.0,6,409,409,409,409,3,0,78,102,3,223,0,0,0,0,0,0,0,0,0,0,0,0.516
Course 5,114,52,2.19,0.25,35,100.0,4,8,8,207,145,3,0.0,56.67,122,0.0,0.0,0.0,29.0,33.0,108.0,33.0,16.11111,10.29,13,2890.0,5,1931,1931,1931,1931,130,0,0,764,13,1024,0,0,0,0,0,0,0,0,0,0,0,0.706
Course 5,122,63,1.94,0.3,40,100.0,10,10,10,351,250,3,0.0,62.0,96,0.0,0.0,0.0,28.0,28.0,130.0,28.0,15.55556,11.27,9,1367.0,5,2846,2846,2846,2846,18,0,0,122,116,2590,0,0,0,0,0,0,0,0,0,0,0,0.712
Course 5,49,26,1.88,0.13,21,100.0,0,0,0,13,2,4,0.0,48.17,137,25.0,0.0,0.0,31.66667,27.0,109.0,21.0,17.59259,6.28,7,411.0,4,477,477,477,477,64,0,71,162,0,180,0,0,0,0,0,0,0,0,0,0,0,0.518
Course 5,84,49,1.71,0.23,26,100.0,15,5,5,195,131,4,0.0,51.25,149,25.0,0.0,0.0,35.0,35.0,110.0,25.0,19.44444,11.49,10,800.0,5,1904,1904,1904,1904,82,120,88,471,0,1143,0,0,0,0,0,0,0,0,0,0,0,0.714
Course 5,67,26,2.58,0.13,20,99.38,4,10,9,212,169,4,0.0,53.83,119,25.0,0.0,0.0,34.0,44.0,112.33333,29.5,18.88889,11.1,8,1239.0,4,2088,2088,2088,2088,23,0,73,100,0,1892,0,0,0,0,0,0,0,0,0,0,0,0.679
Course 5,61,35,1.74,0.19,25,100.0,1,0,0,126,106,4,0.0,44.92,144,20.0,0.0,0.0,19.0,35.0,105.66667,23.5,10.55556,12.02,6,1105.0,4,1551,1551,1551,1551,3,0,85,127,0,1336,0,0,0,0,0,0,0,0,0,0,0,0.635
Course 5,60,28,2.14,0.17,30,100.0,14,0,0,165,138,3,0.0,52.67,89,0.0,0.0,0.0,19.0,34.0,105.0,34.0,10.55556,11.5,10,1257.0,5,1535,1535,1535,1535,0,1,0,746,59,729,0,0,0,0,0,0,0,0,0,0,0,0.707
Course 5,90,44,2.05,0.23,18,100.0,28,5,5,164,134,3,0.0,56.0,141,0.0,0.0,0.0,35.0,34.0,99.0,34.0,19.44444,12.17,8,477.0,6,1735,1735,1735,1735,9,0,4,165,1322,235,0,0,0,0,0,0,0,0,0,0,0,0.696
Course 5,77,38,2.03,0.21,22,100.0,1,11,10,256,196,4,0.0,54.08,145,20.0,0.0,0.0,32.33333,35.0,129.0,23.5,17.96296,12.23,7,1087.0,5,2380,2380,2380,2380,36,0,67,98,1952,227,0,0,0,0,0,0,0,0,0,0,0,0.715
Course 5,60,32,1.88,0.17,19,100.0,1,10,10,252,203,4,0.0,54.5,145,20.0,0.0,0.0,35.0,35.0,128.0,23.5,19.44444,10.78,7,869.0,4,2252,2252,2252,2252,52,0,69,106,0,2025,0,0,0,0,0,0,0,0,0,0,0,0.7
Course 5,68,39,1.74,0.21,20,92.31,0,0,0,32,13,4,0.0,48.75,129,25.0,0.0,0.0,30.33333,35.0,104.66667,25.0,16.85185,6.7,8,465.0,5,630,630,630,630,216,11,93,104,0,206,0,0,0,0,0,0,0,0,0,0,0,0.585
Course 5,46,25,1.84,0.17,34,100.0,12,7,4,162,111,3,0.0,55.0,121,0.0,0.0,0.0,30.0,35.0,100.0,35.0,16.66667,14.82,8,1968.0,3,1730,1730,1730,1730,0,0,0,321,0,1409,0,0,0,0,0,0,0,0,0,0,0,0.797
Course 5,72,41,1.76,0.2,27,100.0,9,10,10,246,228,4,0.0,42.0,116,5.0,0.0,0.0,20.0,35.0,108.0,19.0,11.11111,12.82,11,1047.0,5,2088,2088,2088,2088,45,0,26,159,44,1814,0,0,0,0,0,0,0,0,0,0,0,0.686
Course 5,53,21,2.52,0.13,30,0.0,0,0,0,0,0,4,0.0,42.58,217,15.0,0.0,0.0,26.66667,24.0,104.66667,16.5,14.81482,6.92,6,465.0,4,623,623,623,623,10,0,127,92,0,394,0,0,0,0,0,0,0,0,0,0,0,0.548
Course 5,177,86,2.06,0.41,166,100.0,11,12,10,535,297,4,0.0,52.08,242,25.0,0.0,0.0,35.0,38.33333,110.0,26.67,19.44444,10.15,33,4802.0,9,5504,5534,5534,5534,915,187,332,649,2,3419,12,14,4,0,0,0,0,0,0,0,0,0.836
Course 5,51,27,1.89,0.16,36,100.0,25,0,0,106,78,4,0.0,56.25,164,25.0,0.0,0.0,35.0,45.0,120.0,30.0,19.44444,11.05,7,1199.0,4,1399,1399,1399,1399,51,0,84,134,0,1130,0,0,0,0,0,0,0,0,0,0,0,0.647
Course 5,51,20,2.55,0.13,44,0.0,3,0,0,0,0,4,0.0,48.0,213,20.0,0.0,0.0,17.0,35.0,120.0,23.5,9.44444,6.73,5,430.0,3,584,584,584,584,0,0,104,156,0,324,0,0,0,0,0,0,0,0,0,0,0,0.663
Course 5,38,20,1.9,0.12,13,100.0,0,0,0,19,16,3,0.0,57.0,95,0.0,0.0,0.0,29.0,32.0,110.0,32.0,16.11111,8.04,4,359.0,3,401,401,401,401,0,0,0,244,0,157,0,0,0,0,0,0,0,0,0,0,0,0.629
Course 5,63,30,2.1,0.18,35,100.0,25,11,10,327,251,4,0.0,50.75,201,25.0,0.0,0.0,24.0,24.0,130.0,19.5,13.33333,11.07,11,1461.0,4,3039,3039,3039,3039,264,0,107,290,0,2378,0,0,0,0,0,0,0,0,0,0,0,0.737
Course 5,59,33,1.79,0.17,19,100.0,0,0,0,35,26,4,0.0,49.17,103,20.0,0.0,0.0,33.33333,33.33333,110.0,22.67,18.51852,9.68,6,392.0,4,566,566,566,566,42,0,59,104,0,361,0,0,0,0,0,0,0,0,0,0,0,0.513
Course 5,93,46,2.02,0.23,17,100.0,6,10,10,208,198,4,0.0,50.0,144,20.0,0.0,0.0,35.0,35.0,110.0,23.5,19.44444,12.4,6,835.0,4,1932,1932,1932,1932,8,0,66,130,0,1728,0,0,0,0,0,0,0,0,0,0,0,0.66
Course 5,98,46,2.13,0.24,30,100.0,2,10,10,266,227,3,0.0,54.0,183,0.0,0.0,0.0,19.0,34.0,109.0,34.0,10.55556,9.53,11,1046.0,5,2890,2890,2890,2890,19,1,13,322,0,2535,0,0,0,0,0,0,0,0,0,0,0,0.752
Course 5,58,30,1.93,0.18,44,99.56,3,10,10,312,256,4,0.0,55.08,244,25.0,0.0,0.0,27.33333,39.0,129.0,27.0,15.18518,9.04,7,1088.0,4,2869,2869,2869,2869,34,0,80,143,0,2612,0,0,0,0,0,0,0,0,0,0,0,0.724
Course 5,42,21,2.0,0.12,23,100.0,1,1,1,93,63,4,0.0,46.08,164,15.0,0.0,0.0,29.0,32.33333,108.0,20.67,16.11111,11.0,6,936.0,4,1286,1286,1286,1286,18,0,79,114,0,1075,0,0,0,0,0,0,0,0,0,0,0,0.613
Course 5,57,31,1.84,0.18,32,100.0,0,0,0,4,1,3,0.0,55.89,112,0.0,0.0,0.0,34.0,26.66667,107.0,26.67,18.88889,6.03,7,581.0,4,350,354,354,354,26,0,0,152,0,172,4,0,0,0,0,0,0,0,0,0,0,0.44
Course 5,51,37,1.38,0.21,36,100.0,0,0,0,20,8,4,0.0,46.75,138,25.0,0.0,0.0,23.0,31.0,108.0,23.0,12.77778,5.53,9,384.0,6,553,553,553,553,77,87,99,98,1,191,0,0,0,0,0,0,0,0,0,0,0,0.59
Course 5,69,29,2.38,0.17,26,98.85,4,0,0,119,87,4,0.0,52.83,203,25.0,0.0,0.0,28.66667,34.0,123.66667,24.5,15.92593,10.09,8,1107.0,4,1476,1476,1476,1476,346,0,68,171,0,891,0,0,0,0,0,0,0,0,0,0,0,0.656
Course 5,66,54,1.22,0.27,33,100.0,1,0,0,43,16,4,0.0,54.67,109,25.0,0.0,0.0,34.0,34.0,125.66667,24.5,18.88889,6.77,10,629.0,6,771,771,771,771,198,82,159,130,0,202,0,0,0,0,0,0,0,0,0,0,0,0.634
Course 5,51,33,1.55,0.19,13,0.0,0,0,0,1,1,4,0.0,35.75,83,20.0,0.0,0.0,20.66667,35.0,67.33333,23.5,11.48148,5.64,7,289.0,5,236,236,236,236,8,3,72,64,0,89,0,0,0,0,0,0,0,0,0,0,0,0.46
Course 5,62,32,1.94,0.18,9,0.0,0,0,0,0,0,2,0.0,71.0,110,0.0,0.0,0.0,0.0,34.0,108.0,34.0,0.0,5.16,2,295.0,2,300,300,300,300,0,0,0,96,0,204,0,0,0,0,0,0,0,0,0,0,0,0.52
Course 5,45,26,1.73,0.14,27,100.0,1,0,0,15,7,4,0.0,49.25,126,20.0,0.0,0.0,33.0,35.0,109.0,23.5,18.33333,5.56,8,344.0,6,455,455,455,456,48,0,88,163,13,143,0,0,0,0,0,0,0,0,0,1,0,0.241
Course 5,66,34,1.94,0.19,14,100.0,5,15,8,208,129,3,0.0,56.56,122,0.0,0.0,0.0,30.0,34.0,105.66667,34.0,16.66667,16.23,6,873.0,4,2264,2264,2264,2264,0,0,0,98,128,2038,0,0,0,0,0,0,0,0,0,0,0,0.851
Course 5,50,28,1.79,0.19,24,100.0,0,0,0,4,2,2,0.0,42.33,73,0.0,0.0,0.0,19.0,0.0,65.66667,0.0,10.55556,7.52,3,390.0,3,320,320,320,320,0,0,0,0,81,239,0,0,0,0,0,0,0,0,0,0,0,0.679
Course 5,106,57,1.86,0.28,60,100.0,6,12,9,475,260,3,0.0,57.33,92,0.0,0.0,0.0,29.0,35.0,108.0,35.0,16.11111,10.41,20,2848.0,6,3550,3550,3550,3550,150,232,5,674,0,2489,0,0,0,0,0,0,0,0,0,0,0,0.815
Course 5,97,50,1.94,0.25,62,100.0,7,10,10,375,223,4,0.0,51.67,144,25.0,0.0,0.0,29.66667,34.0,118.0,24.5,16.48148,9.96,10,1890.0,5,3460,3460,3460,3460,200,152,126,510,0,2472,0,0,0,0,0,0,0,0,0,0,0,0.773
Course 5,81,39,2.08,0.22,19,100.0,6,7,7,149,125,4,0.0,53.42,194,20.0,0.0,0.0,34.0,35.0,124.66667,23.5,18.88889,12.75,7,524.0,5,1596,1596,1596,1596,17,0,100,161,1078,240,0,0,0,0,0,0,0,0,0,0,0,0.673
Course 5,92,49,1.88,0.24,51,100.0,13,10,10,333,223,4,0.0,49.75,191,25.0,0.0,0.0,30.0,35.0,109.0,25.0,16.66667,11.4,11,1386.0,5,2938,2938,2938,2938,159,0,209,310,0,2260,0,0,0,0,0,0,0,0,0,0,0,0.734
Course 5,106,44,2.41,0.25,59,100.0,8,11,10,320,235,3,0.0,57.33,85,0.0,0.0,0.0,20.0,35.0,117.0,35.0,11.11111,10.71,10,3350.0,4,3999,3999,3999,3999,0,0,0,114,96,3789,0,0,0,0,0,0,0,0,0,0,0,0.901
Course 5,82,48,1.71,0.24,48,100.0,2,11,10,307,225,3,0.0,57.0,116,0.0,0.0,0.0,28.0,34.0,109.0,34.0,15.55556,9.19,15,1667.0,6,2614,2614,2614,2615,123,0,12,545,92,1842,0,0,0,0,0,0,0,0,0,1,0,0.431
Course 5,77,48,1.6,0.27,36,100.0,8,9,8,210,135,3,0.0,57.78,141,0.0,0.0,0.0,30.33333,35.0,108.0,35.0,16.85185,12.25,11,1726.0,7,1942,1942,1942,1942,191,303,1,251,0,1196,0,0,0,0,0,0,0,0,0,0,0,0.739
Course 5,83,49,1.69,0.25,71,100.0,4,0,0,35,23,4,0.0,47.67,144,25.0,0.0,0.0,30.0,32.33333,103.33333,23.67,16.66667,7.25,10,882.0,6,720,740,740,740,74,29,83,311,1,222,20,0,0,0,0,0,0,0,0,0,0,0.62
Course 5,160,70,2.29,0.33,31,100.0,1,10,10,286,236,3,0.0,66.44,99,0.0,0.0,0.0,31.33333,40.0,128.0,40.0,17.40741,10.65,9,2088.0,5,2336,2336,2336,2336,2,0,0,147,89,2098,0,0,0,0,0,0,0,0,0,0,0,0.682
Course 5,163,70,2.33,0.33,34,100.0,9,11,10,275,234,4,0.0,50.5,142,20.0,0.0,0.0,33.0,29.0,120.0,20.5,18.33333,10.18,15,2210.0,6,2437,2437,2437,2437,178,4,95,245,39,1876,0,0,0,0,0,0,0,0,0,0,0,0.764
Course 5,75,37,2.03,0.2,25,100.0,3,0,0,64,42,4,0.0,52.0,150,25.0,0.0,0.0,30.0,34.0,119.0,24.5,16.66667,10.06,6,602.0,4,948,948,948,948,22,0,129,86,0,711,0,0,0,0,0,0,0,0,0,0,0,0.577
Course 5,50,32,1.56,0.19,9,0.0,0,0,0,0,0,2,0.0,67.0,62,0.0,0.0,0.0,24.0,0.0,110.0,0.0,13.33333,6.73,3,231.0,3,191,191,191,191,0,0,0,5,0,186,0,0,0,0,0,0,0,0,0,0,0,0.543
Course 5,52,35,1.49,0.2,24,100.0,1,0,0,4,2,4,0.0,42.25,153,20.0,0.0,0.0,20.0,26.0,103.0,19.0,11.11111,6.02,7,362.0,5,448,448,448,451,22,0,130,100,0,196,0,0,0,0,0,0,0,0,0,3,0,0.239
Course 5,122,41,2.98,0.2,20,95.45,6,0,0,97,22,4,0.0,47.33,161,25.0,0.0,0.0,29.0,30.66667,104.66667,22.83,16.11111,9.49,9,1298.0,5,1013,1013,1013,1013,217,24,342,233,0,197,0,0,0,0,0,0,0,0,0,0,0,0.642
Course 5,54,37,1.46,0.25,29,100.0,4,9,9,247,232,3,0.0,56.33,128,0.0,0.0,0.0,30.0,21.0,118.0,21.0,16.66667,10.53,9,1845.0,4,2445,2445,2445,2445,0,0,0,176,5,2264,0,0,0,0,0,0,0,0,0,0,0,0.863
Course 5,70,36,1.94,0.24,18,100.0,2,0,0,77,32,3,0.0,45.44,103,0.0,0.0,0.0,21.0,16.33333,99.0,16.33,11.66667,8.45,5,1427.0,3,876,876,876,876,0,0,0,223,0,653,0,0,0,0,0,0,0,0,0,0,0,0.727
Course 5,39,23,1.7,0.13,13,100.0,0,0,0,26,16,4,0.0,47.08,175,25.0,0.0,0.0,28.33333,26.0,109.0,20.5,15.74074,8.64,6,383.0,5,705,705,705,705,20,0,102,136,219,228,0,0,0,0,0,0,0,0,0,0,0,0.55
Course 5,50,32,1.56,0.18,13,0.0,0,0,0,5,1,4,0.0,38.08,166,20.0,0.0,0.0,18.33333,26.0,88.0,19.0,10.18518,6.47,5,318.0,4,450,450,450,450,17,0,92,158,0,183,0,0,0,0,0,0,0,0,0,0,0,0.482
Course 5,53,34,1.56,0.22,17,100.0,3,0,0,69,68,3,0.0,52.0,106,0.0,0.0,0.0,21.66667,33.0,101.33333,33.0,12.03704,11.34,5,382.0,4,788,788,788,788,0,0,0,126,477,185,0,0,0,0,0,0,0,0,0,0,0,0.746
Course 5,79,43,1.84,0.25,11,100.0,0,0,0,12,10,3,0.0,60.11,110,0.0,0.0,0.0,35.0,35.0,110.33333,35.0,19.44444,8.01,4,302.0,3,401,401,401,401,0,0,0,107,0,294,0,0,0,0,0,0,0,0,0,0,0,0.641
Course 5,52,30,1.73,0.17,45,0.0,0,0,0,1,1,3,0.0,49.78,151,20.0,0.0,0.0,22.33333,0.0,107.0,12.0,12.40741,7.23,5,483.0,4,439,439,439,439,10,0,36,0,0,393,0,0,0,0,0,0,0,0,0,0,0,0.478
Course 5,71,37,1.92,0.18,26,100.0,2,10,10,272,211,3,0.0,63.0,123,0.0,0.0,0.0,35.0,35.0,119.0,35.0,19.44444,14.96,6,933.0,4,2312,2312,2312,2312,2,0,0,110,0,2200,0,0,0,0,0,0,0,0,0,0,0,0.66
Course 5,84,61,1.38,0.31,37,100.0,8,0,0,203,98,4,0.0,48.08,158,15.0,0.0,0.0,30.0,35.0,112.33333,22.0,16.66667,8.99,16,2559.0,6,1891,1891,1891,1891,391,317,74,772,134,203,0,0,0,0,0,0,0,0,0,0,0,0.763
Course 5,62,31,2.0,0.17,24,100.0,0,0,0,2,1,4,0.0,47.5,137,20.0,0.0,0.0,18.0,33.0,119.0,22.5,10.0,6.17,5,381.0,4,426,426,426,426,15,0,79,125,0,207,0,0,0,0,0,0,0,0,0,0,0,0.475
Course 5,111,66,1.68,0.33,26,100.0,5,0,0,146,68,4,0.0,49.33,138,25.0,0.0,0.0,27.33333,35.0,110.0,25.0,15.18518,8.99,15,1951.0,7,1379,1379,1379,1379,279,193,272,236,0,399,0,0,0,0,0,0,0,0,0,0,0,0.734
Course 5,59,35,1.69,0.2,27,99.39,4,10,10,254,174,4,0.0,41.0,148,25.0,0.0,0.0,16.0,27.0,96.0,21.0,8.88889,10.33,9,722.0,6,1610,2256,2256,2256,51,0,130,85,236,1108,156,490,0,0,0,0,0,0,0,0,0,0.681
Course 5,82,50,1.64,0.25,29,100.0,13,0,0,91,45,4,0.0,55.75,129,25.0,0.0,0.0,34.0,35.0,129.0,25.0,18.88889,7.16,10,908.0,5,1038,1038,1038,1038,27,0,114,138,40,719,0,0,0,0,0,0,0,0,0,0,0,0.607
Course 5,116,66,1.76,0.31,40,100.0,5,5,5,243,164,3,0.0,57.67,150,0.0,0.0,0.0,35.0,32.0,106.0,32.0,19.44444,11.49,10,1556.0,5,2221,2221,2221,2221,105,0,0,993,842,281,0,0,0,0,0,0,0,0,0,0,0,0.693
Course 5,52,38,1.37,0.19,21,100.0,4,0,0,71,39,4,0.0,52.83,136,25.0,0.0,0.0,27.33333,30.0,129.0,22.5,15.18518,7.05,9,624.0,6,1133,1133,1133,1133,216,203,94,177,249,194,0,0,0,0,0,0,0,0,0,0,0,0.67
Course 5,109,47,2.32,0.26,40,100.0,3,10,10,223,182,3,0.0,51.89,145,0.0,0.0,0.0,30.0,30.0,95.66667,30.0,16.66667,11.86,8,2017.0,4,2317,2317,2317,2317,0,0,0,199,1088,1030,0,0,0,0,0,0,0,0,0,0,0,0.861
Course 5,57,36,1.58,0.19,18,100.0,0,0,0,8,2,4,0.0,47.75,142,25.0,0.0,0.0,34.0,32.33333,99.66667,23.67,18.88889,5.42,7,354.0,5,421,421,421,423,42,0,101,142,0,136,0,0,0,0,0,0,0,0,0,2,0,0.233
Course 5,91,57,1.6,0.27,36,100.0,6,9,9,233,173,4,0.0,47.58,228,25.0,0.0,0.0,29.66667,33.33333,102.33333,24.17,16.48148,10.07,13,1483.0,6,2317,2317,2317,2324,51,0,162,726,210,1168,0,0,0,0,0,0,0,0,0,7,0,0.42
Course 5,57,35,1.63,0.19,19,100.0,2,0,0,5,2,4,0.0,45.75,102,25.0,0.0,0.0,19.0,30.0,109.0,22.5,10.55556,5.46,8,258.0,5,331,331,331,331,54,2,50,126,0,99,0,0,0,0,0,0,0,0,0,0,0,0.505
Course 5,64,36,1.78,0.21,37,100.0,1,3,3,138,110,4,0.0,46.92,187,20.0,0.0,0.0,29.0,35.0,103.66667,23.5,16.11111,7.53,10,750.0,6,1640,1640,1640,1640,11,164,134,818,170,343,0,0,0,0,0,0,0,0,0,0,0,0.731
Course 5,112,48,2.33,0.24,38,100.0,3,6,6,283,173,4,0.0,44.92,154,20.0,0.0,0.0,21.66667,29.0,109.0,20.5,12.03704,11.94,15,2076.0,7,2424,2424,2424,2424,45,63,167,1019,776,354,0,0,0,0,0,0,0,0,0,0,0,0.794
Course 5,89,43,2.07,0.24,57,100.0,0,10,10,336,225,4,0.0,42.92,196,20.0,0.0,0.0,35.0,30.0,86.66667,21.0,19.44444,10.07,16,1891.0,7,3045,3045,3045,3045,73,187,329,694,133,1629,0,0,0,0,0,0,0,0,0,0,0,0.829
Course 5,113,48,2.35,0.26,19,100.0,5,6,5,261,163,4,0.0,49.08,302,25.0,0.0,0.0,29.0,30.0,112.33333,22.5,16.11111,13.45,10,1525.0,5,3056,3056,3056,3056,2,0,127,1987,430,510,0,0,0,0,0,0,0,0,0,0,0,0.723
Course 5,83,54,1.54,0.27,46,100.0,36,5,5,366,163,4,0.0,48.92,118,20.0,0.0,0.0,28.33333,35.0,112.33333,23.5,15.74074,10.18,16,2807.0,6,3084,3084,3084,3084,1221,491,196,994,0,182,0,0,0,0,0,0,0,0,0,0,0,0.8
Course 5,55,40,1.38,0.21,17,100.0,3,0,0,84,52,3,0.0,54.67,125,20.0,0.0,0.0,35.0,0.0,109.0,12.0,19.44444,7.56,7,476.0,5,1154,1154,1154,1154,8,168,262,432,0,284,0,0,0,0,0,0,0,0,0,0,0,0.643
Course 8,133,56,2.38,0.25,13,100.0,2,0,0,133,107,1,0.0,40.0,29,0.0,0.0,0.0,40.0,0.0,0.0,0.0,40.0,7.67,8,1073.0,7,2,24,570,1119,0,0,2,0,0,0,1,18,3,545,1,0,347,202,0,0,2,0.503
Course 8,120,58,2.07,0.25,49,100.0,56,0,0,34,28,1,0.0,50.0,28,0.0,0.0,0.0,50.0,0.0,0.0,0.0,50.0,9.83,19,1536.0,9,229,295,596,603,0,0,0,0,136,93,10,3,53,299,2,0,0,2,5,0,37,0.496
Course 8,127,55,2.31,0.23,42,100.0,42,0,0,52,46,1,0.0,40.5,41,0.0,0.0,0.0,40.5,0.0,0.0,0.0,40.5,13.29,14,1042.0,7,11,537,862,864,0,0,2,9,0,0,5,516,5,325,0,0,0,0,2,0,37,0.407
Course 8,117,65,1.8,0.28,39,100.0,108,0,0,93,71,1,0.0,30.0,54,0.0,0.0,0.0,30.0,0.0,0.0,0.0,30.0,5.78,21,2951.0,12,329,446,915,1213,0,0,184,0,54,91,45,37,35,241,227,1,170,15,113,0,53,0.597
Course 8,80,32,2.5,0.16,40,100.0,37,0,0,41,37,1,0.0,48.75,40,0.0,0.0,0.0,48.75,0.0,0.0,0.0,48.75,4.15,2,231.0,2,0,23,558,558,0,0,0,0,0,0,23,0,0,535,0,0,0,0,0,0,33,0.518
Course 8,612,155,3.95,0.65,389,100.0,346,0,0,336,104,1,0.0,35.5,74,0.0,0.0,0.0,35.5,0.0,0.0,0.0,35.5,10.49,83,31198.0,15,1418,2608,3731,4725,46,203,309,98,495,267,512,368,310,764,174,185,298,390,306,0,71,0.856
Course 8,108,37,2.92,0.19,7,100.0,11,0,0,29,26,1,0.0,47.75,43,0.0,0.0,0.0,47.75,0.0,0.0,0.0,47.75,4.87,2,246.0,2,0,5,384,384,0,0,0,0,0,0,0,5,0,379,0,0,0,0,0,0,11,0.583
Course 8,88,54,1.63,0.27,13,100.0,8,0,0,11,10,1,0.0,39.0,36,0.0,0.0,0.0,39.0,0.0,0.0,0.0,39.0,6.47,8,486.0,5,12,22,242,242,0,0,3,9,0,0,0,10,0,220,0,0,0,0,0,0,6,0.373
Course 8,266,103,2.58,0.44,56,100.0,95,0,0,64,40,1,0.0,46.25,27,0.0,0.0,0.0,46.25,0.0,0.0,0.0,46.25,8.38,33,2823.0,12,84,522,925,963,17,0,0,0,53,14,385,38,15,335,66,2,36,1,1,0,71,0.499
Course 8,146,68,2.15,0.29,152,100.0,83,0,0,72,61,1,0.0,41.08,61,0.0,0.0,0.0,41.08333,0.0,0.0,0.0,41.08333,7.95,24,2267.0,12,255,577,1029,1213,0,0,101,38,29,87,173,122,27,350,68,34,0,18,166,0,49,0.594
Course 8,126,48,2.63,0.22,20,100.0,3,0,0,69,65,1,0.0,59.0,26,0.0,0.0,0.0,59.0,0.0,0.0,0.0,59.0,8.1,11,616.0,7,4,108,454,608,0,0,1,0,1,2,101,3,0,346,0,0,154,0,0,0,3,0.453
Course 8,173,86,2.01,0.36,91,100.0,46,0,0,109,42,1,0.0,21.0,62,0.0,0.0,0.0,21.0,0.0,0.0,0.0,21.0,11.16,44,6030.0,13,499,915,1444,1611,0,0,109,81,2,307,223,50,143,513,8,8,0,24,143,0,21,0.672
Course 8,183,75,2.44,0.33,59,100.0,59,0,0,84,68,1,0.0,38.75,38,0.0,0.0,0.0,38.75,0.0,0.0,0.0,38.75,7.64,24,4136.0,12,105,252,970,1166,0,0,57,36,9,3,100,4,43,712,2,4,168,28,0,0,37,0.625
Course 8,192,101,1.9,0.42,103,97.89,57,0,0,177,57,1,0.0,40.67,42,0.0,0.0,0.0,40.66667,0.0,0.0,0.0,40.66667,9.17,45,9036.0,14,658,1201,1924,2032,0,0,147,192,25,294,303,178,62,695,9,19,95,6,7,0,39,0.724
Course 8,120,65,1.85,0.28,45,100.0,72,0,0,53,47,1,0.0,57.5,45,0.0,0.0,0.0,57.5,0.0,0.0,0.0,57.5,7.79,20,1795.0,12,117,166,768,773,0,0,3,105,9,0,31,5,13,518,17,67,2,1,2,0,26,0.537
Course 8,98,52,1.88,0.24,29,100.0,99,0,0,34,24,1,0.0,42.0,46,0.0,0.0,0.0,42.0,0.0,0.0,0.0,42.0,5.88,19,1084.0,9,219,327,602,647,0,0,0,170,46,3,37,30,41,274,1,0,45,0,0,0,37,0.528
Course 8,186,93,2.0,0.4,51,100.0,66,0,0,81,71,1,0.0,50.0,61,0.0,0.0,0.0,50.0,0.0,0.0,0.0,50.0,13.68,18,3235.0,9,258,463,829,1113,0,0,83,11,142,22,0,205,0,339,9,18,0,0,284,0,53,0.517
Course 8,62,38,1.63,0.16,10,100.0,15,0,0,2,2,1,0.0,46.0,28,0.0,0.0,0.0,46.0,0.0,0.0,0.0,46.0,8.03,7,177.0,4,55,60,170,171,0,0,0,55,0,0,0,5,0,110,0,0,0,0,1,0,12,0.224
Course 8,257,113,2.27,0.47,107,100.0,151,0,0,357,64,1,0.0,49.0,77,0.0,0.0,0.0,49.0,0.0,0.0,0.0,49.0,7.89,54,9792.0,14,732,1651,2412,2865,0,0,194,248,242,48,369,161,389,512,174,75,146,55,190,62,51,0.78
Course 8,95,47,2.02,0.2,30,100.0,75,0,0,56,46,1,0.0,35.0,62,0.0,0.0,0.0,35.0,0.0,0.0,0.0,35.0,5.86,17,1371.0,10,124,157,808,822,0,0,67,34,9,14,6,17,10,638,0,13,0,0,14,0,41,0.482
Course 8,61,43,1.42,0.18,16,100.0,4,0,0,105,87,1,0.0,35.0,29,0.0,0.0,0.0,35.0,0.0,0.0,0.0,35.0,6.37,11,396.0,7,234,241,516,885,0,0,0,0,115,119,0,2,5,275,0,0,0,339,30,0,3,0.488
Course 8,70,30,2.33,0.16,14,100.0,1,0,0,35,31,1,0.0,42.5,29,0.0,0.0,0.0,42.5,0.0,0.0,0.0,42.5,10.61,6,903.0,4,192,266,384,384,0,0,0,0,191,1,0,74,0,118,0,0,0,0,0,0,1,0.503
Course 8,159,79,2.01,0.34,41,98.39,30,0,0,99,46,1,0.0,40.0,67,0.0,0.0,0.0,40.0,0.0,0.0,0.0,40.0,8.13,17,2747.0,11,171,321,1052,1072,0,0,74,48,0,49,1,97,52,586,140,5,11,0,9,0,16,0.554
Course 8,249,105,2.37,0.44,102,100.0,136,0,0,331,75,1,0.0,45.0,55,0.0,0.0,0.0,45.0,0.0,0.0,0.0,45.0,9.42,52,12192.0,14,813,1582,2582,3398,0,0,223,173,320,97,375,153,241,651,248,101,119,428,269,0,47,0.792
Course 8,68,32,2.13,0.15,16,100.0,14,0,0,32,26,1,0.0,53.33,31,0.0,0.0,0.0,53.33333,0.0,0.0,0.0,53.33333,12.49,7,1195.0,5,238,295,411,417,0,0,0,0,238,0,0,0,57,115,0,1,0,6,0,0,10,0.373
Course 8,147,80,1.84,0.33,82,97.59,139,0,0,226,58,1,0.0,42.0,55,0.0,0.0,0.0,42.0,0.0,0.0,0.0,42.0,6.12,30,4138.0,11,8,125,1850,2368,0,0,8,0,0,0,12,104,1,1179,343,203,147,98,264,9,27,0.612
Course 8,178,85,2.09,0.36,55,100.0,119,0,0,104,58,1,0.0,29.0,67,0.0,0.0,0.0,29.0,0.0,0.0,0.0,29.0,11.61,31,4298.0,12,273,615,987,1316,0,0,88,46,6,133,97,92,153,243,128,1,68,75,186,0,46,0.625
Course 8,194,115,1.69,0.49,35,100.0,194,0,0,47,44,1,0.0,43.75,29,0.0,0.0,0.0,43.75,0.0,0.0,0.0,43.75,7.73,19,3964.0,10,118,444,939,1120,0,0,50,21,19,28,0,154,172,495,0,0,119,45,17,0,49,0.548
Course 8,171,81,2.11,0.34,63,100.0,35,0,0,203,60,1,0.0,48.0,64,0.0,0.0,0.0,48.0,0.0,0.0,0.0,48.0,8.95,30,3822.0,13,219,359,931,1748,0,0,46,39,121,13,2,137,1,313,172,87,42,0,385,390,17,0.653
Course 8,115,60,1.92,0.26,20,100.0,74,0,0,62,46,1,0.0,29.0,35,0.0,0.0,0.0,29.0,0.0,0.0,0.0,29.0,5.23,8,923.0,6,127,302,784,825,0,0,32,95,0,0,15,43,117,482,0,0,0,0,41,0,46,0.418
Course 8,207,103,2.01,0.44,97,100.0,135,0,0,343,68,1,0.0,37.0,100,0.0,0.0,0.0,37.0,0.0,0.0,0.0,37.0,8.62,49,11594.0,13,402,702,1994,2831,0,17,139,168,58,20,120,22,158,978,262,52,305,226,306,0,58,0.765
Course 8,192,96,2.0,0.4,70,100.0,49,0,0,176,65,1,0.0,40.0,55,0.0,0.0,0.0,40.0,0.0,0.0,0.0,40.0,7.3,44,5982.0,14,490,774,1270,1655,0,0,202,195,32,61,96,71,117,195,291,10,299,3,78,5,23,0.704
Course 8,88,51,1.73,0.25,13,100.0,16,0,0,51,46,1,0.0,45.0,42,0.0,0.0,0.0,45.0,0.0,0.0,0.0,45.0,6.31,11,405.0,7,131,131,654,654,0,0,5,27,23,76,0,0,0,515,8,0,0,0,0,0,16,0.458
Course 8,135,71,1.9,0.31,29,100.0,77,0,0,78,50,1,0.0,44.0,56,0.0,0.0,0.0,44.0,0.0,0.0,0.0,44.0,10.71,15,2447.0,9,112,219,391,1022,0,0,0,0,0,112,2,2,103,165,1,6,0,163,468,0,59,0.585
Course 8,189,94,2.01,0.41,86,100.0,53,0,0,139,55,1,0.0,45.67,49,0.0,0.0,0.0,45.66667,0.0,0.0,0.0,45.66667,10.05,31,5182.0,14,554,1066,1765,2141,0,1,99,79,73,302,113,93,306,667,21,11,374,0,2,0,42,0.687
Course 8,237,106,2.24,0.44,160,100.0,109,0,0,456,65,1,0.0,43.0,59,0.0,0.0,0.0,43.0,0.0,0.0,0.0,43.0,9.94,57,14165.0,13,1612,3154,4469,5125,0,0,251,578,443,340,495,629,418,1019,68,228,557,3,0,96,53,0.809
Course 8,217,113,1.92,0.48,95,100.0,116,0,0,160,84,1,0.0,39.25,82,0.0,0.0,0.0,39.25,0.0,0.0,0.0,39.25,6.16,51,3452.0,13,441,493,1208,1719,0,0,65,99,269,8,27,23,2,578,114,23,367,6,138,0,71,0.725
Course 8,94,63,1.49,0.27,39,100.0,20,0,0,62,47,1,0.0,27.67,47,0.0,0.0,0.0,27.66667,0.0,0.0,0.0,27.66667,6.53,20,1209.0,11,161,475,709,723,0,0,1,132,28,0,5,254,55,226,8,0,11,1,2,0,9,0.494
Course 8,66,34,1.94,0.17,5,100.0,34,0,0,38,31,0,0.0,0.0,1,0.0,0.0,0.0,0.0,0.0,0.0,0.0,0.0,5.68,4,48.0,3,54,411,414,414,0,0,0,0,0,54,0,357,0,0,3,0,0,0,0,0,32,0.446
Course 8,79,38,2.08,0.19,6,100.0,56,0,0,76,61,1,0.0,35.0,35,0.0,0.0,0.0,35.0,0.0,0.0,0.0,35.0,13.26,3,287.0,3,0,691,823,823,0,0,0,0,0,0,0,665,26,132,0,0,0,0,0,0,26,0.802
Course 8,127,64,1.98,0.27,22,100.0,71,0,0,103,89,1,0.0,43.75,36,0.0,0.0,0.0,43.75,0.0,0.0,0.0,43.75,7.88,16,1168.0,12,147,203,379,1114,0,6,5,1,134,1,0,6,50,157,3,16,202,0,533,0,58,0.56
Course 8,173,100,1.73,0.43,104,100.0,138,0,0,163,48,1,0.0,28.5,83,0.0,0.0,0.0,28.5,0.0,0.0,0.0,28.5,9.55,41,7448.0,13,545,1064,2096,2190,0,0,136,230,67,112,273,93,153,814,162,56,71,16,7,0,44,0.718
Course 8,69,31,2.23,0.16,25,100.0,54,0,0,0,0,1,0.0,15.0,21,0.0,0.0,0.0,15.0,0.0,0.0,0.0,15.0,10.62,3,615.0,2,0,143,249,249,0,0,0,0,0,0,0,0,143,106,0,0,0,0,0,0,23,0.756
Course 8,206,95,2.17,0.4,119,100.0,212,0,0,148,62,1,0.0,50.0,40,0.0,0.0,0.0,50.0,0.0,0.0,0.0,50.0,8.67,37,4955.0,14,492,1045,1735,2053,3,0,77,119,131,162,44,365,144,367,273,50,84,143,91,0,47,0.679
Course 8,79,47,1.68,0.2,16,100.0,9,0,0,120,55,1,0.0,48.75,53,0.0,0.0,0.0,48.75,0.0,0.0,0.0,48.75,12.24,7,1334.0,5,52,58,1051,1057,0,0,50,2,0,0,0,5,1,993,0,0,6,0,0,0,7,0.464
Course 8,152,87,1.75,0.36,47,100.0,96,0,0,76,39,1,0.0,43.0,49,0.0,0.0,0.0,43.0,0.0,0.0,0.0,43.0,7.43,30,4051.0,12,189,335,979,1025,0,0,74,72,31,12,37,82,27,605,30,9,3,0,43,0,44,0.603
Course 8,301,121,2.49,0.52,126,100.0,110,0,0,332,73,1,0.0,48.0,53,0.0,0.0,0.0,48.0,0.0,0.0,0.0,48.0,7.97,57,11479.0,13,861,1407,2990,3614,0,0,192,165,371,133,180,167,199,878,289,416,314,166,144,0,55,0.813
Course 8,361,110,3.28,0.46,181,100.0,156,0,0,225,79,1,0.0,45.0,68,0.0,0.0,0.0,45.0,0.0,0.0,0.0,45.0,10.71,48,12496.0,13,753,1699,2461,2860,0,0,339,134,19,261,33,713,200,589,152,21,56,88,255,0,58,0.777
Course 8,119,70,1.7,0.3,37,100.0,70,0,0,50,40,1,0.0,43.0,43,0.0,0.0,0.0,43.0,0.0,0.0,0.0,43.0,6.12,22,482.0,11,96,110,865,872,0,0,50,4,24,18,2,12,0,707,45,3,0,6,1,0,50,0.565
Course 8,163,69,2.36,0.3,126,100.0,128,0,0,113,66,1,0.0,45.0,138,0.0,0.0,0.0,45.0,0.0,0.0,0.0,45.0,8.6,18,1291.0,10,337,561,1608,1775,0,0,43,24,5,265,1,72,151,894,153,0,0,0,167,0,53,0.568
Course 8,115,62,1.85,0.26,43,100.0,105,0,0,98,49,1,0.0,47.75,33,0.0,0.0,0.0,47.75,0.0,0.0,0.0,47.75,5.57,24,1657.0,11,113,238,993,1138,0,0,50,60,3,0,1,106,18,677,0,78,4,25,116,0,64,0.575
Course 8,217,111,1.95,0.47,101,100.0,160,0,0,222,89,1,0.0,43.0,52,0.0,0.0,0.0,43.0,0.0,0.0,0.0,43.0,8.67,49,9038.0,13,398,1538,2160,2655,0,0,175,81,1,141,61,626,453,479,111,32,97,0,398,0,62,0.742
Course 8,243,132,1.84,0.55,100,100.0,264,0,0,485,61,1,0.0,31.0,55,0.0,0.0,0.0,31.0,0.0,0.0,0.0,31.0,7.83,57,12254.0,14,878,1636,2438,3223,0,0,224,191,337,126,308,249,201,521,215,66,206,205,239,135,46,0.787
Course 8,173,62,2.79,0.26,34,100.0,74,0,0,30,29,1,0.0,43.33,40,0.0,0.0,0.0,43.33333,0.0,0.0,0.0,43.33333,9.07,16,2040.0,10,13,395,623,642,0,0,0,11,2,0,1,253,128,227,1,0,3,7,9,0,27,0.488
Course 8,120,72,1.67,0.31,198,100.0,56,0,0,195,61,1,0.0,28.75,65,0.0,0.0,0.0,28.75,0.0,0.0,0.0,28.75,10.71,18,3768.0,10,690,1187,1603,1880,0,0,75,131,404,80,89,44,364,407,9,0,102,0,0,175,49,0.584
Course 8,57,33,1.73,0.16,18,100.0,0,0,0,52,46,1,0.0,25.0,38,0.0,0.0,0.0,25.0,0.0,0.0,0.0,25.0,9.64,5,298.0,4,217,288,541,541,0,0,0,0,217,0,0,71,0,252,1,0,0,0,0,0,0,0.48
Course 8,67,38,1.76,0.16,47,100.0,38,0,0,48,36,1,0.0,55.0,39,0.0,0.0,0.0,55.0,0.0,0.0,0.0,55.0,7.67,6,377.0,5,348,454,633,670,0,0,0,0,0,348,0,106,0,177,2,0,0,0,37,0,37,0.422
Course 8,109,56,1.95,0.24,47,100.0,63,0,0,19,1,1,0.0,50.0,47,0.0,0.0,0.0,50.0,0.0,0.0,0.0,50.0,8.52,16,1515.0,11,51,285,448,456,0,0,14,27,3,7,82,0,152,161,1,1,4,3,1,0,33,0.45
Course 8,343,108,3.18,0.45,94,100.0,126,0,0,284,66,1,0.0,35.0,59,0.0,0.0,0.0,35.0,0.0,0.0,0.0,35.0,7.88,44,4833.0,13,852,1331,2272,2478,0,0,153,307,266,126,192,139,148,689,196,56,54,62,90,0,53,0.754
Course 8,275,117,2.35,0.49,265,100.0,94,0,0,164,73,1,0.0,45.0,53,0.0,0.0,0.0,45.0,0.0,0.0,0.0,45.0,10.13,51,11189.0,14,647,1189,2041,2513,0,0,120,143,193,191,129,270,143,598,120,134,219,44,142,67,55,0.761
Course 8,110,39,2.82,0.17,20,100.0,1,0,0,42,34,1,0.0,45.0,101,0.0,0.0,0.0,45.0,0.0,0.0,0.0,45.0,6.17,6,364.0,5,0,8,324,640,0,0,0,0,0,0,0,7,1,316,0,0,0,0,316,0,1,0.397
Course 8,182,104,1.75,0.44,74,100.0,81,0,0,183,89,1,0.0,36.5,112,0.0,0.0,0.0,36.5,0.0,0.0,0.0,36.5,6.31,36,3778.0,13,307,435,1528,1884,0,0,116,32,157,2,96,31,1,774,243,76,203,66,87,0,56,0.707
Course 8,86,45,1.91,0.19,16,100.0,66,0,0,78,64,1,0.0,50.0,66,0.0,0.0,0.0,50.0,0.0,0.0,0.0,50.0,5.51,8,362.0,6,3,235,908,1143,0,0,1,0,2,0,0,232,0,673,0,0,0,5,230,0,58,0.456
Course 8,192,91,2.11,0.39,78,100.0,24,0,0,332,47,1,0.0,42.0,65,0.0,0.0,0.0,42.0,0.0,0.0,0.0,42.0,6.96,40,3865.0,14,1168,1640,2633,2647,0,3,118,119,613,315,195,202,75,977,15,1,6,1,7,0,18,0.732
Course 8,134,64,2.09,0.27,132,100.0,82,0,0,129,107,1,0.0,40.0,56,0.0,0.0,0.0,40.0,0.0,0.0,0.0,40.0,7.14,17,1944.0,11,64,280,1332,2181,0,0,6,0,55,3,14,55,147,670,2,380,519,260,70,0,53,0.639
Course 8,181,92,1.97,0.39,72,100.0,108,0,0,315,84,1,0.0,40.5,55,0.0,0.0,0.0,40.5,0.0,0.0,0.0,40.5,7.08,44,6905.0,13,995,1682,2709,3116,0,0,317,176,230,272,304,169,214,620,253,154,57,201,149,0,55,0.769
Course 8,102,58,1.76,0.25,25,98.78,52,0,0,69,46,1,0.0,44.0,57,0.0,0.0,0.0,44.0,0.0,0.0,0.0,44.0,5.57,17,716.0,10,155,339,904,907,0,0,17,59,55,24,4,129,51,564,1,0,0,0,3,0,36,0.469
Course 8,285,105,2.71,0.44,84,100.0,93,0,0,114,76,1,0.0,60.0,33,0.0,0.0,0.0,60.0,0.0,0.0,0.0,60.0,8.9,43,6164.0,14,260,492,926,1344,16,0,61,109,65,9,10,133,89,430,2,2,0,202,216,0,53,0.632
Course 8,280,105,2.67,0.45,134,100.0,175,0,0,532,71,1,0.0,46.0,86,0.0,0.0,0.0,46.0,0.0,0.0,0.0,46.0,9.4,60,11047.0,13,1795,2569,3986,4752,0,0,622,679,423,71,501,83,190,869,413,135,317,172,277,0,59,0.837
Course 8,273,99,2.76,0.44,40,100.0,61,0,0,65,61,1,0.0,40.0,60,0.0,0.0,0.0,40.0,0.0,0.0,0.0,40.0,5.24,29,1550.0,10,298,466,646,988,0,0,5,133,142,18,139,28,1,179,0,1,342,0,0,0,49,0.605
Course 8,68,38,1.79,0.19,11,100.0,23,0,0,1,1,1,0.0,43.0,35,0.0,0.0,0.0,43.0,0.0,0.0,0.0,43.0,8.36,7,970.0,5,9,82,170,170,0,0,0,0,4,5,0,55,18,88,0,0,0,0,0,0,11,0.443
Course 8,94,42,2.24,0.18,18,100.0,17,0,0,5,2,1,0.0,37.33,55,0.0,0.0,0.0,37.33333,0.0,0.0,0.0,37.33333,6.33,10,265.0,7,4,55,200,249,0,0,0,0,4,0,0,9,42,145,0,0,26,20,3,0,10,0.332
Course 8,147,84,1.75,0.36,52,100.0,44,0,0,159,56,1,0.0,27.0,39,0.0,0.0,0.0,27.0,0.0,0.0,0.0,27.0,8.94,32,5498.0,12,210,438,972,1491,0,0,86,11,50,63,0,188,40,342,61,131,135,290,94,0,29,0.624
Course 8,41,25,1.64,0.12,1,0.0,0,0,0,0,0,0,0.0,0.0,0,0.0,0.0,0.0,0.0,0.0,0.0,0.0,0.0,16.23,1,0.0,1,0,0,1,1,0,0,0,0,0,0,0,0,0,0,1,0,0,0,0,0,0,0.0
Course 8,169,71,2.38,0.3,74,100.0,95,0,0,54,39,1,0.0,43.0,36,0.0,0.0,0.0,43.0,0.0,0.0,0.0,43.0,9.24,31,3219.0,10,382,518,699,878,0,0,17,0,310,55,4,48,84,165,16,0,0,176,3,0,32,0.547
Course 8,140,67,2.09,0.3,52,98.65,52,0,0,50,38,1,0.0,41.33,27,0.0,0.0,0.0,41.33333,0.0,0.0,0.0,41.33333,5.27,28,2908.0,11,125,170,647,658,0,0,14,63,18,30,5,40,0,444,19,14,1,10,0,0,37,0.582
Course 8,72,33,2.18,0.42,0,0.0,0,0,0,0,0,0,0.0,0.0,0,0.0,0.0,0.0,0.0,0.0,0.0,0.0,0.0,0.0,0,0.0,0,0,0,0,0,0,0,0,0,0,0,0,0,0,0,0,0,0,0,0,0,0,0.0
Course 8,181,100,1.81,0.42,40,100.0,112,0,0,136,107,1,0.0,42.5,54,0.0,0.0,0.0,42.5,0.0,0.0,0.0,42.5,6.76,24,1534.0,13,219,505,979,1572,0,0,24,54,61,80,142,142,2,358,113,3,1,198,394,0,71,0.666
Course 8,282,103,2.74,0.43,112,100.0,166,0,0,253,87,1,0.0,45.0,52,0.0,0.0,0.0,45.0,0.0,0.0,0.0,45.0,8.26,54,10256.0,13,778,1388,2542,3075,0,0,229,302,180,67,328,204,78,592,406,156,298,38,197,0,65,0.798
Course 8,16,11,1.45,0.65,11,96.15,56,0,0,5,2,0,0.0,0.0,0,0.0,0.0,0.0,0.0,0.0,0.0,0.0,0.0,6.6,10,927.0,3,0,0,0,241,0,0,0,0,0,0,0,0,0,0,0,0,0,138,96,7,24,0.755
Course 8,7,5,1.4,0.45,3,100.0,20,0,0,0,0,0,0.0,0.0,1,0.0,0.0,0.0,0.0,0.0,0.0,0.0,0.0,9.78,5,272.0,2,0,0,0,68,0,0,0,0,0,0,0,0,0,0,0,0,0,51,17,0,8,0.563
Course 8,1,1,1.0,1.0,1,0.0,0,0,0,0,0,0,0.0,0.0,0,0.0,0.0,0.0,0.0,0.0,0.0,0.0,0.0,12.09,1,2.0,1,0,0,0,3,0,0,0,0,0,0,0,0,0,0,0,0,0,3,0,0,0,1.0
Course 8,7,4,1.75,0.5,5,100.0,18,0,0,0,0,0,0.0,0.0,0,0.0,0.0,0.0,0.0,0.0,0.0,0.0,0.0,10.63,4,616.0,2,0,0,0,73,0,0,0,0,0,0,0,0,0,0,0,0,0,71,2,0,11,0.677
Course 8,3,1,3.0,1.0,0,100.0,3,0,0,1,1,0,0.0,0.0,0,0.0,0.0,0.0,0.0,0.0,0.0,0.0,0.0,8.26,1,224.0,1,0,0,0,19,0,0,0,0,0,0,0,0,0,0,0,0,0,19,0,0,3,1.0
Course 8,12,7,1.71,0.54,28,100.0,20,0,0,1,1,0,0.0,0.0,0,0.0,0.0,0.0,0.0,0.0,0.0,0.0,0.0,6.52,5,419.0,2,0,0,0,105,0,0,0,0,0,0,0,0,0,0,0,0,0,82,23,0,10,0.64
Course 8,0,0,0.0,0.0,0,0.0,0,0,0,0,0,0,0.0,0.0,0,0.0,0.0,0.0,0.0,0.0,0.0,0.0,0.0,0.0,0,0.0,0,0,0,0,0,0,0,0,0,0,0,0,0,0,0,0,0,0,0,0,0,0,0.0
Course 10,99,40,2.48,0.17,29,100.0,12,0,0,97,85,3,100.0,19.25,86,0.0,0.0,0.0,45.0,0.0,0.0,0.0,37.5,10.1,10,1710.0,7,15,392,628,992,0,2,0,0,8,5,24,353,0,236,0,0,0,0,364,0,8,0.418
Course 10,108,59,1.83,0.27,45,100.0,55,0,0,135,55,3,100.0,19.67,127,0.0,0.0,0.0,44.25,0.0,0.0,0.0,36.875,9.66,21,3000.0,10,59,928,1605,1611,0,25,23,7,4,0,307,436,126,504,173,0,6,0,0,0,31,0.616
Course 10,74,39,1.9,0.17,34,100.0,6,0,0,41,36,2,100.0,27.08,63,0.0,0.0,0.0,46.66667,0.0,0.0,0.0,38.88889,10.46,19,699.0,10,39,49,615,616,0,1,14,13,9,2,7,3,0,565,1,0,0,0,1,0,5,0.405
Course 10,145,69,2.1,0.3,92,100.0,70,0,0,181,67,2,100.0,26.75,52,0.0,0.0,0.0,43.75,0.0,0.0,0.0,36.45833,5.31,39,2772.0,14,723,1012,1557,1782,0,15,261,209,33,205,3,215,71,294,200,51,120,49,56,0,59,0.691
Course 10,128,72,1.78,0.31,35,100.0,111,0,0,59,36,2,100.0,33.83,70,0.0,0.0,0.0,58.0,0.0,0.0,0.0,48.33333,5.02,28,1337.0,13,103,595,822,859,0,21,43,5,32,2,60,341,91,204,13,10,22,0,15,0,49,0.556
Course 10,80,41,1.95,0.18,25,100.0,6,0,0,68,54,2,100.0,25.0,67,0.0,0.0,0.0,42.0,0.0,0.0,0.0,35.0,10.37,11,744.0,7,100,224,694,713,0,2,0,98,0,0,124,0,0,158,309,3,0,19,0,0,6,0.436
Course 10,69,32,2.16,0.17,26,100.0,10,0,0,45,36,2,100.0,18.63,107,0.0,0.0,0.0,28.75,0.0,0.0,0.0,23.95833,10.36,7,370.0,3,33,34,699,699,0,0,0,33,0,0,1,0,0,665,0,0,0,0,0,0,9,0.491
Course 10,238,98,2.43,0.42,116,100.0,164,0,0,171,79,2,100.0,14.67,74,0.0,0.0,0.0,19.33333,0.0,0.0,0.0,25.0,7.9,50,9880.0,14,836,1398,2298,2581,0,73,93,82,347,241,128,188,246,703,58,139,45,117,121,0,50,0.741
Course 10,440,138,3.19,0.58,178,100.0,133,0,0,423,95,3,100.0,19.0,148,0.0,0.0,0.0,47.0,0.0,0.0,0.0,39.16667,10.07,65,27766.0,15,644,1546,3216,4294,0,1,194,246,126,77,474,168,260,1124,349,197,308,183,587,0,50,0.821
Course 10,254,98,2.59,0.42,144,98.81,67,0,0,317,60,3,100.0,14.08,324,0.0,0.0,0.0,27.5,0.0,0.0,0.0,22.91667,9.83,55,13553.0,14,469,1385,3180,3664,0,68,115,55,173,58,557,147,212,1270,525,0,121,74,289,0,28,0.758
Course 10,243,102,2.38,0.43,97,100.0,80,0,0,118,88,3,100.0,18.67,76,0.0,0.0,0.0,45.0,0.0,0.0,0.0,37.5,6.54,44,3943.0,14,409,1032,1445,1621,0,39,86,138,59,87,213,238,172,298,111,4,1,166,9,0,72,0.69
Course 10,367,116,3.16,0.49,205,100.0,128,0,0,365,56,2,100.0,33.5,115,0.0,0.0,0.0,57.75,0.0,0.0,0.0,48.125,8.55,65,22389.0,15,1081,2333,3404,3678,0,46,137,481,177,240,509,458,285,691,320,60,67,47,160,0,45,0.813
Course 10,385,125,3.08,0.53,239,100.0,242,0,0,605,83,3,100.0,18.72,187,0.0,0.0,0.0,41.5,0.0,0.0,0.0,34.58333,7.41,67,19138.0,15,1712,2995,5098,5745,0,154,462,212,628,256,685,365,233,1162,825,116,191,130,303,23,72,0.843
Course 10,279,110,2.54,0.46,92,100.0,62,0,0,56,46,2,100.0,21.5,70,0.0,0.0,0.0,34.0,0.0,0.0,0.0,28.33333,9.3,35,3744.0,14,156,686,1058,1068,0,3,102,39,7,5,199,17,314,313,49,10,0,7,1,2,33,0.605
Course 10,97,43,2.26,0.22,38,100.0,22,0,0,37,35,3,100.0,16.0,126,0.0,0.0,0.0,35.0,0.0,0.0,0.0,29.16667,7.27,14,1046.0,8,64,366,739,739,0,30,21,5,7,1,136,166,0,373,0,0,0,0,0,0,18,0.581
Course 10,315,122,2.58,0.52,166,100.0,56,0,0,190,49,3,100.0,7.08,801,0.0,0.0,0.0,13.75,0.0,0.0,0.0,16.25,10.44,45,9989.0,14,425,1111,3238,3346,0,54,90,10,174,97,223,319,144,1946,152,29,85,17,6,0,39,0.758
Course 10,337,117,2.88,0.5,202,100.0,56,0,0,140,60,3,100.0,22.14,98,0.0,0.0,0.0,50.0,0.0,0.0,0.0,41.66667,7.35,45,9857.0,14,495,1087,1728,1819,0,4,296,62,23,110,300,197,95,626,7,8,32,49,10,0,31,0.698
Course 10,98,42,2.33,0.19,26,100.0,2,0,0,69,61,3,100.0,18.0,66,0.0,0.0,0.0,45.0,0.0,0.0,0.0,37.5,5.63,13,1687.0,8,18,165,547,800,0,14,4,0,0,0,59,88,0,345,37,0,248,5,0,0,3,0.45
Course 10,62,23,2.7,0.1,26,100.0,0,0,0,0,0,2,100.0,26.83,49,0.0,0.0,0.0,45.0,0.0,0.0,0.0,37.5,6.23,5,110.0,4,2,5,163,167,0,0,0,0,2,0,3,0,0,158,0,0,0,0,0,4,1,0.219
Course 10,120,63,1.9,0.31,57,100.0,55,0,0,147,46,3,100.0,11.75,116,0.0,0.0,0.0,16.0,0.0,0.0,0.0,24.375,8.72,30,2677.0,10,167,619,1745,1745,0,49,70,12,1,35,174,20,258,1084,39,3,0,0,0,0,26,0.704
Course 10,147,70,2.1,0.3,71,100.0,35,0,0,67,57,3,100.0,9.67,115,0.0,0.0,0.0,24.0,0.0,0.0,0.0,20.0,8.33,39,4546.0,14,203,568,1067,1117,0,9,21,5,90,78,96,137,132,367,130,2,26,11,13,0,21,0.658
Course 10,156,75,2.08,0.33,62,97.4,54,0,0,53,40,2,100.0,26.75,71,0.0,0.0,0.0,45.0,0.0,0.0,0.0,37.5,7.74,30,2791.0,11,76,502,1082,1082,0,3,4,10,13,46,328,56,42,452,122,6,0,0,0,0,38,0.66
Course 10,131,72,1.82,0.32,58,100.0,62,0,0,66,55,2,100.0,17.33,192,0.0,0.0,0.0,24.66667,0.0,0.0,0.0,25.0,6.45,32,2307.0,13,271,526,1230,1418,0,23,50,83,21,94,132,2,121,577,119,8,181,7,0,0,55,0.664
Course 10,104,56,1.86,0.24,82,100.0,44,0,0,4,2,3,100.0,15.36,221,0.0,0.0,0.0,36.08333,0.0,0.0,0.0,30.06944,6.23,34,1863.0,10,150,191,728,739,0,42,41,38,14,15,33,8,0,530,7,0,0,0,11,0,18,0.46
Course 10,96,55,1.75,0.26,41,100.0,10,0,0,66,48,3,100.0,21.89,178,0.0,0.0,0.0,50.0,0.0,0.0,0.0,41.66667,8.6,19,1647.0,10,172,333,1066,1066,0,6,73,86,0,7,150,3,8,464,267,2,0,0,0,0,11,0.597
Course 10,219,96,2.28,0.41,90,100.0,21,0,0,122,82,5,100.0,15.45,214,0.0,0.0,0.0,50.0,0.0,0.0,0.0,41.66667,7.53,42,5083.0,14,235,774,1698,1790,0,4,16,57,43,115,116,392,31,875,6,43,5,71,16,0,12,0.689
Course 10,142,73,1.95,0.31,62,100.0,57,0,0,134,61,3,100.0,18.78,149,0.0,0.0,0.0,50.0,0.0,0.0,0.0,41.66667,7.38,39,5654.0,13,704,903,1615,1627,0,149,368,10,99,78,120,1,78,356,356,0,2,1,9,0,44,0.646
Course 10,157,82,1.91,0.35,79,100.0,132,0,0,250,107,3,100.0,20.25,197,0.0,0.0,0.0,45.0,0.0,0.0,0.0,37.5,7.91,31,4345.0,14,609,1138,2260,2885,0,105,47,213,243,1,199,311,19,1013,102,7,59,0,566,0,72,0.701
Course 10,174,85,2.05,0.36,84,100.0,69,0,0,112,97,3,100.0,16.78,92,0.0,0.0,0.0,35.91667,0.0,0.0,0.0,29.93056,7.94,45,3191.0,14,275,588,1044,1338,0,27,49,16,136,47,8,192,113,282,29,145,8,0,286,0,38,0.64
Course 10,244,104,2.35,0.44,198,100.0,40,0,0,273,37,3,100.0,6.11,176,0.0,0.0,0.0,17.33333,0.0,0.0,0.0,14.44444,8.24,50,9507.0,15,698,1162,2234,2543,0,29,146,227,93,203,295,83,86,931,131,10,2,121,13,173,33,0.747
Course 10,305,115,2.65,0.49,156,100.0,193,0,0,161,99,3,100.0,21.03,153,0.0,0.0,0.0,48.33333,0.0,0.0,0.0,40.27778,6.82,53,7231.0,15,462,852,1885,2272,0,16,86,33,21,306,139,117,134,675,284,74,33,64,173,117,66,0.737
Course 10,171,82,2.09,0.38,57,100.0,3,0,0,58,38,3,100.0,22.72,50,0.0,0.0,0.0,52.5,0.0,0.0,0.0,43.75,8.31,37,4778.0,11,171,554,904,904,0,26,44,69,7,25,106,144,133,336,12,2,0,0,0,0,3,0.666
Course 10,269,101,2.66,0.43,135,100.0,191,0,0,164,60,3,100.0,24.39,142,0.0,0.0,0.0,58.75,0.0,0.0,0.0,48.95833,7.39,48,10318.0,14,625,1635,2595,2732,2,15,148,291,101,68,384,130,496,746,198,16,0,15,122,0,61,0.741
Course 10,161,85,1.89,0.37,77,100.0,85,0,0,106,46,2,100.0,24.0,61,0.0,0.0,0.0,40.0,0.0,0.0,0.0,33.33333,8.38,44,5737.0,13,566,1004,1396,1642,0,81,83,72,31,299,343,63,32,384,4,4,2,244,0,0,43,0.702
Course 10,261,104,2.51,0.44,117,99.21,119,0,0,340,74,4,100.0,16.44,153,0.0,0.0,0.0,41.25,0.0,0.0,0.0,34.375,13.14,52,12858.0,15,421,1225,2683,3301,0,45,47,28,227,74,398,405,1,754,351,353,365,63,186,4,56,0.77
Course 10,164,72,2.28,0.31,89,98.31,39,0,0,96,30,3,100.0,9.33,73,0.0,0.0,0.0,14.0,0.0,0.0,0.0,22.5,5.96,34,3834.0,13,359,667,1141,1146,0,24,107,42,85,101,152,155,1,454,20,0,2,2,1,0,31,0.62
Course 10,294,119,2.47,0.5,138,100.0,48,0,0,93,36,2,100.0,26.25,68,0.0,0.0,0.0,43.75,0.0,0.0,0.0,36.45833,8.15,52,8597.0,12,761,1288,1685,1710,0,26,164,116,356,99,214,146,167,397,0,0,6,12,7,0,39,0.634
Course 10,89,40,2.23,0.2,24,100.0,30,0,0,31,17,3,100.0,14.92,215,0.0,0.0,0.0,30.0,0.0,0.0,0.0,25.0,5.42,7,908.0,4,50,352,833,833,0,0,47,3,0,0,302,0,0,481,0,0,0,0,0,0,27,0.489
Course 10,125,60,2.08,0.25,46,100.0,19,0,0,94,78,2,100.0,18.0,63,0.0,0.0,0.0,29.0,0.0,0.0,0.0,24.16667,8.08,20,1028.0,13,39,307,647,1024,0,2,22,15,0,0,129,98,41,244,2,94,11,22,333,11,13,0.532
Course 10,259,115,2.25,0.49,122,98.95,110,0,0,195,57,1,100.0,7.75,30,0.0,0.0,0.0,7.75,0.0,0.0,0.0,19.375,6.93,57,13466.0,15,657,1383,1828,1974,0,20,86,110,174,267,191,262,273,208,191,46,35,41,70,0,49,0.755
Course 10,76,33,2.3,0.14,69,100.0,3,0,0,51,46,3,100.0,21.28,58,0.0,0.0,0.0,48.33333,0.0,0.0,0.0,40.27778,12.56,10,356.0,7,17,27,627,628,0,0,9,0,4,4,0,10,0,598,2,0,0,0,1,0,4,0.407
Course 10,174,74,2.35,0.31,74,100.0,55,0,0,166,34,2,100.0,33.38,61,0.0,0.0,0.0,59.0,0.0,0.0,0.0,49.16667,10.13,35,6689.0,12,432,1323,2007,2029,0,45,115,0,17,255,436,129,326,601,82,1,0,0,22,0,35,0.638
Course 10,418,136,3.07,0.57,336,100.0,110,0,0,112,46,2,100.0,25.75,74,0.0,0.0,0.0,42.5,0.0,0.0,0.0,35.41667,8.58,74,19152.0,16,657,1184,1768,2021,3,40,159,207,128,120,220,172,135,415,40,129,105,9,129,10,68,0.766
Course 10,193,79,2.44,0.34,78,100.0,82,0,0,71,55,2,100.0,28.25,77,0.0,0.0,0.0,47.75,0.0,0.0,0.0,39.79167,10.12,34,5236.0,12,133,699,1552,1672,0,57,44,32,0,0,295,16,255,555,247,51,115,1,4,0,59,0.619
Course 10,203,93,2.18,0.39,42,100.0,86,0,0,141,56,2,100.0,21.38,54,0.0,0.0,0.0,35.0,0.0,0.0,0.0,29.16667,7.18,48,5765.0,14,571,1217,1749,1876,0,39,231,28,138,135,192,408,46,412,103,17,37,0,60,30,48,0.69
Course 10,201,93,2.16,0.4,57,100.0,46,0,0,106,78,2,100.0,29.88,56,0.0,0.0,0.0,50.0,0.0,0.0,0.0,41.66667,7.99,33,3016.0,11,234,311,959,1198,0,13,69,28,123,1,76,0,1,466,0,182,77,111,51,0,33,0.572
Course 10,488,122,4.0,0.52,218,100.0,140,0,0,344,67,3,100.0,14.08,139,0.0,0.0,0.0,27.5,0.0,0.0,0.0,24.375,9.25,70,17969.0,14,1300,2205,3280,4002,0,16,294,522,274,194,237,219,449,769,166,140,430,212,80,0,59,0.828
Course 10,204,87,2.34,0.37,88,100.0,104,0,0,155,103,3,100.0,13.33,283,0.0,0.0,0.0,25.0,0.0,0.0,0.0,22.5,7.23,32,2950.0,15,386,507,2074,2394,0,12,104,10,238,22,31,7,83,852,68,647,18,5,138,159,72,0.693
Course 10,145,54,2.69,0.24,65,100.0,53,0,0,42,36,3,100.0,20.17,185,0.0,0.0,0.0,47.5,0.0,0.0,0.0,39.58333,8.89,17,2216.0,10,35,454,968,989,0,4,30,0,1,0,92,320,7,485,4,25,21,0,0,0,38,0.546
Course 10,226,101,2.24,0.43,72,100.0,67,0,0,115,62,2,100.0,26.5,64,0.0,0.0,0.0,45.0,0.0,0.0,0.0,37.5,8.28,37,4720.0,14,447,774,1383,1522,0,2,141,52,61,191,80,129,118,351,121,137,31,0,103,5,50,0.641
Course 10,109,53,2.06,0.26,56,100.0,91,0,0,52,20,3,100.0,16.33,183,0.0,0.0,0.0,39.0,0.0,0.0,0.0,32.5,6.97,23,4401.0,10,226,562,1166,1166,0,21,72,37,84,12,194,67,75,601,3,0,0,0,0,0,25,0.679
Course 10,216,88,2.45,0.37,118,100.0,98,0,0,189,107,2,100.0,24.0,128,0.0,0.0,0.0,43.0,0.0,0.0,0.0,35.83333,8.37,50,7516.0,14,463,1235,2048,2595,0,110,60,99,4,190,168,292,312,557,235,21,165,5,377,0,45,0.752
Course 10,193,88,2.19,0.37,54,100.0,126,0,0,145,89,2,100.0,26.67,80,0.0,0.0,0.0,43.33333,0.0,0.0,0.0,36.11111,8.36,27,2279.0,13,142,672,1421,1917,0,4,27,32,9,70,19,8,503,709,40,0,0,1,495,0,72,0.621
Course 10,199,91,2.19,0.39,117,100.0,71,0,0,95,46,3,100.0,23.75,431,0.0,0.0,0.0,57.5,0.0,0.0,0.0,47.91667,6.72,35,6012.0,14,230,474,1987,1999,0,34,89,46,26,35,52,70,122,1490,19,4,7,3,2,0,21,0.684
Course 10,258,112,2.3,0.47,112,99.24,117,0,0,132,66,3,100.0,23.58,133,0.0,0.0,0.0,52.5,0.0,0.0,0.0,43.75,9.06,34,6897.0,13,91,761,1600,1885,0,27,0,43,4,17,634,8,28,495,250,94,197,22,66,0,66,0.652
Course 10,279,106,2.63,0.47,88,100.0,68,0,0,78,58,4,100.0,13.48,110,0.0,0.0,0.0,36.5,0.0,0.0,0.0,30.41667,8.21,48,7639.0,13,365,1057,2036,2096,0,12,103,34,207,9,93,48,551,638,207,134,54,6,0,0,33,0.745
Course 10,368,123,2.99,0.52,119,100.0,51,0,0,203,56,2,100.0,23.5,123,0.0,0.0,0.0,39.0,0.0,0.0,0.0,32.5,7.3,62,11559.0,15,621,1351,2137,2291,0,36,149,134,202,100,357,98,275,550,203,33,102,8,42,2,37,0.761
Course 10,321,101,3.18,0.48,118,100.0,62,0,0,86,61,2,100.0,24.29,54,0.0,0.0,0.0,39.83333,0.0,0.0,0.0,33.19444,7.73,48,9327.0,14,352,829,1363,1558,0,16,31,48,205,52,252,50,175,300,89,145,188,2,5,0,50,0.696
Course 10,150,69,2.17,0.29,91,100.0,49,0,0,132,61,3,100.0,12.25,52,0.0,0.0,0.0,22.0,0.0,0.0,0.0,24.375,9.07,30,5168.0,15,411,974,1428,1637,0,9,59,24,214,105,125,394,44,370,65,19,21,7,181,0,25,0.657
Course 10,237,76,3.12,0.32,40,100.0,51,0,0,70,46,2,100.0,29.75,70,0.0,0.0,0.0,50.0,0.0,0.0,0.0,41.66667,10.65,23,612.0,13,312,861,1104,1106,0,63,67,142,24,16,4,496,49,180,58,5,1,0,1,0,47,0.583
Course 10,41,19,2.16,0.1,12,100.0,0,0,0,0,0,3,100.0,21.42,77,0.0,0.0,0.0,47.5,0.0,0.0,0.0,39.58333,4.85,2,135.0,1,0,0,171,171,0,0,0,0,0,0,0,0,0,171,0,0,0,0,0,0,1,0.867
Course 10,291,109,2.67,0.46,260,100.0,99,0,0,413,39,3,100.0,10.44,158,0.0,0.0,0.0,31.33333,0.0,0.0,0.0,26.11111,8.5,59,18542.0,15,1177,2099,2942,3502,0,141,341,285,157,253,495,241,186,686,143,14,105,138,316,1,36,0.79
Course 10,365,124,2.94,0.52,155,100.0,124,0,0,385,71,3,100.0,24.11,80,0.0,0.0,0.0,56.25,0.0,0.0,0.0,46.875,7.71,62,23051.0,15,976,1651,2944,3287,0,63,195,252,260,206,334,225,116,374,566,353,140,50,147,6,63,0.794
Course 10,127,78,1.63,0.35,36,99.06,57,0,0,90,61,2,100.0,26.25,68,0.0,0.0,0.0,43.75,0.0,0.0,0.0,36.45833,8.98,17,957.0,10,311,516,1311,1312,0,2,73,120,0,116,154,51,0,572,222,1,1,0,0,0,47,0.599
Course 10,308,94,3.28,0.4,105,100.0,47,0,0,67,51,3,100.0,18.0,190,0.0,0.0,0.0,49.0,0.0,0.0,0.0,40.83333,6.12,40,4518.0,14,298,602,1095,1194,0,13,64,39,55,127,124,49,131,484,4,5,22,3,74,0,22,0.646
Course 10,86,53,1.62,0.23,29,100.0,51,0,0,72,61,2,100.0,25.13,61,0.0,0.0,0.0,41.25,0.0,0.0,0.0,34.375,6.12,23,1227.0,9,134,270,950,957,0,0,88,19,2,25,94,42,0,297,383,0,0,0,7,0,48,0.495
Course 10,149,61,2.44,0.28,55,100.0,8,0,0,70,45,2,100.0,24.38,96,0.0,0.0,0.0,38.75,0.0,0.0,0.0,32.29167,4.77,24,1317.0,11,115,232,837,838,0,2,3,5,102,3,108,8,1,599,6,0,1,0,0,0,5,0.566
Course 10,169,72,2.35,0.31,63,100.0,86,0,0,111,78,3,100.0,22.08,80,0.0,0.0,0.0,47.5,0.0,0.0,0.0,39.58333,9.65,31,3596.0,13,273,760,1344,1670,0,9,46,35,162,21,208,246,33,340,239,5,109,85,132,0,72,0.66
Course 10,200,96,2.08,0.41,122,100.0,85,0,0,154,69,3,100.0,17.78,77,0.0,0.0,0.0,42.33333,0.0,0.0,0.0,35.27778,7.85,49,8373.0,14,401,907,1815,2117,0,34,91,39,125,112,206,152,148,708,75,125,246,11,45,0,50,0.732
Course 10,380,142,2.68,0.6,258,99.21,127,0,0,506,66,3,100.0,12.0,190,0.0,0.0,0.0,30.0,0.0,0.0,0.0,25.0,8.48,80,25191.0,16,906,1556,3138,3978,18,20,54,202,347,265,56,129,465,986,362,234,329,141,323,47,61,0.834
Course 10,104,61,1.7,0.26,38,100.0,46,0,0,22,17,2,100.0,25.5,64,0.0,0.0,0.0,43.0,0.0,0.0,0.0,35.83333,5.75,29,918.0,11,102,302,584,585,0,31,51,13,5,2,59,103,38,206,76,0,0,0,1,0,39,0.413
Course 10,611,134,4.56,0.57,179,100.0,155,0,0,576,87,2,100.0,23.33,74,0.0,0.0,0.0,36.66667,0.0,0.0,0.0,30.55556,9.48,67,22621.0,15,2810,4282,5303,6394,0,304,479,554,963,510,894,210,368,603,246,172,360,414,317,0,66,0.852
Course 10,222,99,2.24,0.42,108,100.0,103,0,0,447,101,3,100.0,19.0,92,0.0,0.0,0.0,40.0,0.0,0.0,0.0,33.33333,9.42,57,11218.0,15,722,1650,2530,3699,0,45,164,207,97,209,383,237,308,480,368,32,193,167,751,58,72,0.802
Course 10,219,83,2.64,0.35,75,98.96,74,0,0,225,55,3,100.0,17.72,88,0.0,0.0,0.0,40.0,0.0,0.0,0.0,33.33333,8.34,37,6894.0,12,532,1626,2435,2763,0,2,12,38,18,462,236,414,444,598,0,211,63,0,265,0,42,0.682
Course 10,212,89,2.38,0.38,92,100.0,59,0,0,89,60,2,100.0,28.75,60,0.0,0.0,0.0,49.0,0.0,0.0,0.0,40.83333,7.05,45,6148.0,14,450,721,1247,1389,0,69,35,65,255,26,131,42,98,435,69,22,97,26,19,0,49,0.684
Course 10,350,113,3.1,0.48,136,100.0,137,0,0,303,75,2,100.0,34.13,87,0.0,0.0,0.0,58.75,0.0,0.0,0.0,48.95833,7.07,56,10173.0,14,1124,1802,2553,2967,0,72,374,254,247,177,168,272,238,473,158,120,91,116,207,0,72,0.778
Course 10,277,103,2.69,0.44,105,100.0,93,0,0,110,80,2,100.0,29.38,89,0.0,0.0,0.0,48.75,0.0,0.0,0.0,40.625,6.4,44,5418.0,14,432,730,1367,1580,0,31,106,90,24,181,204,80,14,591,3,43,13,163,37,0,59,0.681
Course 10,149,82,1.82,0.35,50,100.0,50,0,0,47,37,1,100.0,8.0,25,0.0,0.0,0.0,8.0,0.0,0.0,0.0,20.0,5.71,36,2081.0,14,189,424,644,665,0,26,84,66,3,10,220,1,14,78,60,82,8,10,3,0,25,0.575
Course 10,340,105,3.24,0.44,155,97.75,98,0,0,190,51,5,100.0,15.15,120,0.0,0.0,0.0,37.75,0.0,0.0,0.0,31.45833,9.01,51,11321.0,14,819,1383,2060,2251,0,41,353,259,153,13,361,103,100,496,175,6,46,0,145,0,40,0.715
Course 10,20,11,1.82,0.79,32,90.48,27,0,0,41,6,0,0.0,0.0,0,0.0,0.0,0.0,0.0,0.0,0.0,0.0,0.0,7.07,10,2044.0,2,0,0,0,431,0,0,0,0,0,0,0,0,0,0,0,0,0,342,89,0,19,0.824
Course 10,10,5,2.0,0.42,16,100.0,16,0,0,18,5,0,0.0,0.0,0,0.0,0.0,0.0,0.0,0.0,0.0,0.0,0.0,5.95,5,1392.0,2,0,0,0,169,0,0,0,0,0,0,0,0,0,0,0,0,0,43,126,0,8,0.677
Course 10,15,9,1.67,0.75,15,100.0,28,0,0,4,2,0,0.0,0.0,0,0.0,0.0,0.0,0.0,0.0,0.0,0.0,0.0,5.45,6,313.0,2,0,0,0,126,0,0,0,0,0,0,0,0,0,0,0,0,0,62,64,0,12,0.74
Course 10,11,6,1.83,0.55,4,100.0,21,0,0,3,3,0,0.0,0.0,0,0.0,0.0,0.0,0.0,0.0,0.0,0.0,0.0,4.84,3,340.0,2,0,0,0,115,0,0,0,0,0,0,0,0,0,0,0,0,0,68,47,0,17,0.666
Course 12,178,83,2.14,0.36,52,98.97,60,0,0,137,60,1,0.0,42.75,49,0.0,0.0,0.0,42.75,0.0,0.0,0.0,42.75,7.77,27,4103.0,13,270,504,1584,1776,0,1,27,95,89,58,23,35,176,1034,46,0,157,15,20,0,39,0.621
Course 12,249,98,2.54,0.42,133,100.0,132,0,0,449,98,1,0.0,43.0,88,0.0,0.0,0.0,43.0,0.0,0.0,0.0,43.0,6.49,55,8723.0,15,1150,1903,3199,4132,0,20,401,102,178,449,290,247,216,853,367,76,151,92,649,41,67,0.785
Course 12,185,77,2.4,0.34,45,98.51,38,0,0,67,35,1,0.0,50.0,37,0.0,0.0,0.0,50.0,0.0,0.0,0.0,50.0,10.81,15,1257.0,9,27,102,822,824,6,0,20,0,0,1,32,21,22,718,2,0,0,0,2,0,33,0.428
Course 12,78,40,1.95,0.18,31,100.0,79,0,0,85,60,1,0.0,55.0,38,0.0,0.0,0.0,55.0,0.0,0.0,0.0,55.0,5.36,21,730.0,11,74,704,995,1080,0,1,6,27,0,40,443,187,0,125,166,0,82,1,2,0,71,0.556
Course 12,160,84,1.9,0.35,55,100.0,125,0,0,170,98,0,0.0,0.0,6,0.0,0.0,0.0,0.0,0.0,0.0,0.0,0.0,7.83,33,5239.0,14,368,716,1088,1617,0,0,116,67,92,93,0,27,321,19,114,239,5,1,523,0,70,0.662
Course 12,213,104,2.05,0.44,109,100.0,113,0,0,193,50,1,0.0,35.0,55,0.0,0.0,0.0,35.0,0.0,0.0,0.0,35.0,9.22,45,13371.0,14,716,1101,1821,1954,0,9,58,189,154,306,100,187,98,475,235,10,20,0,11,102,43,0.671
Course 12,236,106,2.23,0.45,130,100.0,129,0,0,596,98,1,0.0,54.0,59,0.0,0.0,0.0,54.0,0.0,0.0,0.0,54.0,8.71,64,13269.0,15,1386,2205,3833,4570,0,11,185,149,490,551,382,179,258,960,466,202,92,88,270,287,71,0.807
Course 12,0,0,0.0,0.0,0,0.0,0,0,0,0,0,0,0.0,0.0,0,0.0,0.0,0.0,0.0,0.0,0.0,0.0,0.0,0.0,0,0.0,0,0,0,0,0,0,0,0,0,0,0,0,0,0,0,0,0,0,0,0,0,0,0.0
Course 12,137,69,1.99,0.29,70,94.83,68,0,0,223,34,1,0.0,42.5,53,0.0,0.0,0.0,42.5,0.0,0.0,0.0,42.5,9.11,33,4669.0,12,834,1446,2433,2530,0,0,33,140,312,349,335,127,150,907,70,10,0,0,76,21,27,0.68
Course 12,125,64,1.95,0.29,61,100.0,53,0,0,72,55,1,0.0,39.42,67,0.0,0.0,0.0,39.41667,0.0,0.0,0.0,39.41667,4.61,26,1258.0,12,159,447,925,929,0,28,41,25,25,40,208,17,63,190,268,20,4,0,0,0,22,0.618
Course 12,145,75,1.93,0.33,75,92.22,91,0,0,220,51,1,0.0,22.33,60,0.0,0.0,0.0,22.33333,0.0,0.0,0.0,22.33333,7.82,38,6333.0,13,500,950,2199,2249,0,1,91,40,4,364,82,129,239,963,228,58,34,0,16,0,41,0.692
Course 12,116,55,2.11,0.24,38,100.0,21,0,0,48,40,1,0.0,45.0,25,0.0,0.0,0.0,45.0,0.0,0.0,0.0,45.0,6.61,22,2096.0,10,160,167,511,568,0,0,9,93,30,28,0,7,0,332,12,0,46,1,10,0,10,0.497
Course 12,227,111,2.05,0.46,124,100.0,146,0,0,223,60,1,0.0,11.0,41,0.0,0.0,0.0,11.0,0.0,0.0,0.0,11.0,9.38,58,13331.0,15,491,937,2164,2394,0,3,144,64,74,206,78,73,295,739,480,8,54,29,53,94,40,0.76
Course 12,79,41,1.93,0.21,25,100.0,39,0,0,42,35,1,0.0,45.0,69,0.0,0.0,0.0,45.0,0.0,0.0,0.0,45.0,4.66,10,518.0,6,129,133,684,684,0,0,81,21,3,24,4,0,0,551,0,0,0,0,0,0,37,0.509
Course 12,279,123,2.27,0.52,155,100.0,90,0,0,204,87,1,0.0,26.5,42,0.0,0.0,0.0,26.5,0.0,0.0,0.0,26.5,6.38,48,6377.0,14,725,1021,1878,2279,0,16,251,125,62,271,125,114,57,466,253,138,83,127,191,0,59,0.731
Course 12,96,52,1.85,0.22,160,100.0,78,0,0,116,93,1,0.0,27.5,29,0.0,0.0,0.0,27.5,0.0,0.0,0.0,27.5,4.68,23,781.0,10,368,792,1186,1510,0,0,7,0,25,336,237,180,7,287,0,107,72,0,252,0,71,0.599
Course 12,115,55,2.09,0.24,40,100.0,57,0,0,100,73,1,0.0,45.0,28,0.0,0.0,0.0,45.0,0.0,0.0,0.0,45.0,7.42,24,1918.0,11,226,459,892,1097,0,0,35,41,70,80,6,146,81,180,253,0,100,0,105,0,46,0.576
Course 12,142,76,1.87,0.33,55,98.41,45,0,0,105,39,1,0.0,33.5,53,0.0,0.0,0.0,33.5,0.0,0.0,0.0,33.5,7.82,28,1963.0,9,393,530,969,969,0,4,15,68,68,238,17,66,54,296,143,0,0,0,0,0,24,0.7
Course 12,138,81,1.7,0.35,65,98.78,43,0,0,155,53,1,0.0,40.67,64,0.0,0.0,0.0,40.66667,0.0,0.0,0.0,40.66667,5.58,48,2688.0,13,425,557,1465,1595,0,0,82,84,49,210,114,16,2,672,187,49,67,4,59,0,35,0.708
Course 12,150,86,1.74,0.37,85,100.0,59,0,0,112,61,1,0.0,38.75,41,0.0,0.0,0.0,38.75,0.0,0.0,0.0,38.75,6.12,50,6548.0,14,453,659,1293,1368,0,2,69,32,34,316,7,108,91,504,25,105,68,5,2,0,20,0.686
Course 12,110,46,2.39,0.21,42,100.0,90,0,0,59,36,1,0.0,40.0,18,0.0,0.0,0.0,40.0,0.0,0.0,0.0,40.0,5.89,13,1757.0,8,203,508,828,837,0,0,0,2,0,201,153,84,68,318,2,0,9,0,0,0,39,0.534
Course 12,185,96,1.93,0.41,58,100.0,10,0,0,118,89,1,0.0,56.25,40,0.0,0.0,0.0,56.25,0.0,0.0,0.0,56.25,6.23,19,1594.0,13,263,370,854,1172,0,1,26,58,67,111,74,7,26,458,26,0,47,2,269,0,8,0.562
Course 12,65,35,1.86,0.15,33,100.0,11,0,0,51,36,1,0.0,35.0,33,0.0,0.0,0.0,35.0,0.0,0.0,0.0,35.0,5.81,11,756.0,8,96,370,580,594,0,0,17,0,0,79,98,176,0,165,45,0,0,0,14,0,8,0.373
Course 12,197,103,1.91,0.43,107,99.23,89,0,0,250,76,1,0.0,41.67,66,0.0,0.0,0.0,41.66667,0.0,0.0,0.0,41.66667,6.42,59,10397.0,15,667,1276,2560,3083,0,19,86,102,60,400,227,124,258,728,512,44,200,66,152,105,57,0.781
Course 12,225,79,2.85,0.34,71,100.0,61,0,0,120,88,1,0.0,48.75,57,0.0,0.0,0.0,48.75,0.0,0.0,0.0,48.75,6.44,31,2699.0,11,398,750,1311,1533,0,0,42,102,66,188,138,187,27,402,159,0,18,0,204,0,27,0.633
Course 12,311,111,2.8,0.47,141,99.0,145,0,0,327,62,1,0.0,44.75,53,0.0,0.0,0.0,44.75,0.0,0.0,0.0,44.75,6.67,65,12998.0,14,1216,1966,2950,3152,0,68,207,319,256,366,344,162,244,646,230,108,120,22,60,0,50,0.79
Course 12,289,120,2.41,0.5,152,100.0,245,0,0,407,98,1,0.0,19.5,21,0.0,0.0,0.0,19.5,0.0,0.0,0.0,19.5,8.61,69,22601.0,15,1113,1757,2375,3481,0,2,418,141,279,273,242,266,136,506,93,19,43,215,377,471,71,0.786
Course 12,132,75,1.76,0.33,57,99.14,72,0,0,117,68,1,0.0,37.75,39,0.0,0.0,0.0,37.75,0.0,0.0,0.0,37.75,8.1,34,1850.0,11,357,405,813,1211,0,2,55,0,42,258,9,39,0,221,187,0,343,31,24,0,54,0.596
Course 12,175,85,2.06,0.36,111,100.0,180,0,0,299,98,1,0.0,9.0,35,0.0,0.0,0.0,9.0,0.0,0.0,0.0,9.0,8.14,52,7624.0,15,740,1273,1999,2816,0,6,136,43,183,372,150,183,200,368,315,43,179,29,383,226,71,0.766
Course 12,134,47,2.85,0.21,29,100.0,59,0,0,66,45,1,0.0,40.0,17,0.0,0.0,0.0,40.0,0.0,0.0,0.0,40.0,6.43,21,2302.0,10,379,587,843,927,0,0,40,4,3,332,146,45,17,232,24,0,84,0,0,0,46,0.57
Course 12,125,47,2.66,0.2,68,100.0,29,0,0,53,46,1,0.0,54.58,35,0.0,0.0,0.0,54.58333,0.0,0.0,0.0,54.58333,7.16,14,1446.0,10,50,365,793,833,0,0,0,10,37,3,212,8,95,364,64,0,37,0,3,0,20,0.526
Course 12,431,140,3.08,0.59,345,99.39,166,0,0,662,98,1,0.0,40.75,51,0.0,0.0,0.0,40.75,0.0,0.0,0.0,40.75,7.71,85,32057.0,14,1753,3274,4988,6273,0,14,393,331,508,507,474,561,486,798,753,163,324,186,775,0,71,0.869
Course 12,149,83,1.8,0.37,42,100.0,14,0,0,54,39,1,0.0,50.0,48,0.0,0.0,0.0,50.0,0.0,0.0,0.0,50.0,4.75,27,1430.0,11,291,343,707,719,0,0,57,2,1,231,19,33,0,332,10,22,9,3,0,0,10,0.584
Course 12,181,84,2.15,0.36,108,100.0,90,0,0,160,98,1,0.0,40.0,55,0.0,0.0,0.0,40.0,0.0,0.0,0.0,40.0,6.2,46,3096.0,15,615,939,1445,2021,0,39,81,84,84,327,209,113,2,300,66,140,50,64,362,100,71,0.712
Course 12,84,40,2.1,0.17,22,99.07,74,0,0,46,36,1,0.0,50.0,25,0.0,0.0,0.0,50.0,0.0,0.0,0.0,50.0,5.16,14,420.0,8,209,270,712,721,0,0,6,88,0,115,57,0,4,442,0,0,1,0,8,0,71,0.457
Course 12,108,52,2.08,0.24,34,100.0,26,0,0,71,36,1,0.0,15.0,18,0.0,0.0,0.0,15.0,0.0,0.0,0.0,15.0,4.89,21,761.0,9,128,172,647,647,0,1,44,52,20,11,1,43,0,445,30,0,0,0,0,0,12,0.546
Course 12,172,67,2.57,0.29,98,100.0,131,0,0,48,41,1,0.0,47.0,35,0.0,0.0,0.0,47.0,0.0,0.0,0.0,47.0,7.83,27,2394.0,9,298,618,953,1000,0,0,83,53,30,132,127,53,140,269,66,0,0,0,47,0,48,0.516
Course 12,138,60,2.3,0.25,40,100.0,31,0,0,108,84,1,0.0,49.0,24,0.0,0.0,0.0,49.0,0.0,0.0,0.0,49.0,6.04,25,1672.0,11,337,521,825,1223,0,0,9,0,17,311,0,126,58,188,109,7,60,107,231,0,20,0.599
Course 12,160,83,1.93,0.35,39,100.0,59,0,0,87,75,1,0.0,47.75,39,0.0,0.0,0.0,47.75,0.0,0.0,0.0,47.75,8.14,28,843.0,13,262,311,900,1121,0,1,32,51,3,175,10,39,0,401,185,3,60,1,160,0,53,0.583
Course 12,164,63,2.6,0.27,41,100.0,52,0,0,72,56,1,0.0,60.0,52,0.0,0.0,0.0,60.0,0.0,0.0,0.0,60.0,4.51,22,663.0,10,146,417,887,889,0,0,55,0,10,81,56,212,3,463,6,1,0,0,2,0,46,0.538
Course 12,94,52,1.81,0.23,37,100.0,66,0,0,125,88,0,0.0,0.0,2,0.0,0.0,0.0,0.0,0.0,0.0,0.0,0.0,4.48,23,542.0,9,559,651,653,1353,0,19,69,42,42,387,0,92,0,0,0,2,0,259,441,0,58,0.514
Course 12,138,79,1.75,0.33,32,95.92,37,0,0,78,31,1,0.0,45.0,35,0.0,0.0,0.0,45.0,0.0,0.0,0.0,45.0,6.6,35,1921.0,12,317,438,841,878,0,0,44,63,64,146,62,2,57,356,33,14,2,0,0,35,18,0.561
Course 12,139,84,1.65,0.36,91,100.0,153,0,0,141,67,1,0.0,26.67,54,0.0,0.0,0.0,26.66667,0.0,0.0,0.0,26.66667,8.08,55,4887.0,15,516,1054,1950,2448,0,18,60,44,162,232,32,144,362,707,136,53,16,98,326,58,71,0.741
Course 12,166,79,2.1,0.34,118,100.0,147,0,0,126,82,1,0.0,35.0,54,0.0,0.0,0.0,35.0,0.0,0.0,0.0,35.0,6.4,42,5461.0,14,667,821,1556,1962,0,16,80,31,54,486,39,84,31,503,224,8,11,12,383,0,60,0.713
Course 12,108,55,1.96,0.24,39,100.0,20,0,0,62,49,1,0.0,54.0,47,0.0,0.0,0.0,54.0,0.0,0.0,0.0,54.0,5.9,26,1899.0,12,321,410,703,781,0,2,121,0,38,160,8,41,40,262,26,5,0,75,3,0,10,0.528
Course 12,43,23,1.87,0.12,10,100.0,3,0,0,46,44,1,0.0,35.0,35,0.0,0.0,0.0,35.0,0.0,0.0,0.0,35.0,4.98,3,215.0,1,0,0,522,522,0,0,0,0,0,0,0,0,0,522,0,0,0,0,0,0,2,0.942
Course 12,180,71,2.54,0.31,44,100.0,22,0,0,67,36,1,0.0,46.5,63,0.0,0.0,0.0,46.5,0.0,0.0,0.0,46.5,9.81,18,1380.0,11,135,191,708,711,6,14,20,7,87,1,0,18,38,517,0,0,0,1,2,0,7,0.425
Course 12,112,70,1.6,0.3,31,100.0,11,0,0,56,35,1,0.0,47.75,50,0.0,0.0,0.0,47.75,0.0,0.0,0.0,47.75,6.36,23,1516.0,11,208,274,661,680,0,0,4,60,3,141,29,32,5,387,0,0,5,1,13,0,7,0.493
Course 12,156,93,1.68,0.39,77,100.0,95,0,0,115,85,1,0.0,33.33,21,0.0,0.0,0.0,33.33333,0.0,0.0,0.0,33.33333,8.28,52,4658.0,15,492,715,1415,1890,0,1,68,65,14,344,141,67,15,298,235,167,176,106,193,0,52,0.713
Course 12,107,51,2.1,0.22,37,100.0,49,0,0,70,51,1,0.0,45.0,32,0.0,0.0,0.0,45.0,0.0,0.0,0.0,45.0,8.42,19,633.0,10,287,569,739,920,0,0,0,95,1,191,0,54,228,166,2,2,33,0,148,0,41,0.571
Course 12,167,87,1.92,0.37,58,100.0,103,0,0,115,82,1,0.0,44.17,63,0.0,0.0,0.0,44.16667,0.0,0.0,0.0,44.16667,6.49,42,3386.0,13,340,595,1106,1416,0,14,46,0,85,195,186,26,43,334,79,98,104,3,203,0,54,0.668
Course 12,267,107,2.5,0.45,143,100.0,129,0,0,159,57,1,0.0,50.0,56,0.0,0.0,0.0,50.0,0.0,0.0,0.0,50.0,8.29,47,11245.0,15,528,1030,1726,1881,0,9,82,41,137,259,240,130,132,524,125,47,17,1,107,30,47,0.694
Course 12,130,57,2.28,0.24,44,100.0,5,0,0,106,80,1,0.0,42.5,25,0.0,0.0,0.0,42.5,0.0,0.0,0.0,42.5,5.34,22,797.0,12,303,403,745,1049,0,0,6,63,5,229,0,78,22,236,103,3,30,36,238,0,4,0.589
Course 12,135,69,1.96,0.29,69,100.0,149,0,0,83,73,1,0.0,59.0,38,0.0,0.0,0.0,59.0,0.0,0.0,0.0,59.0,4.54,36,1374.0,13,347,958,1387,1566,0,0,42,7,140,158,339,196,76,243,181,5,78,7,94,0,71,0.687
Course 12,205,82,2.5,0.36,68,100.0,33,0,0,80,47,1,0.0,33.0,29,0.0,0.0,0.0,33.0,0.0,0.0,0.0,33.0,6.17,36,2444.0,14,423,526,1096,1158,0,1,105,54,119,144,22,73,8,503,66,1,27,27,8,0,32,0.629
Course 12,123,57,2.16,0.25,38,100.0,23,0,0,107,45,1,0.0,30.0,61,0.0,0.0,0.0,30.0,0.0,0.0,0.0,30.0,6.67,25,1937.0,13,286,447,1084,1160,0,1,30,89,7,159,1,87,73,589,42,6,66,10,0,0,14,0.59
Course 12,216,109,1.98,0.46,92,100.0,160,0,0,169,98,1,0.0,53.75,48,0.0,0.0,0.0,53.75,0.0,0.0,0.0,53.75,7.19,53,9403.0,15,492,937,1431,1812,0,2,77,76,126,211,113,126,206,364,31,99,12,2,83,284,71,0.702
Course 12,182,95,1.92,0.4,75,100.0,54,0,0,57,38,1,0.0,53.75,74,0.0,0.0,0.0,53.75,0.0,0.0,0.0,53.75,6.67,26,4300.0,12,380,534,912,955,0,0,79,55,1,245,64,77,13,238,139,1,8,0,35,0,38,0.569
Course 12,102,31,3.29,0.42,0,0.0,0,0,0,0,0,0,0.0,0.0,0,0.0,0.0,0.0,0.0,0.0,0.0,0.0,0.0,0.0,0,0.0,0,0,0,0,0,0,0,0,0,0,0,0,0,0,0,0,0,0,0,0,0,0,0.0
Course 12,81,32,2.53,0.15,16,100.0,75,0,0,48,36,1,0.0,35.0,31,0.0,0.0,0.0,35.0,0.0,0.0,0.0,35.0,4.76,8,340.0,6,2,556,804,808,0,0,0,2,0,0,0,551,3,239,9,0,4,0,0,0,71,0.457
Course 12,147,74,1.99,0.31,121,100.0,91,0,0,147,98,1,0.0,35.0,48,0.0,0.0,0.0,35.0,0.0,0.0,0.0,35.0,8.71,35,7888.0,13,342,871,1309,1979,0,1,102,71,5,163,43,23,463,342,96,0,25,0,160,485,69,0.659
Course 12,200,81,2.47,0.34,86,100.0,74,0,0,136,88,1,0.0,47.5,74,0.0,0.0,0.0,47.5,0.0,0.0,0.0,47.5,8.15,37,5124.0,13,558,685,1365,1745,0,2,39,81,214,222,28,83,16,590,90,0,64,0,315,1,47,0.648
Course 12,225,97,2.32,0.41,122,100.0,134,0,0,125,81,1,0.0,29.17,30,0.0,0.0,0.0,29.16667,0.0,0.0,0.0,29.16667,6.01,55,6626.0,14,685,964,1810,2139,6,34,175,117,223,130,109,141,29,576,98,172,38,112,179,0,58,0.733
Course 12,149,71,2.1,0.3,67,100.0,73,0,0,112,86,1,0.0,45.0,37,0.0,0.0,0.0,45.0,0.0,0.0,0.0,45.0,5.0,27,1331.0,11,375,462,819,1134,0,6,28,49,42,250,36,44,7,152,205,0,0,0,315,0,58,0.536
Course 12,64,32,2.0,0.14,65,100.0,45,0,0,41,35,1,0.0,35.0,28,0.0,0.0,0.0,35.0,0.0,0.0,0.0,35.0,5.8,9,524.0,7,172,402,650,668,0,0,0,21,1,150,205,0,25,248,0,0,5,13,0,0,34,0.442
Course 12,65,33,1.97,0.14,13,100.0,0,0,0,41,36,1,0.0,35.0,33,0.0,0.0,0.0,35.0,0.0,0.0,0.0,35.0,9.29,9,329.0,7,33,128,415,425,0,0,2,0,0,31,87,8,0,287,0,0,9,0,1,0,0,0.358
Course 12,111,41,2.71,0.18,32,100.0,27,0,0,86,69,1,0.0,48.75,54,0.0,0.0,0.0,48.75,0.0,0.0,0.0,48.75,5.42,16,948.0,9,22,294,696,1021,0,0,0,18,4,0,35,237,0,320,70,12,19,0,306,0,10,0.55
Course 12,221,92,2.4,0.39,100,100.0,152,0,0,109,57,1,0.0,39.0,44,0.0,0.0,0.0,39.0,0.0,0.0,0.0,39.0,7.25,44,8548.0,14,401,890,1314,1469,0,1,121,23,92,164,32,152,305,241,155,28,68,10,77,0,50,0.69
Course 12,266,77,3.45,0.34,75,100.0,53,0,0,41,39,1,0.0,48.75,28,0.0,0.0,0.0,48.75,0.0,0.0,0.0,48.75,9.77,21,1545.0,11,297,392,688,689,0,8,38,20,1,230,34,39,22,295,1,0,0,1,0,0,37,0.473
Course 12,128,68,1.88,0.29,37,100.0,54,0,0,61,45,1,0.0,48.75,24,0.0,0.0,0.0,48.75,0.0,0.0,0.0,48.75,8.69,16,669.0,10,378,429,747,750,0,0,94,3,6,275,19,32,0,314,4,0,1,0,2,0,42,0.478
Course 12,188,88,2.14,0.38,91,100.0,68,0,0,179,43,1,0.0,45.0,47,0.0,0.0,0.0,45.0,0.0,0.0,0.0,45.0,8.21,35,4434.0,13,538,1182,1703,1746,0,0,119,75,116,228,522,44,78,406,114,1,1,39,3,0,37,0.696
Course 12,98,48,2.04,0.22,28,100.0,33,0,0,66,47,1,0.0,24.0,44,0.0,0.0,0.0,24.0,0.0,0.0,0.0,24.0,9.15,16,1117.0,9,312,419,729,827,0,0,28,0,0,284,0,74,33,278,32,0,98,0,0,0,16,0.52
Course 12,286,120,2.38,0.5,186,100.0,154,0,0,239,98,1,0.0,39.17,56,0.0,0.0,0.0,39.16667,0.0,0.0,0.0,39.16667,7.71,67,13424.0,15,611,1108,1790,2516,0,41,159,85,122,204,251,181,65,427,224,31,248,82,165,231,69,0.78
Course 12,263,104,2.53,0.44,199,100.0,110,0,0,341,80,1,0.0,37.0,41,0.0,0.0,0.0,37.0,0.0,0.0,0.0,37.0,8.15,69,21144.0,15,1151,1673,2820,3443,0,21,148,165,230,587,394,70,58,604,269,274,256,177,180,10,60,0.81
Course 12,87,42,2.07,0.19,24,100.0,36,0,0,35,31,1,0.0,45.0,48,0.0,0.0,0.0,45.0,0.0,0.0,0.0,45.0,5.04,12,423.0,9,82,155,565,567,0,0,0,2,1,79,49,11,13,374,36,0,2,0,0,0,32,0.519
Course 12,227,92,2.47,0.39,129,97.47,56,0,0,349,48,1,0.0,42.25,46,0.0,0.0,0.0,42.25,0.0,0.0,0.0,42.25,8.94,53,11122.0,15,1211,1866,2986,3178,0,3,41,77,65,1025,297,130,228,982,113,25,96,7,87,2,32,0.77
Course 12,240,102,2.35,0.43,104,100.0,126,0,0,110,85,1,0.0,45.0,55,0.0,0.0,0.0,45.0,0.0,0.0,0.0,45.0,5.66,37,1990.0,14,526,792,1384,1685,0,1,145,56,115,209,21,111,134,411,161,20,57,66,178,0,71,0.68
Course 12,134,75,1.79,0.31,73,100.0,49,0,0,131,69,1,0.0,47.0,59,0.0,0.0,0.0,47.0,0.0,0.0,0.0,47.0,7.35,40,5640.0,15,614,759,1402,1580,0,2,41,24,95,452,43,88,14,423,90,130,52,12,86,28,35,0.675
Course 12,171,96,1.78,0.41,102,98.98,79,0,0,170,61,1,0.0,27.0,57,0.0,0.0,0.0,27.0,0.0,0.0,0.0,27.0,7.43,46,6902.0,15,738,1245,2129,2365,0,25,92,42,61,518,167,126,214,721,105,58,135,47,52,2,38,0.732
Course 12,238,83,2.87,0.35,62,100.0,63,0,0,50,47,1,0.0,29.0,34,0.0,0.0,0.0,29.0,0.0,0.0,0.0,29.0,6.42,26,1163.0,11,164,482,751,784,0,0,2,67,46,49,19,205,94,251,15,3,0,0,33,0,35,0.541
Course 12,15,9,1.67,0.6,24,100.0,23,0,0,47,20,0,0.0,0.0,0,0.0,0.0,0.0,0.0,0.0,0.0,0.0,0.0,8.02,8,2171.0,2,0,0,0,395,0,0,0,0,0,0,0,0,0,0,0,0,0,59,336,0,18,0.774
Course 12,17,8,2.13,0.53,22,100.0,68,0,0,10,3,0,0.0,0.0,0,0.0,0.0,0.0,0.0,0.0,0.0,0.0,0.0,6.69,7,1100.0,2,0,0,0,265,0,0,0,0,0,0,0,0,0,0,0,0,0,111,154,0,24,0.732
Course 12,10,7,1.43,0.5,13,100.0,20,0,0,0,0,0,0.0,0.0,0,0.0,0.0,0.0,0.0,0.0,0.0,0.0,0.0,8.43,6,671.0,2,0,0,0,88,0,0,0,0,0,0,0,0,0,0,0,0,2,48,38,0,12,0.582
Course 12,3,3,1.0,0.38,13,100.0,11,0,0,0,0,0,0.0,0.0,0,0.0,0.0,0.0,0.0,0.0,0.0,0.0,0.0,7.69,3,14.0,2,0,0,0,39,0,0,0,0,0,0,0,0,0,0,0,0,0,24,15,0,4,0.539
Course 12,1,1,1.0,1.0,1,100.0,1,0,0,0,0,0,0.0,0.0,1,0.0,0.0,0.0,0.0,0.0,0.0,0.0,0.0,6.87,1,6.0,1,0,0,0,11,0,0,0,0,0,0,0,0,0,0,0,0,0,0,11,0,1,1.0
Course 12,7,5,1.4,0.31,9,100.0,7,0,0,0,0,0,0.0,0.0,2,0.0,0.0,0.0,0.0,0.0,0.0,0.0,0.0,10.07,4,569.0,3,0,0,0,43,0,0,0,0,0,0,0,0,0,0,0,0,0,6,37,0,5,0.5
Course 14,176,99,1.78,0.42,60,99.33,130,0,0,154,96,1,0.0,48.33,36,0.0,0.0,0.0,48.33333,0.0,0.0,0.0,48.33333,5.92,38,5476.0,13,527,785,1207,1674,0,1,180,114,89,143,130,58,70,246,116,60,199,1,267,0,71,0.698
Course 14,49,31,1.58,0.14,19,100.0,44,0,0,47,45,1,0.0,43.33,36,0.0,0.0,0.0,43.33333,0.0,0.0,0.0,43.33333,5.45,10,421.0,8,163,351,516,677,0,6,2,6,149,0,1,187,0,156,9,0,161,0,0,0,42,0.481
Course 14,142,85,1.67,0.36,87,100.0,97,0,0,226,98,1,0.0,44.75,42,0.0,0.0,0.0,44.75,0.0,0.0,0.0,44.75,7.21,42,4374.0,14,676,1214,1875,2402,0,18,167,126,129,236,157,166,215,303,326,32,131,9,387,0,71,0.725
Course 14,65,42,1.55,0.2,20,94.59,1,0,0,51,36,1,0.0,20.0,33,0.0,0.0,0.0,20.0,0.0,0.0,0.0,20.0,5.77,14,498.0,7,129,224,495,532,0,0,2,0,125,2,1,94,0,183,88,0,37,0,0,0,1,0.463
Course 14,143,76,1.88,0.32,116,100.0,96,0,0,188,93,1,0.0,29.0,96,0.0,0.0,0.0,29.0,0.0,0.0,0.0,29.0,10.92,40,2512.0,14,611,916,1296,1919,0,45,43,187,174,162,115,60,130,258,28,94,44,10,569,0,71,0.701
Course 14,203,98,2.07,0.42,110,100.0,194,0,0,293,98,1,0.0,45.0,99,0.0,0.0,0.0,45.0,0.0,0.0,0.0,45.0,8.73,54,8186.0,16,742,1576,2440,3165,1,13,157,130,170,271,124,124,586,507,281,76,79,1,645,0,69,0.762
Course 14,114,61,1.87,0.26,59,98.91,89,0,0,96,54,1,0.0,46.5,42,0.0,0.0,0.0,46.5,0.0,0.0,0.0,46.5,4.7,32,3298.0,12,532,646,1004,1160,0,58,81,147,175,71,33,81,0,289,66,3,102,1,53,0,39,0.614
Course 14,91,64,1.42,0.27,45,100.0,44,0,0,80,62,1,0.0,48.0,28,0.0,0.0,0.0,48.0,0.0,0.0,0.0,48.0,6.62,35,1109.0,13,369,620,844,940,0,1,17,85,180,86,28,75,148,134,89,1,85,2,9,0,39,0.585
Course 14,166,84,1.98,0.36,105,100.0,187,0,0,271,74,1,0.0,15.0,93,0.0,0.0,0.0,15.0,0.0,0.0,0.0,15.0,6.82,46,6324.0,13,771,1388,2096,2526,0,0,68,163,297,243,143,210,264,381,290,37,313,17,100,0,53,0.756
Course 14,101,67,1.51,0.28,34,100.0,22,0,0,50,31,1,0.0,15.0,27,0.0,0.0,0.0,15.0,0.0,0.0,0.0,15.0,6.46,37,904.0,13,267,311,564,635,0,13,12,97,112,33,21,7,16,198,47,8,4,0,67,0,11,0.519
Course 14,166,91,1.82,0.39,101,99.3,182,0,0,169,74,1,0.0,31.0,50,0.0,0.0,0.0,31.0,0.0,0.0,0.0,31.0,8.36,47,7555.0,15,794,1296,1801,2228,0,3,195,136,246,214,178,58,266,300,177,28,29,12,386,0,70,0.734
Course 14,105,49,2.14,0.21,30,100.0,123,0,0,83,76,1,0.0,50.0,32,0.0,0.0,0.0,50.0,0.0,0.0,0.0,50.0,6.14,22,1373.0,12,263,452,895,1100,0,0,21,0,112,130,12,121,56,313,129,1,68,72,65,0,53,0.578
Course 14,280,115,2.43,0.49,180,100.0,306,0,0,308,98,1,0.0,50.0,65,0.0,0.0,0.0,50.0,0.0,0.0,0.0,50.0,10.32,62,20797.0,15,889,2286,3125,4020,0,54,160,265,153,257,193,148,1056,514,193,132,191,140,564,0,71,0.82
Course 14,152,80,1.9,0.34,67,100.0,133,0,0,129,98,1,0.0,57.5,42,0.0,0.0,0.0,57.5,0.0,0.0,0.0,57.5,9.89,41,3591.0,13,249,354,765,1583,0,0,31,64,117,37,16,44,45,207,136,68,441,158,219,0,71,0.667
Course 14,160,92,1.74,0.39,73,100.0,58,0,0,185,64,1,0.0,0.0,52,0.0,0.0,0.0,0.0,0.0,0.0,0.0,0.0,7.16,48,6378.0,14,594,991,1379,1574,0,6,50,176,223,139,47,142,208,318,70,0,30,8,157,0,36,0.666
Course 14,137,72,1.9,0.31,95,100.0,53,0,0,66,53,1,0.0,27.5,41,0.0,0.0,0.0,27.5,0.0,0.0,0.0,27.5,6.48,35,4347.0,12,327,464,978,1022,0,14,14,115,98,86,76,25,36,390,124,0,13,5,26,0,19,0.613
Course 14,98,49,2.0,0.21,53,100.0,2,0,0,91,79,1,0.0,25.0,28,0.0,0.0,0.0,25.0,0.0,0.0,0.0,25.0,5.69,23,953.0,11,142,168,700,923,0,0,27,24,82,9,7,19,0,249,283,0,109,3,111,0,1,0.542
Course 14,241,97,2.48,0.41,151,100.0,255,0,0,112,45,1,0.0,40.25,81,0.0,0.0,0.0,40.25,0.0,0.0,0.0,40.25,9.17,51,11944.0,15,645,1211,1586,1724,0,14,74,215,167,175,49,319,198,289,54,32,21,3,114,0,39,0.721
Course 14,207,94,2.2,0.4,95,100.0,125,0,0,108,74,1,0.0,34.0,62,0.0,0.0,0.0,34.0,0.0,0.0,0.0,34.0,7.1,46,4828.0,14,664,978,1459,1849,0,2,175,58,210,219,64,54,196,343,135,3,183,78,129,0,55,0.714
Course 14,219,95,2.31,0.41,85,100.0,85,0,0,152,81,1,0.0,42.5,50,0.0,0.0,0.0,42.5,0.0,0.0,0.0,42.5,10.24,49,12215.0,14,550,1017,1682,2007,0,16,75,198,154,107,51,97,319,350,95,220,193,93,39,0,56,0.736
Course 14,163,87,1.87,0.37,73,100.0,33,0,0,273,73,1,0.0,35.0,41,0.0,0.0,0.0,35.0,0.0,0.0,0.0,35.0,7.27,51,6427.0,14,446,800,1609,2044,0,19,39,125,167,96,64,159,131,426,304,79,256,47,132,0,18,0.74
Course 14,114,77,1.48,0.33,15,98.73,56,0,0,442,56,1,0.0,44.0,29,0.0,0.0,0.0,44.0,0.0,0.0,0.0,44.0,5.26,45,6507.0,14,1099,1504,2089,2469,0,13,317,248,175,346,181,135,89,396,100,89,193,136,51,0,27,0.736
Course 14,119,54,2.2,0.23,77,100.0,32,0,0,68,41,1,0.0,48.75,31,0.0,0.0,0.0,48.75,0.0,0.0,0.0,48.75,5.42,28,1870.0,11,396,503,882,888,0,0,13,55,216,112,20,79,8,157,214,8,0,3,3,0,30,0.557
Course 14,142,76,1.87,0.32,61,100.0,110,0,0,94,60,1,0.0,47.5,63,0.0,0.0,0.0,47.5,0.0,0.0,0.0,47.5,5.4,40,6056.0,14,434,634,1070,1158,0,77,64,63,128,102,24,70,106,305,26,105,71,2,15,0,35,0.65
Course 14,126,75,1.68,0.32,56,99.13,70,0,0,115,68,1,0.0,49.0,33,0.0,0.0,0.0,49.0,0.0,0.0,0.0,49.0,7.62,42,3502.0,14,311,730,1064,1325,0,1,36,57,167,50,39,96,284,231,101,2,222,25,14,0,54,0.64
Course 14,66,39,1.69,0.17,23,100.0,17,0,0,88,72,1,0.0,57.08,42,0.0,0.0,0.0,57.08333,0.0,0.0,0.0,57.08333,4.85,12,1241.0,11,126,347,681,806,0,0,12,114,0,0,118,88,15,93,0,241,120,5,0,0,8,0.496
Course 14,180,86,2.09,0.36,95,100.0,64,0,0,119,97,1,0.0,25.0,32,0.0,0.0,0.0,25.0,0.0,0.0,0.0,25.0,9.69,45,11048.0,16,362,801,967,1394,3,2,131,88,97,41,102,18,319,144,16,6,5,79,343,0,37,0.643
Course 14,85,54,1.57,0.23,41,99.24,65,0,0,102,82,1,0.0,24.0,39,0.0,0.0,0.0,24.0,0.0,0.0,0.0,24.0,5.45,27,783.0,12,245,413,813,1217,0,0,18,54,150,23,13,155,0,265,134,1,177,15,212,0,53,0.62
Course 14,181,74,2.45,0.32,90,100.0,164,0,0,105,66,1,0.0,38.25,20,0.0,0.0,0.0,38.25,0.0,0.0,0.0,38.25,5.49,40,2690.0,13,473,854,1178,1426,0,38,75,77,209,74,106,99,176,276,47,1,27,58,163,0,43,0.658
Course 14,167,81,2.06,0.34,123,100.0,182,0,0,72,28,1,0.0,38.5,32,0.0,0.0,0.0,38.5,0.0,0.0,0.0,38.5,6.84,42,4432.0,14,459,733,1066,1155,0,0,98,94,119,148,44,25,205,149,159,25,12,7,70,0,37,0.656
Course 14,151,81,1.86,0.34,120,100.0,75,0,0,310,59,1,0.0,41.33,58,0.0,0.0,0.0,41.33333,0.0,0.0,0.0,41.33333,5.51,48,4876.0,15,1051,1414,2121,2340,0,60,274,282,154,281,110,156,97,509,185,13,106,57,56,0,43,0.73
Course 14,212,101,2.1,0.43,161,98.35,146,0,0,169,74,1,0.0,50.0,66,0.0,0.0,0.0,50.0,0.0,0.0,0.0,50.0,7.23,58,11540.0,14,685,1144,1910,2397,9,24,54,280,213,105,156,126,177,432,244,90,71,41,375,0,50,0.754
Course 14,103,68,1.51,0.29,47,100.0,16,0,0,54,40,1,0.0,46.25,36,0.0,0.0,0.0,46.25,0.0,0.0,0.0,46.25,5.1,38,1580.0,12,247,316,704,747,0,1,52,48,105,41,19,50,0,313,65,10,37,0,6,0,12,0.554
Course 14,158,75,2.11,0.32,70,100.0,32,0,0,96,67,1,0.0,49.0,29,0.0,0.0,0.0,49.0,0.0,0.0,0.0,49.0,6.37,40,2526.0,13,506,606,1014,1144,0,0,127,83,150,146,66,21,13,194,213,1,106,0,24,0,14,0.635
Course 14,142,80,1.78,0.34,81,98.85,134,0,0,77,49,1,0.0,39.0,44,0.0,0.0,0.0,39.0,0.0,0.0,0.0,39.0,8.7,50,9190.0,14,451,733,1163,1276,0,6,47,66,196,136,73,35,174,326,95,9,75,12,26,0,40,0.693
Course 14,112,74,1.51,0.32,51,100.0,82,0,0,73,44,1,0.0,42.0,50,0.0,0.0,0.0,42.0,0.0,0.0,0.0,42.0,8.1,35,1978.0,13,393,865,1045,1066,0,3,122,48,182,38,41,24,407,157,23,0,15,0,6,0,47,0.58
Course 14,128,59,2.17,0.25,51,100.0,55,0,0,136,77,1,0.0,50.0,50,0.0,0.0,0.0,50.0,0.0,0.0,0.0,50.0,7.79,35,4256.0,13,460,894,1196,1525,0,0,80,75,122,183,83,150,201,260,42,0,93,10,226,0,26,0.634
Course 14,215,80,2.69,0.34,131,100.0,73,0,0,140,95,1,0.0,24.33,56,0.0,0.0,0.0,24.33333,0.0,0.0,0.0,24.33333,5.59,41,2701.0,12,546,782,1419,1896,0,68,151,63,108,156,28,108,100,461,154,22,134,120,223,0,49,0.693
Course 14,144,58,2.48,0.25,41,100.0,106,0,0,94,64,1,0.0,35.0,69,0.0,0.0,0.0,35.0,0.0,0.0,0.0,35.0,7.02,29,2527.0,11,473,859,1407,1527,0,0,48,204,112,109,85,43,258,404,144,0,2,12,106,0,71,0.613
Course 14,142,82,1.73,0.35,59,98.57,74,0,0,138,48,1,0.0,33.0,42,0.0,0.0,0.0,33.0,0.0,0.0,0.0,33.0,8.26,39,6686.0,12,390,838,1268,1393,0,7,46,101,81,155,40,84,324,300,101,29,99,0,26,0,27,0.634
Course 14,181,83,2.18,0.35,82,100.0,118,0,0,185,83,1,0.0,47.5,56,0.0,0.0,0.0,47.5,0.0,0.0,0.0,47.5,7.91,46,9457.0,15,594,1003,1327,1766,0,22,149,137,136,150,14,107,288,178,144,2,78,15,346,0,33,0.685
Course 14,257,109,2.36,0.47,127,99.39,160,0,0,266,97,1,0.0,46.33,60,0.0,0.0,0.0,46.33333,0.0,0.0,0.0,46.33333,8.7,49,10313.0,15,646,1447,2290,2801,9,11,153,102,238,133,276,143,382,343,455,45,114,31,366,0,71,0.742
Course 14,114,70,1.63,0.3,51,100.0,37,0,0,48,35,1,0.0,35.0,70,0.0,0.0,0.0,35.0,0.0,0.0,0.0,35.0,4.79,37,815.0,13,256,274,738,744,0,23,60,45,72,56,12,5,1,453,7,4,2,1,3,0,33,0.558
Course 14,202,83,2.43,0.35,79,99.11,126,0,0,111,63,1,0.0,49.0,56,0.0,0.0,0.0,49.0,0.0,0.0,0.0,49.0,7.85,41,6079.0,15,718,1211,1687,1746,17,70,205,143,191,92,84,24,385,302,90,84,21,0,38,0,53,0.657
Course 14,200,103,1.94,0.44,87,99.19,60,0,0,201,98,1,0.0,49.0,45,0.0,0.0,0.0,49.0,0.0,0.0,0.0,49.0,8.19,52,7458.0,15,719,1105,1532,2062,9,0,201,167,194,148,74,44,268,243,181,3,36,9,485,0,34,0.711
Course 14,161,75,2.15,0.32,73,100.0,117,0,0,125,47,1,0.0,48.0,59,0.0,0.0,0.0,48.0,0.0,0.0,0.0,48.0,8.03,40,5936.0,14,539,1236,1700,1824,0,5,44,146,220,124,126,137,434,460,4,0,110,7,7,0,33,0.673
Course 14,123,78,1.58,0.33,52,98.78,49,0,0,93,62,1,0.0,45.0,44,0.0,0.0,0.0,45.0,0.0,0.0,0.0,45.0,6.54,44,2673.0,14,358,438,948,1083,0,22,45,112,85,94,15,33,32,295,83,132,100,19,16,0,22,0.653
Course 14,133,72,1.85,0.31,133,93.26,50,0,0,67,48,1,0.0,50.0,34,0.0,0.0,0.0,50.0,0.0,0.0,0.0,50.0,7.61,41,2029.0,14,352,718,970,1022,0,34,68,1,239,10,26,12,328,236,14,2,15,10,27,0,42,0.626
Course 14,216,97,2.23,0.41,83,100.0,124,0,0,187,98,1,0.0,46.33,40,0.0,0.0,0.0,46.33333,0.0,0.0,0.0,46.33333,6.69,47,9602.0,14,556,1114,1765,2332,0,1,67,147,189,152,167,137,254,285,227,139,181,4,382,0,71,0.726
Course 14,153,84,1.82,0.36,72,100.0,115,0,0,105,80,1,0.0,50.0,54,0.0,0.0,0.0,50.0,0.0,0.0,0.0,50.0,6.23,43,2327.0,14,507,810,1260,1566,0,15,138,93,174,87,61,98,144,264,115,71,115,1,190,0,53,0.676
Course 14,172,94,1.83,0.4,88,99.21,124,0,0,191,73,1,0.0,48.0,67,0.0,0.0,0.0,48.0,0.0,0.0,0.0,48.0,8.65,50,11600.0,15,658,1174,1917,2425,6,23,168,122,172,167,56,131,329,424,167,152,184,9,315,0,62,0.735
Course 14,148,77,1.92,0.33,62,100.0,30,0,0,161,60,1,0.0,30.0,60,0.0,0.0,0.0,30.0,0.0,0.0,0.0,30.0,8.18,44,10756.0,14,584,1203,1711,1876,0,44,67,147,122,204,67,115,437,336,13,159,20,1,144,0,19,0.709
Course 14,320,116,2.76,0.49,89,99.39,171,0,0,404,98,1,0.0,21.67,69,0.0,0.0,0.0,21.66667,0.0,0.0,0.0,21.66667,8.41,52,11398.0,14,1278,1701,2487,3613,0,33,477,168,391,209,50,186,187,633,140,13,79,24,1023,0,71,0.795
Course 14,106,56,1.89,0.24,62,100.0,3,0,0,60,47,1,0.0,50.0,28,0.0,0.0,0.0,50.0,0.0,0.0,0.0,50.0,4.72,33,971.0,12,128,151,638,658,0,3,4,12,103,6,4,19,0,444,32,11,7,6,7,0,2,0.553
Course 14,95,50,1.9,0.22,38,98.63,55,0,0,54,46,1,0.0,47.75,53,0.0,0.0,0.0,47.75,0.0,0.0,0.0,47.75,8.0,22,2961.0,11,177,410,785,852,0,0,11,99,66,1,0,27,206,298,25,52,4,63,0,0,27,0.579
Course 14,278,98,2.84,0.42,71,100.0,110,0,0,109,97,1,0.0,46.33,59,0.0,0.0,0.0,46.33333,0.0,0.0,0.0,46.33333,8.26,36,5698.0,13,406,514,891,1529,0,0,53,103,86,164,52,44,12,337,23,17,85,0,553,0,71,0.653
Course 14,80,55,1.45,0.24,24,100.0,24,0,0,48,41,1,0.0,44.17,40,0.0,0.0,0.0,44.16667,0.0,0.0,0.0,44.16667,6.11,21,577.0,12,211,273,437,601,0,5,41,38,0,127,31,26,5,162,0,2,15,149,0,0,15,0.49
Course 14,113,63,1.79,0.27,60,100.0,88,0,0,112,83,1,0.0,25.0,54,0.0,0.0,0.0,25.0,0.0,0.0,0.0,25.0,7.37,37,1966.0,14,411,562,988,1436,0,9,132,38,123,109,58,87,6,391,34,1,17,0,431,0,58,0.631
Course 14,59,39,1.51,0.18,36,100.0,33,0,0,11,10,1,0.0,48.33,26,0.0,0.0,0.0,48.33333,0.0,0.0,0.0,48.33333,6.57,14,604.0,8,123,214,340,352,0,0,0,0,110,13,12,12,67,108,18,0,12,0,0,0,15,0.481
Course 14,213,102,2.09,0.43,100,99.2,74,0,0,227,76,1,0.0,50.0,53,0.0,0.0,0.0,50.0,0.0,0.0,0.0,50.0,8.95,56,11077.0,15,599,918,1690,2136,1,0,71,77,208,242,48,73,198,443,193,136,276,13,157,0,53,0.726
Course 14,92,59,1.56,0.25,76,100.0,96,0,0,78,64,1,0.0,47.5,32,0.0,0.0,0.0,47.5,0.0,0.0,0.0,47.5,5.13,32,1715.0,13,336,483,818,1119,0,0,32,44,165,95,6,118,23,293,21,21,101,148,52,0,54,0.631
Course 14,130,87,1.49,0.37,73,100.0,105,0,0,149,98,1,0.0,27.33,56,0.0,0.0,0.0,27.33333,0.0,0.0,0.0,27.33333,8.65,48,6037.0,16,386,706,1253,1793,1,26,55,66,104,134,67,49,204,329,193,25,70,8,462,0,57,0.694
Course 14,128,80,1.6,0.34,60,100.0,150,0,0,127,40,1,0.0,43.08,43,0.0,0.0,0.0,43.08333,0.0,0.0,0.0,43.08333,5.49,41,4371.0,14,449,733,1117,1293,0,1,89,102,121,136,104,73,107,275,85,24,91,45,40,0,49,0.666
Course 14,164,79,2.08,0.33,93,100.0,77,0,0,133,76,1,0.0,35.0,56,0.0,0.0,0.0,35.0,0.0,0.0,0.0,35.0,10.01,38,3669.0,13,221,843,1310,1565,0,0,42,59,84,36,12,41,569,308,24,135,151,3,101,0,56,0.666
Course 14,156,73,2.14,0.31,64,100.0,47,0,0,84,53,1,0.0,45.0,52,0.0,0.0,0.0,45.0,0.0,0.0,0.0,45.0,5.34,34,1106.0,13,158,198,954,975,0,3,19,14,102,20,5,20,15,726,18,12,0,6,15,0,45,0.616
Course 14,100,55,1.82,0.24,44,100.0,154,0,0,114,98,1,0.0,45.0,42,0.0,0.0,0.0,45.0,0.0,0.0,0.0,45.0,6.78,23,1074.0,12,347,528,964,1432,0,0,16,1,324,6,35,41,105,408,28,0,77,35,356,0,71,0.613
Course 14,183,86,2.13,0.36,109,93.26,68,0,0,83,49,1,0.0,47.0,81,0.0,0.0,0.0,47.0,0.0,0.0,0.0,47.0,8.42,41,4328.0,14,363,777,1216,1283,0,1,54,94,98,116,66,0,348,382,54,3,35,5,27,0,41,0.655
Course 14,125,58,2.16,0.25,57,100.0,126,0,0,74,61,1,0.0,32.75,33,0.0,0.0,0.0,32.75,0.0,0.0,0.0,32.75,7.9,30,2803.0,12,205,649,959,1191,0,4,19,12,132,38,55,128,261,269,41,0,221,3,8,0,71,0.611
Course 14,137,75,1.83,0.32,80,94.83,22,0,0,71,49,1,0.0,30.0,39,0.0,0.0,0.0,30.0,0.0,0.0,0.0,30.0,8.38,40,3860.0,14,207,639,862,931,0,22,51,39,88,7,7,52,373,182,38,3,3,1,65,0,9,0.617
Course 14,154,81,1.9,0.34,142,100.0,191,0,0,195,93,1,0.0,45.0,54,0.0,0.0,0.0,45.0,0.0,0.0,0.0,45.0,8.53,48,10090.0,14,515,922,1869,2397,0,0,80,109,156,170,55,129,223,540,398,9,137,32,359,0,44,0.734
Course 14,123,55,2.24,0.24,26,100.0,118,0,0,151,40,1,0.0,30.0,31,0.0,0.0,0.0,30.0,0.0,0.0,0.0,30.0,9.34,33,5673.0,13,632,1053,1264,1297,0,16,2,3,320,291,9,16,396,196,9,6,30,0,3,0,38,0.637
Course 14,328,120,2.73,0.51,166,100.0,174,0,0,166,84,1,0.0,46.75,71,0.0,0.0,0.0,46.75,0.0,0.0,0.0,46.75,9.38,67,18411.0,15,772,1252,1930,2331,5,22,58,288,196,203,94,123,263,411,228,39,82,105,214,0,55,0.751
Course 14,121,54,2.24,0.23,31,100.0,87,0,0,128,98,1,0.0,47.75,55,0.0,0.0,0.0,47.75,0.0,0.0,0.0,47.75,5.58,23,1678.0,13,314,557,816,1452,0,1,22,102,89,100,9,108,126,206,53,0,34,197,405,0,69,0.6
Course 14,135,72,1.88,0.31,86,97.33,54,0,0,157,54,1,0.0,38.0,44,0.0,0.0,0.0,38.0,0.0,0.0,0.0,38.0,8.73,41,6024.0,13,230,637,1084,1375,0,15,79,78,1,57,56,70,281,290,97,60,60,8,223,0,27,0.651
Course 14,179,93,1.92,0.39,98,98.95,116,0,0,282,46,1,0.0,26.0,56,0.0,0.0,0.0,26.0,0.0,0.0,0.0,26.0,9.16,52,14286.0,14,1021,1569,1996,2117,0,0,336,341,243,101,86,70,392,298,101,28,50,20,51,0,51,0.743
Course 14,194,92,2.11,0.39,153,100.0,101,0,0,196,98,1,0.0,40.33,74,0.0,0.0,0.0,40.33333,0.0,0.0,0.0,40.33333,7.43,50,9177.0,15,667,1119,1598,2203,2,0,124,141,267,133,201,71,180,293,112,74,42,40,523,0,69,0.69
Course 14,207,98,2.11,0.42,127,100.0,121,0,0,247,98,1,0.0,37.75,93,0.0,0.0,0.0,37.75,0.0,0.0,0.0,37.75,7.96,53,9737.0,16,647,1089,1617,2402,2,82,138,41,274,110,47,189,206,496,31,1,304,16,465,0,71,0.725
Course 14,185,91,2.03,0.39,89,100.0,143,0,0,220,67,1,0.0,50.0,40,0.0,0.0,0.0,50.0,0.0,0.0,0.0,50.0,8.67,53,10609.0,13,720,1280,2089,2522,0,105,155,118,140,202,167,74,319,467,169,173,361,6,66,0,62,0.776
Course 14,126,85,1.48,0.36,19,100.0,85,0,0,252,52,1,0.0,36.33,36,0.0,0.0,0.0,36.33333,0.0,0.0,0.0,36.33333,9.35,55,11633.0,15,460,972,1483,2006,0,24,60,80,110,186,151,39,322,279,139,93,119,56,348,0,63,0.734
Course 14,179,95,1.88,0.4,91,100.0,70,0,0,161,77,1,0.0,48.0,49,0.0,0.0,0.0,48.0,0.0,0.0,0.0,48.0,8.86,53,10014.0,14,531,1009,1542,1910,0,11,126,58,138,198,67,90,321,289,189,55,105,15,248,0,34,0.736
Course 14,14,6,2.33,0.43,26,98.78,131,0,0,125,97,0,0.0,0.0,3,0.0,0.0,0.0,0.0,0.0,0.0,0.0,0.0,8.29,6,1028.0,3,0,0,0,1613,0,0,0,0,0,0,0,0,0,0,0,0,273,20,1320,0,71,0.863
Course 14,7,5,1.4,0.33,12,98.82,8,0,0,110,89,0,0.0,0.0,0,0.0,0.0,0.0,0.0,0.0,0.0,0.0,0.0,10.39,5,707.0,3,0,0,0,1042,0,0,0,0,0,0,0,0,0,0,0,0,34,0,1008,0,6,0.744
Course 14,8,4,2.0,0.33,10,100.0,0,0,0,1,1,0,0.0,0.0,0,0.0,0.0,0.0,0.0,0.0,0.0,0.0,0.0,8.81,2,5.0,2,0,0,0,21,0,0,0,0,0,0,0,0,0,0,0,0,0,21,0,0,0,0.479
Course 14,4,2,2.0,0.67,9,100.0,80,0,0,127,98,0,0.0,0.0,1,0.0,0.0,0.0,0.0,0.0,0.0,0.0,0.0,10.84,2,529.0,2,0,0,0,1200,0,0,0,0,0,0,0,0,0,0,0,0,0,0,1200,0,70,0.945
Course 14,0,0,0.0,0.0,0,0.0,0,0,0,0,0,0,0.0,0.0,0,0.0,0.0,0.0,0.0,0.0,0.0,0.0,0.0,0.0,0,0.0,0,0,0,0,0,0,0,0,0,0,0,0,0,0,0,0,0,0,0,0,0,0,0.0
Course 16,325,109,2.98,0.46,229,99.14,140,0,0,301,60,1,0.0,38.92,89,0.0,0.0,0.0,38.91667,0.0,0.0,0.0,38.91667,9.39,65,21826.0,14,1089,2217,3124,3726,0,1,160,229,100,599,323,337,468,528,351,28,157,232,213,0,58,0.808
Course 16,364,114,3.19,0.48,89,100.0,77,0,0,101,81,1,0.0,45.0,27,0.0,0.0,0.0,45.0,0.0,0.0,0.0,45.0,7.49,38,4706.0,13,256,886,1041,1322,0,0,22,0,2,232,189,158,283,125,21,9,70,78,133,0,58,0.659
Course 16,95,51,1.86,0.22,31,100.0,56,0,0,65,59,1,0.0,30.25,35,0.0,0.0,0.0,30.25,0.0,0.0,0.0,30.25,8.84,17,339.0,10,184,384,805,860,0,0,11,16,2,155,187,13,0,332,89,0,3,52,0,0,49,0.554
Course 16,104,69,1.51,0.29,44,100.0,66,0,0,102,63,1,0.0,25.5,50,0.0,0.0,0.0,25.5,0.0,0.0,0.0,25.5,7.88,31,2504.0,12,313,701,1184,1217,0,0,97,20,155,41,244,5,139,229,89,165,0,32,1,0,47,0.614
Course 16,36,18,2.0,0.09,13,98.85,44,0,0,74,45,1,0.0,18.0,19,0.0,0.0,0.0,18.0,0.0,0.0,0.0,18.0,14.04,7,932.0,3,19,52,899,899,0,0,0,0,19,0,0,0,33,684,163,0,0,0,0,0,42,0.511
Course 16,177,86,2.06,0.36,90,99.04,185,0,0,147,73,1,0.0,41.17,47,0.0,0.0,0.0,41.16667,0.0,0.0,0.0,41.16667,8.02,43,9324.0,14,318,720,1315,2018,0,0,69,116,64,69,93,189,120,446,137,12,299,316,88,0,35,0.725
Course 16,103,56,1.84,0.24,134,100.0,82,0,0,99,72,1,0.0,41.75,52,0.0,0.0,0.0,41.75,0.0,0.0,0.0,41.75,8.11,21,3388.0,12,335,891,1160,1413,0,0,43,136,79,77,210,61,285,159,101,9,165,9,79,0,58,0.617
Course 16,90,45,2.0,0.19,58,100.0,23,0,0,121,80,1,0.0,38.33,36,0.0,0.0,0.0,38.33333,0.0,0.0,0.0,38.33333,8.71,21,3496.0,12,359,619,812,1251,0,0,25,145,0,189,91,0,169,115,47,31,136,44,259,0,18,0.595
Course 16,28,12,2.33,0.05,4,100.0,63,0,0,72,70,1,0.0,36.25,45,0.0,0.0,0.0,36.25,0.0,0.0,0.0,36.25,7.62,3,188.0,3,136,136,274,922,0,0,0,0,136,0,0,0,0,138,0,0,648,0,0,0,53,0.434
Course 16,96,48,2.0,0.21,43,100.0,110,0,0,65,42,1,0.0,37.0,95,0.0,0.0,0.0,37.0,0.0,0.0,0.0,37.0,7.04,22,2254.0,11,282,677,1110,1135,0,0,32,0,21,229,309,46,40,308,123,2,10,8,7,0,58,0.598
Course 16,77,41,1.88,0.18,14,100.0,9,0,0,51,47,1,0.0,38.0,26,0.0,0.0,0.0,38.0,0.0,0.0,0.0,38.0,10.09,11,448.0,7,103,492,595,634,0,0,53,0,26,24,94,0,295,103,0,0,17,22,0,0,7,0.432
Course 16,96,49,1.96,0.21,34,99.09,52,0,0,85,73,1,0.0,25.0,27,0.0,0.0,0.0,25.0,0.0,0.0,0.0,25.0,6.5,22,1712.0,10,214,521,809,943,0,0,31,99,5,79,0,1,306,219,69,0,13,117,4,0,41,0.554
Course 16,79,44,1.8,0.19,95,100.0,5,0,0,91,76,1,0.0,37.5,26,0.0,0.0,0.0,37.5,0.0,0.0,0.0,37.5,7.87,18,1347.0,11,225,465,736,988,0,0,9,0,11,205,1,4,235,129,140,2,11,172,69,0,5,0.547
Course 16,50,27,1.85,0.14,102,100.0,3,0,0,87,76,1,0.0,18.33,32,0.0,0.0,0.0,18.33333,0.0,0.0,0.0,18.33333,13.28,10,992.0,5,406,725,871,871,0,0,15,0,0,391,319,0,0,146,0,0,0,0,0,0,3,0.566
Course 16,56,27,2.07,0.13,16,100.0,2,0,0,48,39,1,0.0,48.75,43,0.0,0.0,0.0,48.75,0.0,0.0,0.0,48.75,7.99,6,399.0,5,104,222,485,485,0,0,0,8,0,96,0,118,0,263,0,0,0,0,0,0,1,0.508
Course 16,101,67,1.51,0.28,45,100.0,51,0,0,100,42,1,0.0,17.92,55,0.0,0.0,0.0,17.91667,0.0,0.0,0.0,17.91667,7.36,34,2516.0,13,162,385,946,1113,0,1,26,64,2,69,67,88,68,235,196,130,29,66,72,0,42,0.632
Course 16,82,43,1.91,0.18,21,98.63,47,0,0,78,59,1,0.0,35.33,31,0.0,0.0,0.0,35.33333,0.0,0.0,0.0,35.33333,5.11,18,1202.0,13,153,239,747,820,0,0,62,79,10,2,3,27,56,402,53,53,62,8,3,0,15,0.561
Course 16,99,63,1.57,0.27,42,95.59,41,0,0,167,46,1,0.0,13.0,33,0.0,0.0,0.0,13.0,0.0,0.0,0.0,13.0,8.6,29,1854.0,13,321,569,1001,1255,0,0,109,16,0,196,128,47,73,236,165,31,103,63,88,0,29,0.64
Course 16,78,53,1.47,0.23,31,100.0,4,0,0,70,64,1,0.0,45.0,29,0.0,0.0,0.0,45.0,0.0,0.0,0.0,45.0,9.5,22,983.0,11,182,422,624,702,0,0,31,2,39,110,0,13,227,124,68,10,68,9,1,0,4,0.527
Course 16,42,13,3.23,0.08,13,0.0,0,0,0,0,0,1,0.0,0.0,34,0.0,0.0,0.0,0.0,0.0,0.0,0.0,0.0,6.42,1,109.0,1,0,0,103,103,0,0,0,0,0,0,0,0,0,103,0,0,0,0,0,0,0,1.0
Course 16,120,75,1.6,0.32,49,100.0,79,0,0,136,78,1,0.0,30.25,49,0.0,0.0,0.0,30.25,0.0,0.0,0.0,30.25,7.38,35,3463.0,13,416,731,1134,1526,0,9,157,20,158,72,90,55,170,339,56,8,150,126,116,0,57,0.678
Course 16,102,56,1.82,0.25,39,100.0,138,0,0,112,71,1,0.0,46.67,33,0.0,0.0,0.0,46.66667,0.0,0.0,0.0,46.66667,11.18,23,3240.0,10,414,814,970,1215,0,0,90,157,99,68,0,5,395,106,48,2,214,31,0,0,51,0.592
Course 16,97,46,2.11,0.2,41,100.0,19,0,0,81,71,1,0.0,27.5,45,0.0,0.0,0.0,27.5,0.0,0.0,0.0,27.5,5.48,23,1028.0,12,253,433,773,893,0,0,80,0,0,173,86,70,24,228,97,15,61,56,3,0,12,0.558
Course 16,99,63,1.57,0.28,46,100.0,118,0,0,142,74,1,0.0,36.5,50,0.0,0.0,0.0,36.5,0.0,0.0,0.0,36.5,5.22,33,2667.0,12,549,890,1368,1558,0,28,129,240,80,72,225,16,100,309,127,42,87,103,0,0,51,0.678
Course 16,102,43,2.37,0.18,24,100.0,99,0,0,118,98,1,0.0,25.75,27,0.0,0.0,0.0,25.75,0.0,0.0,0.0,25.75,9.87,19,1277.0,13,187,600,932,1357,0,0,19,55,103,10,0,38,375,152,124,56,11,146,268,0,65,0.577
Course 16,151,82,1.84,0.34,81,100.0,99,0,0,110,56,1,0.0,39.0,68,0.0,0.0,0.0,39.0,0.0,0.0,0.0,39.0,7.54,37,3226.0,13,311,715,1212,1400,0,0,44,31,4,232,1,362,41,240,253,4,109,51,28,0,58,0.675
Course 16,55,27,2.04,0.12,9,100.0,0,0,0,9,4,1,0.0,31.5,28,0.0,0.0,0.0,31.5,0.0,0.0,0.0,31.5,5.58,6,236.0,4,56,56,185,223,0,0,56,0,0,0,0,0,0,127,2,0,8,30,0,0,0,0.223
Course 16,90,49,1.84,0.21,37,100.0,74,0,0,85,70,1,0.0,36.25,32,0.0,0.0,0.0,36.25,0.0,0.0,0.0,36.25,8.05,23,1748.0,13,224,555,923,1076,0,0,36,0,80,108,80,105,146,123,188,57,140,0,13,0,53,0.605
Course 16,44,17,2.59,0.08,13,100.0,3,0,0,69,60,1,0.0,30.0,26,0.0,0.0,0.0,30.0,0.0,0.0,0.0,30.0,11.23,6,410.0,6,351,351,677,677,0,0,29,0,119,203,0,0,0,221,0,105,0,0,0,0,3,0.448
Course 16,47,23,2.04,0.1,16,100.0,81,0,0,103,87,1,0.0,22.5,26,0.0,0.0,0.0,22.5,0.0,0.0,0.0,22.5,7.31,9,344.0,6,140,155,1080,1228,0,0,0,0,140,0,0,0,15,441,482,2,16,2,130,0,71,0.546
Course 16,102,57,1.79,0.25,55,100.0,68,0,0,128,68,1,0.0,25.75,97,0.0,0.0,0.0,25.75,0.0,0.0,0.0,25.75,6.72,30,1253.0,12,356,693,1368,1519,0,9,132,96,119,0,263,67,7,427,240,8,132,19,0,0,49,0.676
Course 16,131,66,1.98,0.28,48,100.0,28,0,0,89,71,1,0.0,50.0,55,0.0,0.0,0.0,50.0,0.0,0.0,0.0,50.0,8.99,32,4100.0,13,300,541,756,943,3,0,27,20,14,236,83,12,146,148,67,0,127,26,34,0,13,0.561
Course 16,105,63,1.67,0.27,38,100.0,90,0,0,99,75,1,0.0,25.0,150,0.0,0.0,0.0,25.0,0.0,0.0,0.0,25.0,6.04,27,2790.0,12,234,302,1152,1436,0,0,11,29,180,14,8,36,24,527,280,43,188,76,20,0,53,0.668
Course 16,161,74,2.18,0.31,58,100.0,32,0,0,109,50,1,0.0,43.75,59,0.0,0.0,0.0,43.75,0.0,0.0,0.0,43.75,9.85,31,5231.0,13,275,756,1156,1247,0,0,123,9,112,31,68,74,339,250,126,24,86,0,5,0,18,0.625
Course 16,119,66,1.8,0.28,40,100.0,72,0,0,135,80,1,0.0,44.67,43,0.0,0.0,0.0,44.66667,0.0,0.0,0.0,44.66667,7.35,32,3760.0,13,284,634,1167,1467,0,0,73,73,101,37,88,88,174,196,230,107,113,178,9,0,47,0.671
Course 16,78,50,1.56,0.22,35,100.0,18,0,0,126,63,1,0.0,38.0,53,0.0,0.0,0.0,38.0,0.0,0.0,0.0,38.0,6.14,28,1736.0,11,319,559,937,1169,0,0,103,4,166,46,137,57,46,174,164,40,81,151,0,0,14,0.623
Course 16,241,100,2.41,0.42,82,100.0,112,0,0,563,81,1,0.0,25.75,84,0.0,0.0,0.0,25.75,0.0,0.0,0.0,25.75,9.87,50,19982.0,14,840,1764,2935,3624,0,0,179,209,213,239,265,516,143,564,390,217,264,136,289,0,58,0.784
Course 16,68,33,2.06,0.15,19,100.0,3,0,0,73,55,1,0.0,47.75,35,0.0,0.0,0.0,47.75,0.0,0.0,0.0,47.75,10.76,14,383.0,8,163,409,592,703,0,0,1,3,157,2,0,7,239,128,55,0,50,61,0,0,3,0.495
Course 16,73,47,1.55,0.2,32,100.0,8,0,0,91,73,1,0.0,20.25,40,0.0,0.0,0.0,20.25,0.0,0.0,0.0,20.25,5.77,19,1340.0,11,145,265,625,865,0,0,57,0,0,88,76,37,7,292,58,10,168,65,7,0,8,0.533
Course 16,103,61,1.69,0.27,49,100.0,65,0,0,67,46,1,0.0,43.0,42,0.0,0.0,0.0,43.0,0.0,0.0,0.0,43.0,8.64,31,2835.0,13,352,473,766,972,0,9,40,18,14,271,1,12,108,232,50,11,94,60,52,0,42,0.611
Course 16,64,40,1.6,0.17,32,100.0,117,0,0,134,90,1,0.0,26.5,23,0.0,0.0,0.0,26.5,0.0,0.0,0.0,26.5,8.05,21,1342.0,11,527,739,1250,1673,0,0,62,166,30,269,114,36,62,224,287,0,153,9,261,0,65,0.608
Course 16,119,60,1.98,0.25,129,100.0,71,0,0,72,58,1,0.0,41.33,53,0.0,0.0,0.0,41.33333,0.0,0.0,0.0,41.33333,9.44,24,2426.0,11,129,1087,1305,1355,0,0,79,18,0,32,188,110,660,150,62,6,36,12,2,0,44,0.587
Course 16,117,57,2.05,0.24,98,99.14,104,0,0,111,66,1,0.0,45.0,29,0.0,0.0,0.0,45.0,0.0,0.0,0.0,45.0,7.47,30,1350.0,12,446,754,1289,1400,0,15,143,67,45,176,185,91,32,247,115,173,91,18,2,0,54,0.634
Course 16,234,79,2.96,0.33,44,100.0,79,0,0,109,84,1,0.0,47.5,74,0.0,0.0,0.0,47.5,0.0,0.0,0.0,47.5,7.33,30,4449.0,12,259,722,986,1414,0,1,69,51,35,103,50,191,222,199,64,1,197,64,167,0,58,0.638
Course 16,175,81,2.16,0.34,67,100.0,142,0,0,118,89,1,0.0,26.5,47,0.0,0.0,0.0,26.5,0.0,0.0,0.0,26.5,11.08,31,4219.0,14,428,905,1228,1813,0,9,98,136,0,185,2,26,449,228,72,23,186,115,284,0,65,0.66
Course 16,143,71,2.01,0.31,70,100.0,104,0,0,200,72,1,0.0,39.0,101,0.0,0.0,0.0,39.0,0.0,0.0,0.0,39.0,10.92,38,5850.0,12,1025,1733,2049,2525,4,91,305,24,378,223,349,72,287,241,75,0,241,235,0,0,53,0.702
Course 16,55,22,2.5,0.1,13,100.0,10,0,0,56,56,1,0.0,36.5,18,0.0,0.0,0.0,36.5,0.0,0.0,0.0,36.5,7.46,6,772.0,3,110,362,445,498,0,0,0,0,20,90,0,0,252,83,0,0,53,0,0,0,9,0.377
Course 16,47,20,2.35,0.1,8,100.0,1,0,0,51,45,1,0.0,49.0,37,0.0,0.0,0.0,49.0,0.0,0.0,0.0,49.0,13.62,4,179.0,3,151,375,481,481,0,0,0,1,150,0,0,0,224,106,0,0,0,0,0,0,1,0.432
Course 16,100,63,1.59,0.27,56,100.0,78,0,0,92,70,1,0.0,37.25,52,0.0,0.0,0.0,37.25,0.0,0.0,0.0,37.25,5.64,38,1921.0,13,323,433,995,1164,0,5,79,86,3,150,55,46,9,385,167,10,74,94,1,0,54,0.624
Course 16,166,78,2.13,0.33,44,98.94,183,0,0,128,51,1,0.0,50.0,39,0.0,0.0,0.0,50.0,0.0,0.0,0.0,50.0,10.84,27,3460.0,11,185,845,1127,1463,0,0,23,152,10,0,7,509,144,172,110,0,14,55,267,0,43,0.605
Course 16,140,77,1.82,0.33,74,100.0,64,0,0,94,42,1,0.0,39.0,45,0.0,0.0,0.0,39.0,0.0,0.0,0.0,39.0,6.67,28,2678.0,12,115,347,928,1116,7,0,51,11,35,11,186,39,7,205,199,177,35,51,102,0,45,0.57
Course 16,125,68,1.84,0.29,48,100.0,66,0,0,94,64,1,0.0,45.0,32,0.0,0.0,0.0,45.0,0.0,0.0,0.0,45.0,9.01,25,1130.0,12,285,582,853,1062,0,0,28,22,84,151,17,163,117,132,123,16,120,8,81,0,47,0.592
Course 16,222,90,2.47,0.38,83,100.0,183,0,0,199,91,1,0.0,47.5,74,0.0,0.0,0.0,47.5,0.0,0.0,0.0,47.5,8.37,45,6470.0,15,572,1496,1948,2409,8,6,144,103,211,100,133,242,549,227,207,18,115,18,328,0,65,0.713
Course 16,103,62,1.66,0.27,60,99.09,622,0,0,85,71,1,0.0,45.0,70,0.0,0.0,0.0,45.0,0.0,0.0,0.0,45.0,6.21,32,2208.0,14,1152,1234,2036,2203,2,0,35,1070,6,39,5,28,49,415,351,36,103,41,23,0,43,0.676
Course 16,48,24,2.0,0.1,45,100.0,28,0,0,83,66,1,0.0,41.5,56,0.0,0.0,0.0,41.5,0.0,0.0,0.0,41.5,5.66,12,547.0,9,13,415,770,911,0,0,0,0,13,0,155,204,43,161,169,25,90,25,26,0,15,0.581
Course 16,125,69,1.81,0.29,49,99.01,89,0,0,86,53,1,0.0,32.5,55,0.0,0.0,0.0,32.5,0.0,0.0,0.0,32.5,9.7,34,4568.0,12,184,543,1048,1259,0,0,10,2,109,63,140,172,47,349,129,27,38,119,54,0,50,0.613
Course 16,152,77,1.97,0.34,73,100.0,55,0,0,156,62,1,0.0,42.0,90,0.0,0.0,0.0,42.0,0.0,0.0,0.0,42.0,7.62,37,4876.0,12,382,852,1444,1567,0,6,117,197,46,16,143,151,176,295,243,54,47,76,0,0,41,0.69
Course 16,90,51,1.76,0.21,38,100.0,124,0,0,63,50,1,0.0,33.33,47,0.0,0.0,0.0,33.33333,0.0,0.0,0.0,33.33333,7.9,23,2719.0,13,350,530,1052,1062,0,0,37,178,16,119,86,10,84,461,52,9,2,0,8,0,30,0.595
Course 16,132,61,2.16,0.26,44,100.0,63,0,0,76,60,1,0.0,45.0,56,0.0,0.0,0.0,45.0,0.0,0.0,0.0,45.0,9.69,29,1702.0,12,174,609,797,991,0,0,29,11,2,132,16,25,394,161,22,5,42,12,140,0,37,0.605
Course 16,114,60,1.9,0.26,24,100.0,36,0,0,86,59,1,0.0,45.0,21,0.0,0.0,0.0,45.0,0.0,0.0,0.0,45.0,9.59,15,528.0,10,259,562,805,902,0,0,5,16,238,0,51,4,248,95,101,47,74,23,0,0,17,0.544
Course 16,124,73,1.7,0.31,51,99.05,55,0,0,118,63,1,0.0,30.0,70,0.0,0.0,0.0,30.0,0.0,0.0,0.0,30.0,9.53,26,2594.0,12,280,674,1095,1276,0,0,90,6,155,29,0,86,308,228,176,17,125,51,5,0,46,0.618
Course 16,238,92,2.59,0.39,103,100.0,93,0,0,84,55,1,0.0,56.25,34,0.0,0.0,0.0,56.25,0.0,0.0,0.0,56.25,10.01,39,5404.0,13,451,794,1213,1399,0,1,108,56,84,202,17,50,276,276,47,96,96,75,15,0,55,0.683
Course 16,50,25,2.0,0.12,18,100.0,2,0,0,15,11,1,0.0,25.25,44,0.0,0.0,0.0,25.25,0.0,0.0,0.0,25.25,6.82,11,438.0,7,16,40,213,282,0,0,5,11,0,0,0,22,2,149,24,0,69,0,0,0,2,0.319
Course 16,112,66,1.7,0.28,64,100.0,107,0,0,119,69,1,0.0,50.0,50,0.0,0.0,0.0,50.0,0.0,0.0,0.0,50.0,8.76,30,2655.0,13,283,802,1188,1408,0,1,32,111,76,63,198,21,300,223,142,21,107,44,69,0,55,0.66
Course 16,120,55,2.18,0.24,52,100.0,66,0,0,65,51,1,0.0,30.75,41,0.0,0.0,0.0,30.75,0.0,0.0,0.0,30.75,7.45,29,1601.0,13,122,410,779,909,0,0,12,48,41,21,112,18,158,123,58,188,3,115,12,0,46,0.621
Course 16,75,31,2.42,0.13,41,98.57,22,0,0,68,56,1,0.0,18.0,64,0.0,0.0,0.0,18.0,0.0,0.0,0.0,18.0,6.45,16,1769.0,11,74,234,700,795,0,0,8,0,55,11,150,10,0,409,53,4,24,0,71,0,15,0.499
Course 16,247,119,2.08,0.5,95,99.26,105,0,0,291,84,1,0.0,49.0,103,0.0,0.0,0.0,49.0,0.0,0.0,0.0,49.0,6.61,36,3373.0,13,961,1985,2490,3228,12,1,277,192,155,324,409,128,487,297,200,8,302,228,208,0,58,0.727
Course 16,47,24,1.96,0.1,37,100.0,85,0,0,101,82,1,0.0,28.0,64,0.0,0.0,0.0,28.0,0.0,0.0,0.0,28.0,7.0,11,753.0,8,264,268,840,1392,0,0,0,16,244,4,0,4,0,457,115,0,339,0,213,0,71,0.548
Course 16,91,51,1.78,0.22,34,100.0,59,0,0,100,82,1,0.0,35.25,64,0.0,0.0,0.0,35.25,0.0,0.0,0.0,35.25,6.89,23,1367.0,11,214,496,816,1066,0,0,99,36,44,35,87,116,79,290,30,0,14,28,208,0,25,0.561
Course 16,42,15,2.8,0.08,18,100.0,32,0,0,46,38,1,0.0,24.0,24,0.0,0.0,0.0,24.0,0.0,0.0,0.0,24.0,5.84,3,911.0,2,316,316,603,603,0,0,0,0,0,316,0,0,0,287,0,0,0,0,0,0,27,0.476
Course 16,61,29,2.1,0.13,10,100.0,5,0,0,88,75,1,0.0,45.0,41,0.0,0.0,0.0,45.0,0.0,0.0,0.0,45.0,8.04,12,530.0,10,181,249,630,875,0,0,29,0,152,0,0,51,17,300,57,24,160,0,85,0,3,0.512
Course 16,96,56,1.71,0.25,45,100.0,38,0,0,99,65,1,0.0,45.0,47,0.0,0.0,0.0,45.0,0.0,0.0,0.0,45.0,10.01,25,2513.0,10,453,728,929,1117,0,9,39,54,271,80,18,16,241,141,49,11,185,3,0,0,19,0.61
Course 16,82,48,1.71,0.21,31,97.37,53,0,0,108,47,1,0.0,15.0,38,0.0,0.0,0.0,15.0,0.0,0.0,0.0,15.0,10.4,22,2215.0,12,390,657,992,1042,0,0,106,30,253,1,1,24,242,139,167,29,34,0,16,0,38,0.586
Course 16,15,8,1.88,0.15,0,0.0,0,0,0,0,0,0,0.0,0.0,0,0.0,0.0,0.0,0.0,0.0,0.0,0.0,0.0,0.0,0,0.0,0,0,0,0,0,0,0,0,0,0,0,0,0,0,0,0,0,0,0,0,0,0,0.0
Course 16,134,57,2.35,0.24,51,100.0,85,0,0,128,86,1,0.0,49.0,33,0.0,0.0,0.0,49.0,0.0,0.0,0.0,49.0,10.06,25,3122.0,12,268,850,1275,1622,0,0,152,85,31,0,11,12,559,142,227,56,147,1,199,0,59,0.628
Course 16,108,66,1.64,0.28,55,100.0,68,0,0,106,68,1,0.0,37.67,57,0.0,0.0,0.0,37.66667,0.0,0.0,0.0,37.66667,7.18,32,4305.0,13,276,621,1002,1264,0,0,53,158,14,51,252,25,68,276,86,19,168,83,11,0,47,0.646
Course 16,101,60,1.68,0.25,56,98.08,109,0,0,197,89,1,0.0,38.0,58,0.0,0.0,0.0,38.0,0.0,0.0,0.0,38.0,10.86,28,2081.0,14,319,937,1293,1943,0,0,132,23,159,5,41,25,552,162,132,62,126,42,482,0,71,0.676
Course 16,120,56,2.14,0.25,59,100.0,77,0,0,106,63,1,0.0,42.5,38,0.0,0.0,0.0,42.5,0.0,0.0,0.0,42.5,9.01,29,2990.0,12,420,748,937,1290,0,0,64,81,234,41,16,110,202,159,25,5,351,2,0,0,48,0.664
Course 16,103,47,2.19,0.2,54,100.0,62,0,0,121,80,1,0.0,36.67,46,0.0,0.0,0.0,36.66667,0.0,0.0,0.0,36.66667,9.67,21,2908.0,12,457,853,1066,1333,0,0,39,86,0,332,2,19,375,145,10,58,128,45,94,0,46,0.616
Course 16,8,4,2.0,0.13,17,80.0,1,0,0,28,9,0,0.0,0.0,0,0.0,0.0,0.0,0.0,0.0,0.0,0.0,0.0,13.02,3,1242.0,2,0,0,0,261,0,0,0,0,0,0,0,0,0,0,0,0,73,123,65,0,1,0.667
Course 16,3,3,1.0,0.75,4,100.0,0,0,0,2,1,0,0.0,0.0,0,0.0,0.0,0.0,0.0,0.0,0.0,0.0,0.0,10.5,3,20.0,1,0,0,0,23,0,0,0,0,0,0,0,0,0,0,0,0,4,19,0,0,0,0.686
Course 16,6,3,2.0,0.3,6,100.0,15,0,0,8,3,0,0.0,0.0,0,0.0,0.0,0.0,0.0,0.0,0.0,0.0,0.0,5.15,3,309.0,2,0,0,0,178,0,0,0,0,0,0,0,0,0,0,0,0,112,31,35,0,12,0.623
Course 16,13,6,2.17,0.38,12,100.0,72,0,0,81,61,0,0.0,0.0,0,0.0,0.0,0.0,0.0,0.0,0.0,0.0,0.0,5.92,5,268.0,2,0,0,0,924,0,0,0,0,0,0,0,0,0,0,0,0,99,125,700,0,49,0.805
Course 16,16,8,2.0,0.73,18,100.0,62,0,0,99,75,0,0.0,0.0,0,0.0,0.0,0.0,0.0,0.0,0.0,0.0,0.0,12.02,8,1336.0,2,0,0,0,970,0,0,0,0,0,0,0,0,0,0,0,0,55,829,86,0,54,0.88
Course 18,34,16,2.13,0.08,5,100.0,1,0,0,0,0,1,0.0,25.0,28,0.0,0.0,0.0,25.0,0.0,0.0,0.0,25.0,6.77,1,193.0,1,0,0,96,96,0,0,0,0,0,0,0,0,0,96,0,0,0,0,0,0,1,1.0
Course 18,50,28,1.79,0.13,11,100.0,20,0,0,0,0,1,0.0,40.0,23,0.0,0.0,0.0,40.0,0.0,0.0,0.0,40.0,6.12,7,312.0,5,15,57,158,165,0,0,14,1,0,0,0,0,42,101,0,0,7,0,0,0,11,0.23
Course 18,61,36,1.69,0.18,20,100.0,26,0,0,95,84,1,0.0,47.5,51,0.0,0.0,0.0,47.5,0.0,0.0,0.0,47.5,10.3,10,362.0,6,20,259,1037,1037,0,0,16,0,0,4,0,221,18,778,0,0,0,0,0,0,23,0.56
Course 18,59,38,1.55,0.16,21,96.55,10,0,0,34,22,1,0.0,30.0,38,0.0,0.0,0.0,30.0,0.0,0.0,0.0,30.0,8.28,10,1109.0,8,219,220,358,431,0,3,0,10,91,115,0,1,0,138,0,0,4,0,69,0,7,0.366
Course 18,164,87,1.89,0.37,114,96.83,276,0,0,225,64,1,0.0,44.0,45,0.0,0.0,0.0,44.0,0.0,0.0,0.0,44.0,8.67,54,17126.0,14,892,2030,2951,3168,0,56,230,90,232,284,361,139,638,683,21,217,7,0,210,0,62,0.765
Course 18,91,35,2.6,0.16,7,100.0,0,0,0,1,1,1,0.0,36.75,28,0.0,0.0,0.0,36.75,0.0,0.0,0.0,36.75,6.35,6,110.0,4,6,17,108,110,0,1,5,0,0,0,11,0,0,91,0,0,2,0,0,0,0,0.209
Course 18,44,29,1.52,0.13,7,100.0,2,0,0,24,16,1,0.0,56.25,30,0.0,0.0,0.0,56.25,0.0,0.0,0.0,56.25,4.58,6,155.0,6,178,179,246,258,0,0,26,0,0,152,0,1,0,67,0,0,6,0,6,0,2,0.294
Course 18,161,77,2.09,0.33,61,100.0,41,0,0,85,36,1,0.0,40.25,40,0.0,0.0,0.0,40.25,0.0,0.0,0.0,40.25,6.15,31,2849.0,12,122,473,984,998,0,8,33,10,27,44,192,20,139,435,71,5,7,6,1,0,37,0.591
Course 18,224,110,2.04,0.46,92,100.0,103,0,0,228,72,1,0.0,40.0,188,0.0,0.0,0.0,40.0,0.0,0.0,0.0,40.0,7.0,44,5649.0,14,635,1147,2142,2375,0,69,256,37,57,216,107,38,367,577,137,281,103,4,126,0,61,0.746
Course 18,148,76,1.95,0.34,55,100.0,50,0,0,40,28,0,0.0,0.0,0,0.0,0.0,0.0,0.0,0.0,0.0,0.0,0.0,4.21,24,548.0,9,482,558,573,603,0,8,125,36,21,292,72,4,0,0,5,10,30,0,0,0,37,0.5
Course 18,146,81,1.8,0.34,67,100.0,75,0,0,99,70,1,0.0,44.83,35,0.0,0.0,0.0,44.83333,0.0,0.0,0.0,44.83333,4.88,39,1294.0,14,490,665,883,1193,0,12,200,117,118,43,4,135,36,108,23,87,23,48,239,0,53,0.66
Course 18,45,16,2.81,0.08,4,0.0,0,0,0,0,0,1,0.0,3.0,12,0.0,0.0,0.0,3.0,0.0,0.0,0.0,3.0,5.93,1,56.0,1,0,0,39,39,0,0,0,0,0,0,0,0,0,39,0,0,0,0,0,0,0,1.0
Course 18,143,83,1.72,0.35,64,100.0,75,0,0,141,106,1,0.0,32.0,44,0.0,0.0,0.0,32.0,0.0,0.0,0.0,32.0,10.44,44,5684.0,13,72,473,654,1477,0,7,33,6,11,15,393,1,7,116,3,62,373,111,339,0,71,0.683
Course 18,157,83,1.89,0.36,55,100.0,77,0,0,78,38,1,0.0,29.17,52,0.0,0.0,0.0,29.16667,0.0,0.0,0.0,29.16667,6.62,39,2495.0,13,561,674,917,991,0,37,150,45,201,128,79,13,21,236,2,5,38,36,0,0,34,0.661
Course 18,182,84,2.17,0.36,100,97.67,201,0,0,187,40,1,0.0,36.08,44,0.0,0.0,0.0,36.08333,0.0,0.0,0.0,36.08333,6.83,49,7748.0,13,847,1198,1816,2186,0,38,145,262,240,162,45,128,178,347,88,183,132,156,82,0,48,0.752
Course 18,48,25,1.92,0.11,6,100.0,0,0,0,11,8,1,0.0,31.25,55,0.0,0.0,0.0,31.25,0.0,0.0,0.0,31.25,5.91,2,198.0,2,0,0,203,210,0,0,0,0,0,0,0,0,0,203,0,0,7,0,0,0,0,0.376
Course 18,100,48,2.08,0.2,30,99.34,77,0,0,123,80,1,0.0,11.0,24,0.0,0.0,0.0,11.0,0.0,0.0,0.0,11.0,9.22,17,1035.0,10,205,901,1031,1493,0,5,108,86,4,2,0,500,196,125,5,0,0,0,462,0,71,0.511
Course 18,90,49,1.84,0.21,32,100.0,39,0,0,58,36,1,0.0,47.75,28,0.0,0.0,0.0,47.75,0.0,0.0,0.0,47.75,8.41,18,1685.0,12,218,493,572,767,0,0,91,12,27,88,57,196,22,78,0,1,72,0,123,0,19,0.517
Course 18,58,27,2.15,0.37,0,0.0,0,0,0,0,0,0,0.0,0.0,0,0.0,0.0,0.0,0.0,0.0,0.0,0.0,0.0,0.0,0,0.0,0,0,0,0,0,0,0,0,0,0,0,0,0,0,0,0,0,0,0,0,0,0,0.0
Course 18,45,28,1.61,0.12,10,100.0,7,0,0,38,22,1,0.0,50.0,32,0.0,0.0,0.0,50.0,0.0,0.0,0.0,50.0,4.27,12,294.0,8,383,393,468,493,0,0,84,4,129,166,6,0,4,75,0,0,12,0,13,0,6,0.394
Course 18,186,96,1.94,0.4,62,100.0,81,0,0,169,98,1,0.0,50.0,42,0.0,0.0,0.0,50.0,0.0,0.0,0.0,50.0,10.19,35,5664.0,14,526,1192,1442,1876,0,13,151,64,216,82,1,17,648,217,4,29,35,28,371,0,39,0.677
Course 18,57,33,1.73,0.15,8,100.0,9,0,0,33,23,1,0.0,58.75,65,0.0,0.0,0.0,58.75,0.0,0.0,0.0,58.75,7.7,10,821.0,5,30,263,459,459,0,0,23,6,1,0,0,186,47,190,0,6,0,0,0,0,4,0.422
Course 18,65,36,1.81,0.16,16,100.0,45,0,0,51,35,1,0.0,60.0,58,0.0,0.0,0.0,60.0,0.0,0.0,0.0,60.0,4.67,10,249.0,7,210,557,679,688,0,0,209,0,1,0,0,347,0,121,0,1,9,0,0,0,37,0.453
Course 18,44,21,2.1,0.11,5,0.0,0,0,0,0,0,1,0.0,46.5,50,0.0,0.0,0.0,46.5,0.0,0.0,0.0,46.5,6.53,1,168.0,1,0,0,149,149,0,0,0,0,0,0,0,0,0,149,0,0,0,0,0,0,0,1.0
Course 18,81,38,2.13,0.16,12,100.0,91,0,0,15,14,1,0.0,34.0,40,0.0,0.0,0.0,34.0,0.0,0.0,0.0,34.0,7.6,11,680.0,7,1,125,362,430,0,0,1,0,0,0,0,0,124,237,0,0,24,26,18,0,29,0.319
Course 18,244,106,2.3,0.45,219,100.0,101,0,0,100,41,1,0.0,17.92,80,0.0,0.0,0.0,17.91667,0.0,0.0,0.0,17.91667,5.38,39,5453.0,13,303,392,812,1435,0,38,107,43,54,61,7,10,72,223,139,58,45,165,413,0,38,0.679
Course 18,89,51,1.75,0.26,12,100.0,5,0,0,28,18,1,0.0,25.0,40,0.0,0.0,0.0,25.0,0.0,0.0,0.0,25.0,6.82,9,430.0,5,241,248,388,388,0,0,10,2,229,0,0,0,7,140,0,0,0,0,0,0,4,0.398
Course 18,81,43,1.88,0.19,26,98.36,25,0,0,57,46,1,0.0,40.0,67,0.0,0.0,0.0,40.0,0.0,0.0,0.0,40.0,9.4,17,1009.0,9,142,487,746,850,0,0,10,15,49,68,0,0,345,259,0,0,96,4,4,0,15,0.479
Course 18,121,69,1.75,0.29,65,98.41,71,0,0,114,32,1,0.0,41.25,42,0.0,0.0,0.0,41.25,0.0,0.0,0.0,41.25,7.45,36,3961.0,13,419,854,1170,1557,0,0,176,0,95,148,132,72,231,291,7,18,204,163,20,0,32,0.676
Course 18,70,41,1.71,0.18,10,100.0,1,0,0,0,0,1,0.0,54.25,26,0.0,0.0,0.0,54.25,0.0,0.0,0.0,54.25,6.75,8,92.0,8,4,6,90,101,0,0,3,0,0,1,1,0,1,78,0,6,6,5,0,0,1,0.239
Course 18,60,32,1.88,0.13,20,100.0,29,0,0,28,21,1,0.0,50.0,34,0.0,0.0,0.0,50.0,0.0,0.0,0.0,50.0,4.17,13,363.0,10,234,238,317,435,0,0,61,0,0,173,0,1,3,77,0,2,108,7,3,0,27,0.391
Course 18,127,74,1.72,0.31,45,100.0,17,0,0,39,14,1,0.0,35.0,40,0.0,0.0,0.0,35.0,0.0,0.0,0.0,35.0,7.05,33,1076.0,13,95,172,418,470,0,4,19,33,30,9,13,24,40,203,25,18,2,47,3,0,13,0.524
Course 18,155,76,2.04,0.32,156,98.98,93,0,0,67,45,1,0.0,49.0,43,0.0,0.0,0.0,49.0,0.0,0.0,0.0,49.0,4.46,39,3477.0,14,340,585,888,1071,0,30,86,6,108,110,12,113,120,232,56,15,110,67,6,0,54,0.645
Course 18,68,40,1.7,0.18,20,100.0,0,0,0,20,17,1,0.0,49.0,52,0.0,0.0,0.0,49.0,0.0,0.0,0.0,49.0,10.02,16,295.0,8,173,176,317,334,0,0,30,2,135,6,3,0,0,139,0,2,17,0,0,0,0,0.395
Course 18,211,92,2.29,0.39,110,100.0,146,0,0,283,88,1,0.0,40.0,50,0.0,0.0,0.0,40.0,0.0,0.0,0.0,40.0,6.86,56,9719.0,13,1047,1604,2266,2781,0,17,298,256,199,277,203,199,155,377,176,109,165,69,281,0,65,0.787
Course 18,107,61,1.75,0.28,21,100.0,33,0,0,50,36,1,0.0,40.75,38,0.0,0.0,0.0,40.75,0.0,0.0,0.0,40.75,6.28,18,1700.0,10,145,417,585,637,0,7,8,56,41,33,2,0,270,166,0,2,52,0,0,0,24,0.505
Course 18,141,76,1.86,0.32,65,100.0,97,0,0,83,42,1,0.0,45.5,22,0.0,0.0,0.0,45.5,0.0,0.0,0.0,45.5,10.46,40,4015.0,13,470,723,916,1015,0,0,137,25,296,12,195,39,19,68,28,97,53,44,2,0,47,0.649
Course 18,29,14,2.07,0.07,9,0.0,0,0,0,0,0,1,0.0,55.83,16,0.0,0.0,0.0,55.83333,0.0,0.0,0.0,55.83333,6.12,1,121.0,1,0,0,45,45,0,0,0,0,0,0,0,0,0,45,0,0,0,0,0,0,0,1.0
Course 18,83,53,1.57,0.24,36,97.3,7,0,0,38,30,1,0.0,42.75,26,0.0,0.0,0.0,42.75,0.0,0.0,0.0,42.75,8.49,22,2519.0,11,295,312,443,449,0,0,68,36,181,10,0,3,14,73,45,13,6,0,0,0,7,0.503
Course 18,44,26,1.69,0.13,10,100.0,11,0,0,7,5,1,0.0,44.58,22,0.0,0.0,0.0,44.58333,0.0,0.0,0.0,44.58333,8.76,6,124.0,4,4,4,113,145,0,0,1,3,0,0,0,0,0,109,0,0,31,1,0,0,4,0.201
Course 18,96,59,1.63,0.27,50,100.0,12,0,0,31,24,1,0.0,47.75,19,0.0,0.0,0.0,47.75,0.0,0.0,0.0,47.75,8.56,20,1452.0,10,269,312,452,457,0,6,24,17,17,205,21,1,21,139,0,1,5,0,0,0,10,0.469
Course 18,48,27,1.78,0.11,7,100.0,19,0,0,8,7,0,0.0,0.0,0,0.0,0.0,0.0,0.0,0.0,0.0,0.0,0.0,6.53,6,24.0,4,36,36,36,147,0,0,21,0,0,15,0,0,0,0,0,0,53,0,58,0,19,0.178
Course 18,76,52,1.46,0.25,19,100.0,50,0,0,58,45,1,0.0,24.0,33,0.0,0.0,0.0,24.0,0.0,0.0,0.0,24.0,4.19,14,542.0,7,237,597,714,714,0,4,38,183,3,9,19,341,0,117,0,0,0,0,0,0,37,0.598
Course 18,90,50,1.8,0.21,34,100.0,17,0,0,6,3,1,0.0,56.5,32,0.0,0.0,0.0,56.5,0.0,0.0,0.0,56.5,5.5,20,238.0,10,38,80,175,228,0,0,11,5,20,2,0,42,0,81,14,0,34,9,10,0,12,0.366
Course 18,98,53,1.85,0.23,55,100.0,114,0,0,6,5,1,0.0,45.0,29,0.0,0.0,0.0,45.0,0.0,0.0,0.0,45.0,7.95,16,1498.0,6,29,327,462,478,0,0,0,0,0,29,114,135,49,134,0,1,15,1,0,0,41,0.475
Course 18,245,109,2.25,0.46,108,100.0,271,0,0,222,106,1,0.0,49.0,55,0.0,0.0,0.0,49.0,0.0,0.0,0.0,49.0,7.97,56,10241.0,16,1008,1729,2246,2827,2,24,219,183,286,294,134,170,417,208,108,201,56,157,368,0,71,0.754
Course 18,54,25,2.16,0.11,46,100.0,24,0,0,92,59,1,0.0,48.33,26,0.0,0.0,0.0,48.33333,0.0,0.0,0.0,48.33333,8.53,11,1426.0,8,450,451,529,924,0,0,21,0,78,351,0,1,0,78,0,0,3,12,380,0,19,0.459
Course 18,155,81,1.91,0.34,41,100.0,13,0,0,109,65,1,0.0,48.33,40,0.0,0.0,0.0,48.33333,0.0,0.0,0.0,48.33333,7.15,32,3957.0,13,524,715,884,981,0,10,145,129,155,85,94,93,4,111,43,15,1,0,96,0,11,0.565
Course 18,93,46,2.02,0.19,16,100.0,7,0,0,62,49,1,0.0,55.0,53,0.0,0.0,0.0,55.0,0.0,0.0,0.0,55.0,10.75,12,1518.0,8,125,313,421,635,0,2,31,0,15,77,0,0,188,108,0,0,11,0,203,0,3,0.407
Course 18,160,80,2.0,0.34,90,100.0,83,0,0,198,80,1,0.0,35.0,47,0.0,0.0,0.0,35.0,0.0,0.0,0.0,35.0,7.46,45,3940.0,13,758,1028,1775,1962,0,2,155,437,101,63,78,181,11,140,436,171,53,1,133,0,56,0.733
Course 18,159,89,1.79,0.38,82,100.0,132,0,0,141,61,1,0.0,50.0,43,0.0,0.0,0.0,50.0,0.0,0.0,0.0,50.0,6.71,53,8225.0,13,567,927,1383,1543,0,16,190,90,28,243,82,222,56,244,189,23,137,5,18,0,50,0.727
Course 18,224,95,2.36,0.4,103,100.0,102,0,0,335,100,1,0.0,56.25,50,0.0,0.0,0.0,56.25,0.0,0.0,0.0,56.25,9.8,52,12307.0,13,1497,1947,2503,3255,0,22,326,441,316,392,150,133,167,275,78,203,1,23,728,0,71,0.774
Course 18,40,21,1.9,0.1,9,100.0,1,0,0,4,2,1,0.0,58.33,25,0.0,0.0,0.0,58.33333,0.0,0.0,0.0,58.33333,5.86,6,117.0,5,41,42,100,108,0,0,36,0,0,5,0,1,0,58,0,0,8,0,0,0,1,0.226
Course 18,175,84,2.08,0.36,72,100.0,69,0,0,218,89,1,0.0,43.75,40,0.0,0.0,0.0,43.75,0.0,0.0,0.0,43.75,5.01,38,3427.0,13,681,1134,1690,2078,0,39,316,90,128,108,22,112,319,373,41,142,28,0,360,0,43,0.702
Course 18,117,73,1.6,0.31,45,100.0,116,0,0,177,54,1,0.0,57.5,33,0.0,0.0,0.0,57.5,0.0,0.0,0.0,57.5,5.1,41,2970.0,13,278,1133,1801,1972,0,5,78,89,8,98,69,387,399,434,220,14,115,21,35,0,43,0.718
Course 18,101,48,2.1,0.2,34,100.0,80,0,0,94,45,1,0.0,41.5,43,0.0,0.0,0.0,41.5,0.0,0.0,0.0,41.5,9.5,24,4301.0,12,473,772,939,1280,0,0,84,72,292,25,1,0,298,165,2,0,20,84,237,0,39,0.57
Course 18,45,25,1.8,0.13,8,0.0,0,0,0,0,0,1,0.0,45.0,27,0.0,0.0,0.0,45.0,0.0,0.0,0.0,45.0,6.43,3,104.0,3,5,5,95,95,0,0,2,3,0,0,0,0,0,90,0,0,0,0,0,0,0,0.194
Course 18,64,39,1.64,0.17,19,100.0,55,0,0,38,35,1,0.0,47.08,36,0.0,0.0,0.0,47.08333,0.0,0.0,0.0,47.08333,4.16,14,303.0,8,229,265,354,512,0,0,55,0,36,138,0,0,36,86,0,3,7,151,0,0,20,0.411
Course 18,265,90,2.94,0.38,94,100.0,18,0,0,139,106,1,0.0,48.75,45,0.0,0.0,0.0,48.75,0.0,0.0,0.0,48.75,7.6,45,5227.0,14,584,1049,1394,1783,0,3,238,2,162,179,15,170,280,116,1,228,28,2,359,0,16,0.708
Course 18,177,89,1.99,0.38,85,100.0,32,0,0,155,88,1,0.0,40.0,33,0.0,0.0,0.0,40.0,0.0,0.0,0.0,40.0,6.39,43,4020.0,14,581,998,1356,1634,0,3,226,187,101,64,4,204,209,130,141,87,15,0,263,0,15,0.702
Course 18,120,62,1.94,0.26,40,100.0,46,0,0,51,45,1,0.0,43.0,33,0.0,0.0,0.0,43.0,0.0,0.0,0.0,43.0,10.7,24,3349.0,11,276,557,770,824,0,5,6,11,78,176,12,0,269,212,1,0,39,1,14,0,21,0.533
Course 18,120,67,1.79,0.28,54,98.04,19,0,0,57,40,1,0.0,45.0,43,0.0,0.0,0.0,45.0,0.0,0.0,0.0,45.0,5.45,30,2352.0,13,154,341,609,747,0,6,86,37,5,20,3,184,0,227,15,26,33,2,103,0,12,0.548
Course 18,68,38,1.79,0.18,20,100.0,12,0,0,4,4,0,0.0,0.0,0,0.0,0.0,0.0,0.0,0.0,0.0,0.0,0.0,5.0,11,225.0,6,95,96,97,97,0,12,10,43,5,25,1,0,0,0,0,1,0,0,0,0,9,0.217
Course 18,49,32,1.53,0.16,23,100.0,0,0,0,45,45,1,0.0,57.5,33,0.0,0.0,0.0,57.5,0.0,0.0,0.0,57.5,13.12,4,189.0,4,8,327,416,416,0,0,7,0,1,0,0,319,0,89,0,0,0,0,0,0,0,0.419
Course 18,128,62,2.06,0.26,47,98.36,36,0,0,93,46,1,0.0,46.75,35,0.0,0.0,0.0,46.75,0.0,0.0,0.0,46.75,5.85,32,3822.0,13,224,770,1014,1109,0,0,106,106,1,11,375,23,148,192,2,50,46,24,25,0,15,0.631
Course 18,122,74,1.65,0.31,65,100.0,53,0,0,88,75,1,0.0,40.0,30,0.0,0.0,0.0,40.0,0.0,0.0,0.0,40.0,5.54,36,1146.0,13,298,578,746,984,0,1,90,19,146,42,4,167,109,99,1,68,110,97,31,0,33,0.628
Course 18,125,68,1.84,0.29,63,98.48,37,0,0,93,52,1,0.0,48.75,29,0.0,0.0,0.0,48.75,0.0,0.0,0.0,48.75,6.66,36,8908.0,12,206,393,829,936,0,0,79,61,36,30,131,0,56,244,4,188,68,31,8,0,23,0.585
Course 18,56,29,1.93,0.15,7,100.0,2,0,0,12,3,1,0.0,47.75,26,0.0,0.0,0.0,47.75,0.0,0.0,0.0,47.75,5.27,7,315.0,3,95,95,169,169,0,0,69,26,0,0,0,0,0,74,0,0,0,0,0,0,1,0.244
Course 18,176,95,1.85,0.41,62,100.0,88,0,0,550,93,1,0.0,36.5,58,0.0,0.0,0.0,36.5,0.0,0.0,0.0,36.5,6.35,52,10507.0,13,831,1314,2665,3567,0,18,294,81,183,255,216,178,89,812,111,428,207,308,387,0,67,0.802
Course 18,61,37,1.65,0.17,11,100.0,2,0,0,3,1,1,0.0,57.5,22,0.0,0.0,0.0,57.5,0.0,0.0,0.0,57.5,5.49,8,752.0,8,31,32,82,92,0,0,20,3,2,6,0,1,0,50,0,0,10,0,0,0,1,0.228
Course 18,277,118,2.35,0.5,185,100.0,163,0,0,430,89,1,0.0,47.0,63,0.0,0.0,0.0,47.0,0.0,0.0,0.0,47.0,6.44,71,18644.0,14,1241,1921,3128,3587,33,58,287,330,317,216,271,202,207,573,259,375,119,64,276,0,71,0.826
Course 18,233,97,2.4,0.41,150,98.92,103,0,0,451,50,1,0.0,42.33,52,0.0,0.0,0.0,42.33333,0.0,0.0,0.0,42.33333,8.92,60,10355.0,16,943,1572,2519,4038,12,48,294,62,294,233,48,155,426,555,337,55,787,74,658,0,44,0.798
Course 18,55,36,1.53,0.16,11,100.0,5,0,0,40,32,1,0.0,44.0,24,0.0,0.0,0.0,44.0,0.0,0.0,0.0,44.0,8.71,9,341.0,7,85,312,372,388,0,0,12,0,71,2,227,0,0,53,0,7,16,0,0,0,3,0.378
Course 18,112,58,1.93,0.25,27,100.0,86,0,0,49,45,1,0.0,43.75,47,0.0,0.0,0.0,43.75,0.0,0.0,0.0,43.75,9.31,21,2443.0,9,179,288,677,762,0,0,0,11,26,142,3,7,99,389,0,0,78,7,0,0,38,0.519
Course 18,124,62,2.0,0.26,53,100.0,62,0,0,79,54,1,0.0,48.75,51,0.0,0.0,0.0,48.75,0.0,0.0,0.0,48.75,6.28,34,3872.0,14,384,712,953,1087,0,0,22,266,31,65,118,202,8,198,0,43,52,10,72,0,44,0.618
Course 18,95,53,1.79,0.23,32,100.0,40,0,0,49,45,1,0.0,41.25,43,0.0,0.0,0.0,41.25,0.0,0.0,0.0,41.25,8.13,18,1201.0,9,225,227,588,647,0,2,7,11,21,184,1,0,1,361,0,0,9,5,45,0,19,0.428
Course 18,59,26,2.27,0.11,7,100.0,1,0,0,0,0,1,0.0,50.0,22,0.0,0.0,0.0,50.0,0.0,0.0,0.0,50.0,5.84,6,50.0,6,2,2,52,58,0,0,1,1,0,0,0,0,0,49,0,1,5,0,1,0,1,0.145
Course 18,102,61,1.67,0.26,19,100.0,26,0,0,10,8,1,0.0,43.75,30,0.0,0.0,0.0,43.75,0.0,0.0,0.0,43.75,5.32,18,673.0,10,151,158,281,287,0,2,74,2,4,69,1,0,6,117,0,6,5,1,0,0,22,0.406
Course 18,8,4,2.0,0.33,3,100.0,71,0,0,104,97,0,0.0,0.0,0,0.0,0.0,0.0,0.0,0.0,0.0,0.0,0.0,19.01,2,264.0,2,0,0,0,1007,0,0,0,0,0,0,0,0,0,0,0,0,0,0,1007,0,71,0.969
Course 18,19,11,1.73,0.79,21,100.0,57,0,0,14,10,0,0.0,0.0,0,0.0,0.0,0.0,0.0,0.0,0.0,0.0,0.0,7.3,10,1567.0,2,0,0,0,269,0,0,0,0,0,0,0,0,0,0,0,0,87,43,139,0,17,0.811
Course 18,32,10,3.2,0.67,13,100.0,55,0,0,9,4,0,0.0,0.0,0,0.0,0.0,0.0,0.0,0.0,0.0,0.0,0.0,6.67,8,1252.0,2,0,0,0,234,0,0,0,0,0,0,0,0,0,0,0,0,64,89,81,0,20,0.759
Course 18,16,8,2.0,0.67,62,100.0,26,0,0,12,5,0,0.0,0.0,2,0.0,0.0,0.0,0.0,0.0,0.0,0.0,0.0,9.02,8,1016.0,2,0,0,0,237,0,0,0,0,0,0,0,0,0,0,0,0,0,175,62,0,12,0.772
Course 20,100,55,1.82,0.24,60,100.0,64,0,0,90,79,1,0.0,53.75,35,0.0,0.0,0.0,53.75,0.0,0.0,0.0,53.75,4.71,29,1335.0,11,857,865,1216,1228,0,0,66,110,477,204,7,1,0,145,94,112,6,6,0,0,53,0.651
Course 20,79,35,2.26,0.18,6,100.0,4,0,0,41,36,1,0.0,60.0,29,0.0,0.0,0.0,60.0,0.0,0.0,0.0,60.0,8.09,4,136.0,4,160,166,372,372,0,0,44,0,0,116,0,0,6,206,0,0,0,0,0,0,2,0.405
Course 20,21,8,2.63,0.05,7,100.0,0,0,0,10,9,1,0.0,47.5,22,0.0,0.0,0.0,47.5,0.0,0.0,0.0,47.5,5.47,3,85.0,2,78,78,132,132,0,0,0,0,0,78,0,0,0,54,0,0,0,0,0,0,0,0.314
Course 20,113,71,1.59,0.31,22,100.0,65,0,0,58,41,1,0.0,57.5,29,0.0,0.0,0.0,57.5,0.0,0.0,0.0,57.5,6.66,19,1243.0,10,215,320,705,710,0,12,10,8,28,157,10,0,95,385,0,0,0,5,0,0,38,0.469
Course 20,123,48,2.56,0.21,27,100.0,37,0,0,20,16,0,0.0,0.0,0,0.0,0.0,0.0,0.0,0.0,0.0,0.0,0.0,7.74,15,719.0,9,197,295,295,305,0,16,16,2,0,163,16,0,82,0,0,0,3,0,7,0,18,0.326
Course 20,74,41,1.8,0.19,21,100.0,45,0,0,79,72,1,0.0,35.83,43,0.0,0.0,0.0,35.83333,0.0,0.0,0.0,35.83333,6.14,15,417.0,11,163,367,587,854,0,3,29,17,1,113,1,0,203,183,0,37,39,19,209,0,41,0.497
Course 20,105,56,1.88,0.24,25,100.0,92,0,0,7,7,1,0.0,10.25,76,0.0,0.0,0.0,10.25,0.0,0.0,0.0,10.25,9.09,9,934.0,7,258,362,548,567,0,30,0,0,224,4,104,0,0,186,0,0,0,4,15,0,71,0.363
Course 20,95,30,3.17,0.13,17,100.0,41,0,0,33,26,1,0.0,57.75,28,0.0,0.0,0.0,57.75,0.0,0.0,0.0,57.75,5.16,8,447.0,7,223,327,484,489,0,85,64,1,0,73,104,0,0,157,0,0,0,0,5,0,34,0.335
Course 20,111,48,2.31,0.21,26,100.0,169,0,0,21,13,1,0.0,48.75,29,0.0,0.0,0.0,48.75,0.0,0.0,0.0,48.75,10.43,14,4814.0,6,68,68,433,730,0,1,0,0,0,67,0,0,0,70,0,295,228,69,0,0,46,0.399
Course 20,43,25,1.72,0.11,7,100.0,7,0,0,0,0,1,0.0,60.0,15,0.0,0.0,0.0,60.0,0.0,0.0,0.0,60.0,7.83,4,78.0,4,30,30,69,74,0,0,0,14,0,16,0,0,0,39,0,0,0,5,0,0,7,0.167
Course 20,29,14,2.07,0.07,3,0.0,0,0,0,0,0,1,0.0,20.0,14,0.0,0.0,0.0,20.0,0.0,0.0,0.0,20.0,6.45,1,76.0,1,0,0,66,66,0,0,0,0,0,0,0,0,0,66,0,0,0,0,0,0,0,1.0
Course 20,62,33,1.88,0.15,15,100.0,7,0,0,10,4,1,0.0,50.0,17,0.0,0.0,0.0,50.0,0.0,0.0,0.0,50.0,5.18,5,91.0,5,107,107,153,172,0,2,32,0,0,73,0,0,0,46,0,0,0,19,0,0,5,0.226
Course 20,77,21,3.67,0.11,23,100.0,3,0,0,30,26,1,0.0,48.75,27,0.0,0.0,0.0,48.75,0.0,0.0,0.0,48.75,9.17,5,381.0,4,253,253,315,315,0,0,43,1,0,209,0,0,0,62,0,0,0,0,0,0,3,0.38
Course 20,102,57,1.79,0.25,54,100.0,99,0,0,33,29,1,0.0,58.75,88,0.0,0.0,0.0,58.75,0.0,0.0,0.0,58.75,6.05,28,1497.0,13,362,526,694,715,0,86,59,8,12,197,87,13,64,167,0,1,1,20,0,0,40,0.567
Course 20,125,62,2.02,0.27,54,98.46,141,0,0,36,22,1,0.0,58.75,36,0.0,0.0,0.0,58.75,0.0,0.0,0.0,58.75,6.75,27,1544.0,13,363,601,717,757,15,25,17,60,88,158,80,0,158,112,4,0,23,13,4,0,44,0.519
Course 20,95,43,2.21,0.2,13,100.0,4,0,0,40,17,1,0.0,47.5,19,0.0,0.0,0.0,47.5,0.0,0.0,0.0,47.5,6.64,10,133.0,6,325,340,386,387,0,0,53,0,0,272,9,0,6,46,0,0,1,0,0,0,2,0.378
Course 20,46,18,2.56,0.11,1,100.0,0,0,0,1,1,0,0.0,0.0,0,0.0,0.0,0.0,0.0,0.0,0.0,0.0,0.0,4.23,1,1.0,1,11,11,11,11,0,0,0,0,0,11,0,0,0,0,0,0,0,0,0,0,0,1.0
Course 20,69,33,2.09,0.17,6,100.0,0,0,0,8,6,1,0.0,60.0,20,0.0,0.0,0.0,60.0,0.0,0.0,0.0,60.0,4.56,5,116.0,4,77,86,134,134,0,0,31,0,0,46,0,9,0,48,0,0,0,0,0,0,0,0.31
Course 20,47,33,1.42,0.17,23,100.0,6,0,0,13,7,1,0.0,60.0,26,0.0,0.0,0.0,60.0,0.0,0.0,0.0,60.0,4.63,14,624.0,7,214,226,285,285,0,61,92,4,0,57,12,0,0,59,0,0,0,0,0,0,5,0.43
Course 20,72,37,1.95,0.16,12,100.0,22,0,0,31,21,1,0.0,50.0,16,0.0,0.0,0.0,50.0,0.0,0.0,0.0,50.0,4.81,10,381.0,9,142,152,410,433,0,46,34,37,0,25,0,0,10,258,0,0,6,17,0,0,21,0.368
Course 20,76,39,1.95,0.17,9,100.0,5,0,0,8,5,1,0.0,50.0,24,0.0,0.0,0.0,50.0,0.0,0.0,0.0,50.0,6.14,7,113.0,5,57,66,120,135,0,0,0,1,0,56,9,0,0,54,0,0,15,0,0,0,3,0.251
Course 20,211,110,1.92,0.5,19,100.0,5,0,0,20,17,1,0.0,48.75,26,0.0,0.0,0.0,48.75,0.0,0.0,0.0,48.75,6.3,11,315.0,6,199,208,271,291,0,11,33,0,0,155,9,0,0,63,0,0,20,0,0,0,3,0.328
Course 20,97,53,1.83,0.23,36,100.0,34,0,0,62,46,1,0.0,50.0,45,0.0,0.0,0.0,50.0,0.0,0.0,0.0,50.0,4.54,17,1553.0,9,158,160,438,703,0,20,0,16,4,118,2,0,0,109,0,169,265,0,0,0,29,0.475
Course 20,61,25,2.44,0.17,1,0.0,0,0,0,0,0,0,0.0,0.0,0,0.0,0.0,0.0,0.0,0.0,0.0,0.0,0.0,6.25,1,0.0,1,1,1,1,1,0,0,1,0,0,0,0,0,0,0,0,0,0,0,0,0,0,0.0
Course 20,32,20,1.6,0.09,5,33.33,0,0,0,20,9,1,0.0,55.25,24,0.0,0.0,0.0,55.25,0.0,0.0,0.0,55.25,5.23,4,96.0,3,126,126,184,185,0,0,0,0,0,126,0,0,0,58,0,0,1,0,0,0,0,0.286
Course 20,38,17,2.24,0.24,0,0.0,0,0,0,0,0,0,0.0,0.0,0,0.0,0.0,0.0,0.0,0.0,0.0,0.0,0.0,0.0,0,0.0,0,0,0,0,0,0,0,0,0,0,0,0,0,0,0,0,0,0,0,0,0,0,0.0
Course 20,34,20,1.7,0.13,1,0.0,0,0,0,0,0,0,0.0,0.0,0,0.0,0.0,0.0,0.0,0.0,0.0,0.0,0.0,3.42,1,0.0,1,2,2,2,2,0,0,2,0,0,0,0,0,0,0,0,0,0,0,0,0,0,1.0
Course 20,125,62,2.02,0.27,68,100.0,81,0,0,108,88,1,0.0,47.5,24,0.0,0.0,0.0,47.5,0.0,0.0,0.0,47.5,5.7,29,1320.0,10,672,905,1300,1345,0,0,59,141,145,327,210,15,8,71,324,0,0,0,45,0,65,0.562
Course 20,81,32,2.53,0.16,9,100.0,0,0,0,20,13,1,0.0,50.0,23,0.0,0.0,0.0,50.0,0.0,0.0,0.0,50.0,5.53,4,289.0,4,198,206,266,266,0,0,133,0,0,65,0,0,8,60,0,0,0,0,0,0,0,0.367
Course 20,36,20,1.8,0.09,5,100.0,1,0,0,0,0,1,0.0,47.33,22,0.0,0.0,0.0,47.33333,0.0,0.0,0.0,47.33333,5.9,2,208.0,2,0,0,53,59,0,0,0,0,0,0,0,0,0,53,0,0,0,6,0,0,1,0.204
Course 20,10,5,2.0,0.03,4,0.0,0,0,0,0,0,1,0.0,15.0,9,0.0,0.0,0.0,15.0,0.0,0.0,0.0,15.0,6.09,1,44.0,1,0,0,27,27,0,0,0,0,0,0,0,0,0,27,0,0,0,0,0,0,0,1.0
Course 20,181,92,1.97,0.39,113,100.0,102,0,0,65,46,1,0.0,38.75,184,0.0,0.0,0.0,38.75,0.0,0.0,0.0,38.75,6.89,35,1906.0,15,338,499,1045,1241,3,71,92,42,3,127,20,23,118,530,2,14,1,71,124,0,41,0.617
Course 20,102,58,1.76,0.25,43,100.0,13,0,0,62,52,1,0.0,32.5,35,0.0,0.0,0.0,32.5,0.0,0.0,0.0,32.5,5.67,16,580.0,10,337,339,623,675,0,1,13,7,1,315,2,0,0,255,29,0,0,12,40,0,8,0.438
Course 20,5,5,1.0,0.07,0,0.0,0,0,0,0,0,0,0.0,0.0,0,0.0,0.0,0.0,0.0,0.0,0.0,0.0,0.0,0.0,0,0.0,0,0,0,0,0,0,0,0,0,0,0,0,0,0,0,0,0,0,0,0,0,0,0.0
Course 20,90,56,1.61,0.27,27,100.0,3,0,0,8,2,1,0.0,36.5,46,0.0,0.0,0.0,36.5,0.0,0.0,0.0,36.5,6.65,19,1156.0,9,110,126,239,239,0,28,16,36,0,30,7,0,9,109,0,4,0,0,0,0,1,0.405
Course 20,169,90,1.88,0.39,79,100.0,152,0,0,206,66,1,0.0,27.0,50,0.0,0.0,0.0,27.0,0.0,0.0,0.0,27.0,6.17,49,6749.0,15,721,1144,1975,2065,10,131,104,157,71,248,159,40,224,194,179,458,38,28,24,0,55,0.729
Course 20,127,67,1.9,0.29,46,100.0,58,0,0,31,25,1,0.0,51.75,28,0.0,0.0,0.0,51.75,0.0,0.0,0.0,51.75,5.19,30,3385.0,14,323,469,538,544,0,44,22,13,5,239,10,107,29,66,2,1,3,1,2,0,23,0.537
Course 20,78,33,2.36,0.15,30,97.06,16,0,0,28,21,1,0.0,50.0,28,0.0,0.0,0.0,50.0,0.0,0.0,0.0,50.0,8.67,10,286.0,6,298,299,364,380,0,0,17,1,0,280,1,0,0,65,0,0,16,0,0,0,13,0.364
Course 20,54,30,1.8,0.15,7,100.0,5,0,0,24,16,1,0.0,42.5,34,0.0,0.0,0.0,42.5,0.0,0.0,0.0,42.5,7.04,5,191.0,5,187,190,280,280,0,0,35,8,0,144,3,0,0,90,0,0,0,0,0,0,4,0.393
Course 20,67,40,1.68,0.18,10,100.0,11,0,0,5,4,1,0.0,58.75,15,0.0,0.0,0.0,58.75,0.0,0.0,0.0,58.75,5.68,9,178.0,6,73,79,116,131,0,1,14,0,0,58,6,0,0,37,0,0,0,15,0,0,6,0.226
Course 20,99,23,4.3,0.1,4,100.0,5,0,0,6,5,1,0.0,46.25,57,0.0,0.0,0.0,46.25,0.0,0.0,0.0,46.25,7.02,4,178.0,3,61,61,179,194,0,0,0,0,0,61,0,0,0,118,0,0,0,15,0,0,3,0.263
Course 20,85,42,2.02,0.19,28,100.0,17,0,0,0,0,1,0.0,48.0,49,0.0,0.0,0.0,48.0,0.0,0.0,0.0,48.0,6.29,13,813.0,9,51,51,192,210,0,38,0,7,0,6,0,0,0,137,3,1,10,8,0,0,11,0.301
Course 20,35,17,2.06,0.08,18,100.0,15,0,0,15,8,1,0.0,48.75,65,0.0,0.0,0.0,48.75,0.0,0.0,0.0,48.75,7.1,7,212.0,6,159,159,309,323,0,0,1,3,0,155,0,0,0,150,0,0,7,7,0,0,7,0.321
Course 20,45,20,2.25,0.12,17,100.0,1,0,0,7,5,1,0.0,54.0,60,0.0,0.0,0.0,54.0,0.0,0.0,0.0,54.0,5.84,6,136.0,4,61,62,212,212,0,0,0,6,0,55,1,0,0,150,0,0,0,0,0,0,1,0.389
Course 20,69,34,2.03,0.15,7,100.0,4,0,0,5,4,1,0.0,58.75,24,0.0,0.0,0.0,58.75,0.0,0.0,0.0,58.75,5.11,5,58.0,4,57,57,109,116,0,2,0,0,0,55,0,0,0,52,0,0,7,0,0,0,3,0.204
Course 20,45,21,2.14,0.09,36,100.0,21,0,0,0,0,1,0.0,58.75,22,0.0,0.0,0.0,58.75,0.0,0.0,0.0,58.75,6.55,8,1399.0,5,37,118,214,216,0,0,0,37,0,0,73,8,0,96,0,0,0,0,2,0,18,0.256
Course 20,91,44,2.07,0.19,21,100.0,5,0,0,26,16,1,0.0,58.75,43,0.0,0.0,0.0,58.75,0.0,0.0,0.0,58.75,6.69,10,183.0,9,213,213,314,325,0,2,66,4,0,141,0,0,0,101,0,0,1,10,0,0,4,0.337
Course 20,176,104,1.69,0.44,51,100.0,93,0,0,115,107,1,0.0,60.0,29,0.0,0.0,0.0,60.0,0.0,0.0,0.0,60.0,7.25,21,1787.0,8,295,650,721,1251,0,0,25,0,0,270,88,247,20,67,0,4,262,264,4,0,71,0.557
Course 20,147,78,1.88,0.34,40,97.44,51,0,0,33,12,1,0.0,36.5,50,0.0,0.0,0.0,36.5,0.0,0.0,0.0,36.5,8.26,29,1044.0,14,120,399,623,627,0,20,59,5,4,32,3,16,260,218,5,1,2,1,1,0,29,0.543
Course 20,131,85,1.54,0.36,93,100.0,106,0,0,249,78,1,0.0,32.0,86,0.0,0.0,0.0,32.0,0.0,0.0,0.0,32.0,6.23,53,4159.0,15,1066,1623,2391,2756,10,171,214,159,191,321,113,26,418,369,243,156,145,182,38,0,55,0.76
Course 20,80,51,1.57,0.22,12,100.0,56,0,0,7,3,0,0.0,0.0,0,0.0,0.0,0.0,0.0,0.0,0.0,0.0,0.0,5.29,10,143.0,7,250,273,273,275,0,32,5,0,0,213,21,0,2,0,0,0,0,0,2,0,46,0.252
Course 20,99,47,2.11,0.2,34,100.0,71,0,0,121,100,1,0.0,44.25,29,0.0,0.0,0.0,44.25,0.0,0.0,0.0,44.25,7.84,13,429.0,9,51,59,199,1273,0,0,0,4,0,47,3,5,0,140,0,0,1,0,1073,0,68,0.541
Course 20,213,112,1.9,0.48,56,100.0,85,0,0,79,68,1,0.0,48.33,73,0.0,0.0,0.0,48.33333,0.0,0.0,0.0,48.33333,11.49,22,2446.0,14,159,581,914,1105,1,82,12,2,7,55,8,2,412,253,1,79,0,183,8,0,53,0.554
Course 20,215,100,2.15,0.44,260,100.0,109,0,0,121,74,1,0.0,42.5,23,0.0,0.0,0.0,42.5,0.0,0.0,0.0,42.5,9.05,44,8128.0,14,446,965,1441,1676,0,26,108,73,87,152,146,72,301,198,248,30,177,50,8,0,71,0.701
Course 20,109,44,2.48,0.19,31,100.0,10,0,0,14,9,1,0.0,50.0,53,0.0,0.0,0.0,50.0,0.0,0.0,0.0,50.0,5.97,9,195.0,7,167,167,301,311,0,0,67,1,1,98,0,0,0,134,0,0,0,10,0,0,8,0.322
Course 20,98,48,2.04,0.22,27,95.24,3,0,0,40,18,1,0.0,50.0,47,0.0,0.0,0.0,50.0,0.0,0.0,0.0,50.0,5.24,13,796.0,9,337,346,474,523,0,7,53,5,0,272,6,0,3,119,8,1,49,0,0,0,3,0.455
Course 20,100,52,1.92,0.27,21,100.0,14,0,0,20,10,1,0.0,49.0,15,0.0,0.0,0.0,49.0,0.0,0.0,0.0,49.0,7.56,16,899.0,10,235,239,281,281,1,113,38,9,3,71,3,0,1,42,0,0,0,0,0,0,12,0.475
Course 20,84,41,2.05,0.17,18,100.0,71,0,0,126,89,1,0.0,50.0,31,0.0,0.0,0.0,50.0,0.0,0.0,0.0,50.0,12.64,9,1192.0,8,196,270,358,1273,0,0,0,5,0,191,68,0,6,88,0,0,0,0,915,0,65,0.471
Course 20,127,79,1.61,0.34,36,100.0,89,0,0,153,106,1,0.0,48.75,79,0.0,0.0,0.0,48.75,0.0,0.0,0.0,48.75,10.28,19,1014.0,11,778,930,1180,1802,0,1,39,127,270,341,73,79,0,187,63,0,89,529,4,0,71,0.604
Course 20,105,57,1.84,0.24,68,100.0,50,0,0,75,51,1,0.0,56.5,38,0.0,0.0,0.0,56.5,0.0,0.0,0.0,56.5,8.44,18,2168.0,11,369,576,837,930,0,24,0,6,0,339,65,0,142,162,46,53,0,14,79,0,35,0.511
Course 20,105,39,2.69,0.17,19,98.0,32,0,0,30,23,1,0.0,56.75,37,0.0,0.0,0.0,56.75,0.0,0.0,0.0,56.75,3.97,11,159.0,7,94,341,421,451,0,0,15,2,0,77,247,0,0,80,0,0,28,2,0,0,27,0.387
Course 20,62,29,2.14,0.15,14,100.0,1,0,0,22,13,1,0.0,58.75,27,0.0,0.0,0.0,58.75,0.0,0.0,0.0,58.75,4.35,8,344.0,6,206,207,269,269,0,140,1,28,0,37,1,0,0,62,0,0,0,0,0,0,1,0.391
Course 20,111,44,2.52,0.19,29,100.0,7,0,0,1,1,1,0.0,60.0,30,0.0,0.0,0.0,60.0,0.0,0.0,0.0,60.0,5.5,13,136.0,8,41,45,119,127,0,6,11,4,12,8,3,1,0,74,0,0,0,8,0,0,5,0.233
Course 20,79,46,1.72,0.2,28,100.0,29,0,0,34,24,1,0.0,48.33,43,0.0,0.0,0.0,48.33333,0.0,0.0,0.0,48.33333,9.89,22,2143.0,11,351,361,444,503,0,7,209,76,11,48,6,1,3,83,0,0,2,21,36,0,14,0.431
Course 20,111,60,1.85,0.27,46,100.0,56,0,0,53,37,1,0.0,50.0,25,0.0,0.0,0.0,50.0,0.0,0.0,0.0,50.0,5.59,30,1379.0,13,319,632,728,739,0,42,71,36,0,170,183,113,17,80,12,4,7,4,0,0,37,0.593
Course 20,58,26,2.23,0.13,7,100.0,1,0,0,24,16,1,0.0,50.0,70,0.0,0.0,0.0,50.0,0.0,0.0,0.0,50.0,5.83,2,112.0,2,119,119,349,349,0,0,0,0,0,119,0,0,0,230,0,0,0,0,0,0,1,0.4
Course 20,65,42,1.55,0.18,10,100.0,4,0,0,6,5,1,0.0,50.0,23,0.0,0.0,0.0,50.0,0.0,0.0,0.0,50.0,5.35,13,258.0,10,61,75,131,136,0,1,24,18,5,13,10,4,0,56,0,0,3,1,1,0,3,0.272
Course 20,57,27,2.11,0.13,8,100.0,0,0,0,1,1,1,0.0,50.0,24,0.0,0.0,0.0,50.0,0.0,0.0,0.0,50.0,5.19,5,124.0,5,11,12,65,95,0,0,1,0,0,10,1,0,0,53,0,0,30,0,0,0,0,0.218
Course 20,87,43,2.02,0.19,30,100.0,58,0,0,88,69,1,0.0,46.75,43,0.0,0.0,0.0,46.75,0.0,0.0,0.0,46.75,5.27,13,785.0,8,360,559,769,1004,0,3,1,0,0,356,0,199,0,93,0,117,207,21,7,0,53,0.486
Course 20,4,4,1.0,0.36,4,100.0,35,0,0,17,11,0,0.0,0.0,0,0.0,0.0,0.0,0.0,0.0,0.0,0.0,0.0,13.75,4,172.0,2,0,0,0,303,0,0,0,0,0,0,0,0,0,0,0,0,69,219,15,0,20,0.703
Course 20,5,3,1.67,0.27,7,100.0,4,0,0,0,0,0,0.0,0.0,0,0.0,0.0,0.0,0.0,0.0,0.0,0.0,0.0,8.22,3,37.0,2,0,0,0,32,0,0,0,0,0,0,0,0,0,0,0,0,23,3,6,0,3,0.385
Course 20,2,2,1.0,0.5,3,100.0,18,0,0,0,0,0,0.0,0.0,0,0.0,0.0,0.0,0.0,0.0,0.0,0.0,0.0,9.44,2,88.0,1,0,0,0,70,0,0,0,0,0,0,0,0,0,0,0,0,47,23,0,0,14,0.736
Course 20,0,0,0.0,0.0,0,0.0,0,0,0,0,0,0,0.0,0.0,0,0.0,0.0,0.0,0.0,0.0,0.0,0.0,0.0,0.0,0,0.0,0,0,0,0,0,0,0,0,0,0,0,0,0,0,0,0,0,0,0,0,0,0,0.0
Course 20,1,1,1.0,1.0,1,0.0,0,0,0,0,0,0,0.0,0.0,0,0.0,0.0,0.0,0.0,0.0,0.0,0.0,0.0,10.51,1,0.0,1,0,0,0,3,0,0,0,0,0,0,0,0,0,0,0,0,0,3,0,0,0,1.0
Course 23,173,90,1.92,0.38,91,100.0,120,0,0,131,91,1,0.0,57.5,48,0.0,0.0,0.0,57.5,0.0,0.0,0.0,57.5,9.31,20,1720.0,10,391,1371,1457,1749,0,0,254,14,123,0,16,1,963,24,55,7,0,292,0,0,70,0.633
Course 23,121,63,1.92,0.29,125,100.0,130,0,0,112,94,1,0.0,40.0,50,0.0,0.0,0.0,40.0,0.0,0.0,0.0,40.0,6.81,19,641.0,13,308,852,1252,1596,0,0,103,0,70,135,101,1,442,220,159,21,7,337,0,0,111,0.643
Course 23,185,77,2.4,0.33,67,98.26,112,0,0,123,72,1,0.0,11.0,44,0.0,0.0,0.0,11.0,0.0,0.0,0.0,11.0,7.85,27,3111.0,13,619,1041,1200,1784,0,0,316,7,276,20,9,0,413,3,150,6,78,505,1,0,105,0.677
Course 23,132,53,2.49,0.25,192,100.0,121,0,0,99,75,0,0.0,0.0,0,0.0,0.0,0.0,0.0,0.0,0.0,0.0,0.0,7.28,13,1622.0,10,201,209,300,1450,0,0,45,0,155,1,8,0,0,0,86,5,1,1149,0,0,116,0.554
Course 23,214,95,2.25,0.41,111,100.0,57,0,0,121,74,1,0.0,46.08,84,0.0,0.0,0.0,46.08333,0.0,0.0,0.0,46.08333,9.42,27,6726.0,12,887,1696,1834,2393,0,65,371,74,271,106,39,0,770,4,128,6,188,264,107,0,54,0.686
Course 23,161,50,3.22,0.22,75,100.0,5,0,0,55,52,1,0.0,35.0,21,0.0,0.0,0.0,35.0,0.0,0.0,0.0,35.0,6.07,20,1324.0,11,277,463,519,682,0,0,109,9,146,13,1,0,185,16,35,5,4,159,0,0,1,0.509
Course 23,188,96,1.96,0.41,58,99.61,131,0,0,216,155,1,0.0,39.5,27,0.0,0.0,0.0,39.5,0.0,0.0,0.0,39.5,7.55,31,2488.0,12,659,1458,1609,2546,0,55,312,26,261,5,62,24,713,46,103,2,198,739,0,0,110,0.714
Course 23,128,67,1.91,0.29,37,100.0,179,0,0,64,55,0,0.0,0.0,0,0.0,0.0,0.0,0.0,0.0,0.0,0.0,0.0,6.85,14,1199.0,8,319,497,501,1086,0,0,117,0,186,16,0,0,178,0,0,4,6,578,1,0,102,0.513
Course 23,99,58,1.71,0.25,43,100.0,143,0,0,79,60,1,0.0,46.75,27,0.0,0.0,0.0,46.75,0.0,0.0,0.0,46.75,8.66,18,2448.0,11,255,622,631,1198,0,0,153,0,98,4,0,0,367,2,5,2,0,567,0,0,87,0.569
Course 23,276,108,2.56,0.46,91,99.47,136,0,0,119,69,1,0.0,50.0,30,0.0,0.0,0.0,50.0,0.0,0.0,0.0,50.0,7.75,29,3841.0,13,724,1219,1276,1862,0,81,269,10,344,20,124,0,371,3,37,17,76,508,2,0,121,0.659
Course 23,140,66,2.12,0.29,61,100.0,97,0,0,140,108,1,0.0,41.33,28,0.0,0.0,0.0,41.33333,0.0,0.0,0.0,41.33333,9.14,24,2997.0,11,426,1399,1480,1723,0,20,186,47,173,0,134,20,819,28,50,3,0,243,0,0,70,0.653
Course 23,158,75,2.11,0.32,44,99.63,139,0,0,216,164,1,0.0,50.0,34,0.0,0.0,0.0,50.0,0.0,0.0,0.0,50.0,6.91,14,1134.0,9,473,1022,1119,2223,0,0,185,0,102,186,0,0,549,16,0,81,1,1103,0,0,116,0.6
Course 23,142,67,2.12,0.3,100,100.0,72,0,0,120,104,1,0.0,36.75,28,0.0,0.0,0.0,36.75,0.0,0.0,0.0,36.75,8.13,18,986.0,11,376,624,649,1510,0,19,170,4,175,8,64,0,184,8,8,9,0,497,364,0,56,0.597
Course 23,2,2,1.0,0.67,0,0.0,0,0,0,0,0,0,0.0,0.0,0,0.0,0.0,0.0,0.0,0.0,0.0,0.0,0.0,0.0,0,0.0,0,0,0,0,0,0,0,0,0,0,0,0,0,0,0,0,0,0,0,0,0,0,0.0
Course 23,133,60,2.22,0.26,44,99.29,111,0,0,58,42,1,0.0,34.0,38,0.0,0.0,0.0,34.0,0.0,0.0,0.0,34.0,5.79,15,560.0,11,148,372,459,994,0,0,118,0,30,0,18,35,171,15,69,3,0,535,0,0,102,0.547
Course 23,201,70,2.87,0.31,78,100.0,75,0,0,125,97,1,0.0,48.33,22,0.0,0.0,0.0,48.33333,0.0,0.0,0.0,48.33333,12.5,17,969.0,10,366,1174,1266,1468,0,0,237,0,124,5,20,5,783,44,43,5,0,202,0,0,68,0.608
Course 23,161,97,1.66,0.41,44,100.0,56,0,0,127,63,1,0.0,51.5,33,0.0,0.0,0.0,51.5,0.0,0.0,0.0,51.5,9.76,30,2923.0,13,539,893,942,1460,0,30,221,13,270,5,99,9,246,5,44,0,46,236,236,0,48,0.642
Course 23,170,66,2.58,0.28,49,99.5,195,0,0,80,62,1,0.0,60.0,29,0.0,0.0,0.0,60.0,0.0,0.0,0.0,60.0,8.48,18,1219.0,10,645,1270,1316,1519,0,0,126,7,441,71,0,0,625,1,43,2,0,203,0,0,140,0.574
Course 23,166,76,2.18,0.32,130,98.7,4,0,0,87,73,1,0.0,37.5,44,0.0,0.0,0.0,37.5,0.0,0.0,0.0,37.5,9.42,39,4287.0,12,267,669,718,1111,0,0,115,16,115,21,54,1,347,3,38,8,5,388,0,0,4,0.671
Course 23,144,72,2.0,0.32,28,100.0,61,0,0,98,76,1,0.0,56.25,61,0.0,0.0,0.0,56.25,0.0,0.0,0.0,56.25,5.38,13,1005.0,9,268,866,897,1138,0,0,110,0,145,13,36,1,561,1,30,0,0,241,0,0,31,0.543
Course 23,176,91,1.93,0.38,48,100.0,85,0,0,115,97,1,0.0,5.0,15,0.0,0.0,0.0,5.0,0.0,0.0,0.0,5.0,7.82,19,2172.0,12,317,1035,1137,1333,0,38,203,4,70,2,23,0,695,46,56,0,0,163,33,0,64,0.559
Course 23,180,80,2.25,0.34,88,100.0,33,0,0,165,99,1,0.0,41.75,48,0.0,0.0,0.0,41.75,0.0,0.0,0.0,41.75,9.24,22,3357.0,12,643,1336,1427,1804,0,4,424,0,173,42,103,1,589,0,71,20,3,374,0,0,25,0.668
Course 23,225,67,3.36,0.29,71,100.0,103,0,0,154,84,1,0.0,40.75,36,0.0,0.0,0.0,40.75,0.0,0.0,0.0,40.75,9.07,16,3173.0,10,579,1107,1243,1771,0,88,317,0,174,0,5,0,523,46,87,3,0,528,0,0,91,0.622
Course 23,211,92,2.29,0.39,70,98.81,73,0,0,182,52,1,0.0,39.0,70,0.0,0.0,0.0,39.0,0.0,0.0,0.0,39.0,10.67,23,4208.0,13,818,1692,1734,2028,0,40,339,69,349,21,6,79,789,5,30,7,0,286,8,0,37,0.653
Course 23,254,86,2.95,0.37,73,100.0,33,0,0,205,88,1,0.0,41.83,63,0.0,0.0,0.0,41.83333,0.0,0.0,0.0,41.83333,8.09,24,3619.0,11,739,1426,1528,2072,0,80,302,19,313,25,175,20,492,37,61,4,0,544,0,0,17,0.677
Course 23,148,73,2.03,0.31,44,100.0,132,0,0,147,117,1,0.0,40.75,25,0.0,0.0,0.0,40.75,0.0,0.0,0.0,40.75,7.7,20,2118.0,11,333,943,1014,1699,0,0,155,0,144,34,80,0,530,12,59,0,2,683,0,0,106,0.618
Course 23,203,88,2.31,0.39,54,99.39,122,0,0,117,64,1,0.0,46.33,35,0.0,0.0,0.0,46.33333,0.0,0.0,0.0,46.33333,9.96,25,2905.0,11,472,1095,1177,1557,0,68,237,32,129,6,87,1,535,13,65,4,0,380,0,0,106,0.646
Course 23,222,84,2.64,0.36,177,100.0,94,0,0,276,164,1,0.0,13.92,83,0.0,0.0,0.0,13.91667,0.0,0.0,0.0,13.91667,11.86,24,4633.0,12,530,1660,1862,3101,0,13,350,0,153,14,91,4,1035,81,108,13,983,256,0,0,71,0.711
Course 23,204,56,3.64,0.26,86,100.0,171,0,0,118,84,1,0.0,44.0,41,0.0,0.0,0.0,44.0,0.0,0.0,0.0,44.0,7.89,23,2180.0,12,848,1504,1569,2063,0,132,209,0,499,8,405,1,250,2,56,7,0,465,29,0,140,0.661
Course 23,120,62,1.94,0.27,26,100.0,119,0,0,77,71,1,0.0,57.5,54,0.0,0.0,0.0,57.5,0.0,0.0,0.0,57.5,6.39,10,646.0,8,319,830,857,1232,0,0,114,0,195,10,0,0,511,0,27,0,0,375,0,0,106,0.514
Course 23,137,81,1.69,0.35,27,100.0,16,0,0,108,65,1,0.0,19.42,44,0.0,0.0,0.0,19.41667,0.0,0.0,0.0,19.41667,10.68,13,1731.0,10,189,643,665,1021,0,0,39,0,146,4,8,0,446,7,14,1,0,183,173,0,12,0.534
Course 23,322,96,3.35,0.41,137,98.91,35,0,0,178,74,1,0.0,44.0,63,0.0,0.0,0.0,44.0,0.0,0.0,0.0,44.0,8.84,39,6220.0,13,777,1616,1859,2550,0,117,343,20,270,27,57,29,753,158,71,14,139,550,2,0,24,0.736
Course 23,196,78,2.51,0.33,93,100.0,118,0,0,229,150,1,0.0,8.0,30,0.0,0.0,0.0,8.0,0.0,0.0,0.0,8.0,5.86,23,2807.0,13,621,1155,1226,2740,0,4,205,0,410,2,50,0,484,0,59,12,141,1373,0,0,106,0.7
Course 23,252,92,2.74,0.39,85,100.0,41,0,0,125,90,1,0.0,8.0,29,0.0,0.0,0.0,8.0,0.0,0.0,0.0,8.0,8.68,24,3482.0,12,574,847,938,1638,0,16,257,0,260,41,45,0,228,38,35,18,375,325,0,0,36,0.634
Course 23,269,89,3.02,0.38,83,100.0,10,0,0,259,81,1,0.0,35.33,46,0.0,0.0,0.0,35.33333,0.0,0.0,0.0,35.33333,8.29,18,3017.0,12,916,1453,1483,1913,0,122,369,126,294,5,133,1,403,0,26,4,1,429,0,0,9,0.667
Course 23,212,89,2.38,0.38,36,100.0,26,0,0,200,110,1,0.0,7.0,28,0.0,0.0,0.0,7.0,0.0,0.0,0.0,7.0,9.9,19,2725.0,10,965,1575,1653,2000,0,127,505,41,255,37,116,0,494,15,54,9,1,346,0,0,18,0.645
Course 23,145,72,2.01,0.31,33,100.0,85,0,0,90,61,1,0.0,24.33,49,0.0,0.0,0.0,24.33333,0.0,0.0,0.0,24.33333,7.16,17,1568.0,11,380,1001,1047,1332,0,7,106,14,237,16,80,5,536,0,44,2,0,285,0,0,63,0.609
Course 23,73,34,2.15,0.16,24,100.0,5,0,0,63,59,1,0.0,9.0,18,0.0,0.0,0.0,9.0,0.0,0.0,0.0,9.0,4.69,10,742.0,8,165,286,333,641,0,0,72,0,88,5,0,0,121,2,45,0,0,308,0,0,5,0.43
Course 23,132,66,2.0,0.29,27,100.0,62,0,0,82,37,1,0.0,7.0,24,0.0,0.0,0.0,7.0,0.0,0.0,0.0,7.0,9.11,13,2463.0,8,558,861,922,1139,0,0,296,4,194,64,0,0,303,2,59,0,0,217,0,0,56,0.511
Course 23,156,77,2.03,0.33,163,100.0,120,0,0,199,103,1,0.0,27.0,56,0.0,0.0,0.0,27.0,0.0,0.0,0.0,27.0,10.36,20,2333.0,11,775,1569,1629,2463,0,5,358,0,287,125,78,0,716,0,60,0,2,313,519,0,102,0.659
Course 23,134,56,2.39,0.25,64,96.88,4,0,0,93,64,1,0.0,41.33,33,0.0,0.0,0.0,41.33333,0.0,0.0,0.0,41.33333,7.04,13,2637.0,9,324,600,645,915,0,0,133,26,165,0,87,0,189,3,40,2,0,270,0,0,4,0.526
Course 23,144,66,2.18,0.28,141,100.0,28,0,0,113,66,1,0.0,17.25,114,0.0,0.0,0.0,17.25,0.0,0.0,0.0,17.25,8.23,18,2626.0,12,320,1077,1180,1530,0,0,139,0,177,4,32,0,725,19,81,3,0,350,0,0,18,0.616
Course 23,168,78,2.15,0.33,32,100.0,23,0,0,179,69,1,0.0,41.0,58,0.0,0.0,0.0,41.0,0.0,0.0,0.0,41.0,8.49,16,1899.0,9,645,1041,1174,1814,0,0,270,0,331,44,93,1,302,36,97,0,0,640,0,0,21,0.598
Course 23,165,75,2.2,0.32,71,100.0,45,0,0,131,94,1,0.0,45.75,44,0.0,0.0,0.0,45.75,0.0,0.0,0.0,45.75,11.82,17,3614.0,10,232,1096,1158,1368,0,41,31,21,130,9,1,0,863,0,57,5,0,209,1,0,26,0.575
Course 23,207,78,2.65,0.34,111,99.17,156,0,0,122,82,1,0.0,26.75,50,0.0,0.0,0.0,26.75,0.0,0.0,0.0,26.75,8.65,23,3835.0,13,370,1113,1252,1634,0,0,157,0,198,15,113,1,629,103,17,19,1,381,0,0,42,0.658
Course 23,211,75,2.81,0.33,58,99.53,116,0,0,137,125,1,0.0,40.33,48,0.0,0.0,0.0,40.33333,0.0,0.0,0.0,40.33333,6.82,17,1596.0,11,207,1174,1231,1751,0,0,120,0,51,36,0,25,942,0,31,26,0,520,0,0,97,0.636
Course 23,217,85,2.55,0.36,43,100.0,12,0,0,103,89,1,0.0,41.75,43,0.0,0.0,0.0,41.75,0.0,0.0,0.0,41.75,9.2,16,1845.0,9,208,764,810,1008,0,0,102,0,105,1,12,1,543,4,40,2,0,198,0,0,12,0.555
Course 23,291,114,2.55,0.48,102,98.47,92,0,0,358,71,1,0.0,39.0,88,0.0,0.0,0.0,39.0,0.0,0.0,0.0,39.0,8.89,34,3929.0,12,1075,1994,2180,2872,0,173,605,55,173,69,141,7,771,90,87,9,112,546,34,0,67,0.736
Course 23,193,97,1.99,0.41,21,100.0,27,0,0,67,54,1,0.0,59.0,29,0.0,0.0,0.0,59.0,0.0,0.0,0.0,59.0,7.57,17,1984.0,9,223,395,410,690,0,0,140,0,83,0,0,6,166,15,0,0,0,93,187,0,23,0.444
Course 23,140,77,1.82,0.33,58,100.0,48,0,0,105,92,1,0.0,57.75,38,0.0,0.0,0.0,57.75,0.0,0.0,0.0,57.75,6.12,18,2279.0,11,189,685,740,1047,0,0,80,0,96,13,12,70,414,46,0,9,9,298,0,0,25,0.582
Course 23,253,103,2.46,0.44,118,100.0,120,0,0,435,83,1,0.0,24.92,79,0.0,0.0,0.0,24.91667,0.0,0.0,0.0,24.91667,9.95,28,6378.0,12,1970,3108,3546,4344,0,0,1562,2,343,63,88,15,1035,213,112,113,43,657,98,0,90,0.763
Course 23,222,118,1.88,0.5,70,100.0,165,0,0,327,166,1,0.0,9.25,64,0.0,0.0,0.0,9.25,0.0,0.0,0.0,9.25,10.49,26,3589.0,13,787,1925,2141,3354,0,0,445,3,337,2,88,0,1050,47,165,4,729,371,113,0,108,0.737
Course 23,117,68,1.72,0.29,28,100.0,49,0,0,100,62,1,0.0,7.0,36,0.0,0.0,0.0,7.0,0.0,0.0,0.0,7.0,10.45,16,1986.0,9,215,786,849,1041,0,0,40,0,172,3,7,0,564,2,61,0,0,13,179,0,33,0.489
Course 23,352,104,3.38,0.44,96,100.0,68,0,0,274,97,1,0.0,42.0,92,0.0,0.0,0.0,42.0,0.0,0.0,0.0,42.0,9.55,32,5359.0,13,1143,2203,2447,2981,0,153,460,194,295,41,6,1,1053,7,104,133,134,328,72,0,40,0.731
Course 23,293,97,3.02,0.41,85,99.4,130,0,0,271,74,1,0.0,44.0,61,0.0,0.0,0.0,44.0,0.0,0.0,0.0,44.0,9.35,51,7967.0,13,1236,2064,2489,3134,0,212,689,83,195,57,117,250,461,83,175,167,37,607,1,0,102,0.791
Course 23,131,72,1.82,0.31,40,100.0,18,0,0,81,36,1,0.0,26.25,59,0.0,0.0,0.0,26.25,0.0,0.0,0.0,26.25,9.27,12,1495.0,6,503,904,904,904,0,126,146,11,220,0,82,0,319,0,0,0,0,0,0,0,9,0.583
Course 23,139,55,2.53,0.24,77,100.0,99,0,0,68,59,1,0.0,40.0,28,0.0,0.0,0.0,40.0,0.0,0.0,0.0,40.0,6.67,13,1067.0,9,238,563,602,1110,0,0,119,0,116,3,1,0,324,7,32,0,0,508,0,0,95,0.547
Course 23,222,99,2.24,0.42,54,100.0,114,0,0,213,81,1,0.0,28.0,66,0.0,0.0,0.0,28.0,0.0,0.0,0.0,28.0,9.38,22,2524.0,11,999,1451,1620,2230,0,175,271,89,434,30,8,0,444,41,124,4,0,610,0,0,88,0.676
Course 23,168,72,2.33,0.31,44,100.0,36,0,0,114,99,1,0.0,43.0,20,0.0,0.0,0.0,43.0,0.0,0.0,0.0,43.0,7.5,19,2022.0,12,268,761,798,1212,0,0,117,0,132,19,219,16,258,1,32,4,0,289,125,0,19,0.595
Course 23,183,65,2.82,0.29,42,100.0,103,0,0,94,67,1,0.0,41.83,67,0.0,0.0,0.0,41.83333,0.0,0.0,0.0,41.83333,8.32,15,1371.0,10,317,1281,1342,1556,0,0,203,0,108,6,261,0,703,19,40,2,0,214,0,0,101,0.604
Course 23,238,89,2.67,0.38,44,100.0,110,0,0,76,45,1,0.0,46.25,86,0.0,0.0,0.0,46.25,0.0,0.0,0.0,46.25,9.35,17,1476.0,11,171,937,988,1280,0,14,102,1,51,3,156,0,610,26,21,4,0,292,0,0,105,0.604
Course 23,160,77,2.08,0.33,28,100.0,45,0,0,141,99,1,0.0,46.75,41,0.0,0.0,0.0,46.75,0.0,0.0,0.0,46.75,8.13,13,2434.0,8,395,931,1009,1378,0,0,199,0,186,10,0,0,536,19,59,0,0,369,0,0,42,0.532
Course 23,179,90,1.99,0.38,57,100.0,123,0,0,198,59,1,0.0,41.5,57,0.0,0.0,0.0,41.5,0.0,0.0,0.0,41.5,9.31,30,4467.0,11,836,1779,1913,2322,0,189,290,35,307,15,107,26,810,38,78,18,157,252,0,0,57,0.706
Course 23,212,82,2.59,0.35,92,100.0,102,0,0,161,77,1,0.0,50.0,70,0.0,0.0,0.0,50.0,0.0,0.0,0.0,50.0,7.95,21,2646.0,12,418,1273,1415,2025,0,74,110,0,224,10,167,0,688,57,76,9,26,564,20,0,87,0.65
Course 23,86,50,1.72,0.22,25,92.06,12,0,0,92,56,1,0.0,8.0,17,0.0,0.0,0.0,8.0,0.0,0.0,0.0,8.0,9.08,14,1121.0,10,241,541,845,921,0,0,126,0,102,13,0,9,291,0,67,237,0,76,0,0,10,0.568
Course 23,267,93,2.87,0.4,202,100.0,136,0,0,205,95,1,0.0,48.75,69,0.0,0.0,0.0,48.75,0.0,0.0,0.0,48.75,10.34,25,5404.0,12,297,2130,2427,2789,0,7,176,1,87,26,365,0,1468,122,149,26,189,173,0,0,92,0.72
Course 23,310,98,3.16,0.41,131,98.35,86,0,0,91,70,1,0.0,33.0,42,0.0,0.0,0.0,33.0,0.0,0.0,0.0,33.0,7.67,31,5119.0,14,508,1140,1233,1593,0,23,228,89,155,13,154,1,477,9,64,20,142,163,55,0,53,0.668
Course 23,226,93,2.43,0.39,91,100.0,72,0,0,204,76,1,0.0,5.0,51,0.0,0.0,0.0,5.0,0.0,0.0,0.0,5.0,8.57,21,4185.0,10,1021,1834,1969,1969,0,119,379,0,512,11,7,9,797,50,84,1,0,0,0,0,67,0.684
Course 23,250,105,2.38,0.45,79,100.0,132,0,0,179,77,1,0.0,25.67,55,0.0,0.0,0.0,25.66667,0.0,0.0,0.0,25.66667,8.65,25,4949.0,12,986,1596,1715,2439,0,142,553,13,246,32,128,1,481,2,117,0,27,697,0,0,99,0.68
Course 23,151,90,1.68,0.38,34,100.0,115,0,0,123,50,1,0.0,8.0,21,0.0,0.0,0.0,8.0,0.0,0.0,0.0,8.0,10.65,23,3225.0,11,395,897,1123,1555,0,116,111,33,135,0,22,1,479,19,59,148,232,180,20,0,111,0.62
Course 23,186,84,2.21,0.36,45,100.0,105,0,0,171,111,1,0.0,48.0,37,0.0,0.0,0.0,48.0,0.0,0.0,0.0,48.0,11.54,20,988.0,12,352,1358,1474,1901,0,7,177,0,77,91,41,19,946,76,39,1,0,405,22,0,71,0.64
Course 23,173,85,2.04,0.36,101,99.13,63,0,0,170,72,1,0.0,48.75,36,0.0,0.0,0.0,48.75,0.0,0.0,0.0,48.75,10.18,26,2262.0,11,950,1334,1341,1735,0,3,496,224,210,17,0,269,115,0,7,0,33,360,1,0,47,0.622
Course 23,176,62,2.84,0.28,69,100.0,54,0,0,36,28,1,0.0,44.33,45,0.0,0.0,0.0,44.33333,0.0,0.0,0.0,44.33333,7.55,18,2058.0,10,272,484,641,799,0,34,125,25,73,15,0,0,212,75,71,11,0,158,0,0,44,0.527
Course 23,152,79,1.92,0.33,62,100.0,91,0,0,169,81,1,0.0,48.0,31,0.0,0.0,0.0,48.0,0.0,0.0,0.0,48.0,6.53,15,1373.0,10,309,1029,1171,1722,0,0,227,0,78,4,254,21,445,16,113,13,0,551,0,0,77,0.619
Course 23,314,112,2.8,0.47,77,100.0,115,0,0,144,92,1,0.0,50.0,72,0.0,0.0,0.0,50.0,0.0,0.0,0.0,50.0,8.01,25,3712.0,12,475,1468,1602,1778,0,68,161,47,147,52,205,2,786,49,70,15,0,176,0,0,75,0.678
Course 23,213,87,2.45,0.37,173,98.91,125,0,0,258,76,1,0.0,16.33,66,0.0,0.0,0.0,16.33333,0.0,0.0,0.0,16.33333,8.97,28,6070.0,13,835,1318,1587,2791,0,82,386,0,350,17,94,6,383,114,80,75,568,636,0,0,111,0.725
Course 23,217,66,3.29,0.28,105,100.0,111,0,0,122,90,1,0.0,55.83,89,0.0,0.0,0.0,55.83333,0.0,0.0,0.0,55.83333,9.59,15,796.0,11,412,1421,1510,1852,0,0,237,0,170,5,84,0,925,3,84,2,0,342,0,0,78,0.619
Course 23,331,99,3.34,0.42,71,99.62,165,0,0,349,162,1,0.0,47.0,50,0.0,0.0,0.0,47.0,0.0,0.0,0.0,47.0,10.31,27,6953.0,12,1528,2482,2701,3797,0,447,788,0,217,76,1,30,923,83,132,4,7,984,105,0,110,0.732
Course 23,160,68,2.35,0.29,44,100.0,98,0,0,120,76,1,0.0,38.75,42,0.0,0.0,0.0,38.75,0.0,0.0,0.0,38.75,6.29,18,2164.0,11,578,1107,1162,1577,0,0,249,0,262,67,4,0,525,25,30,0,6,404,5,0,84,0.585
Course 23,234,81,2.89,0.34,148,100.0,141,0,0,129,70,1,0.0,58.33,39,0.0,0.0,0.0,58.33333,0.0,0.0,0.0,58.33333,7.53,24,1799.0,12,462,1318,1494,2052,0,95,209,0,141,17,222,0,634,123,50,3,0,337,221,0,100,0.65
Course 23,204,87,2.34,0.37,47,100.0,165,0,0,118,81,1,0.0,40.75,43,0.0,0.0,0.0,40.75,0.0,0.0,0.0,40.75,9.94,19,1109.0,12,581,1270,1337,1764,0,0,246,0,252,83,34,7,648,29,37,1,0,427,0,0,98,0.639
Course 23,439,111,3.95,0.47,153,100.0,98,0,0,176,72,1,0.0,54.0,52,0.0,0.0,0.0,54.0,0.0,0.0,0.0,54.0,9.26,27,5874.0,12,1108,1833,1993,2536,0,256,431,0,346,75,67,0,658,37,114,9,1,542,0,0,70,0.693
Course 23,170,64,2.66,0.28,57,100.0,2,0,0,148,80,1,0.0,17.33,61,0.0,0.0,0.0,17.33333,0.0,0.0,0.0,17.33333,9.45,20,2908.0,10,701,1208,1332,1751,0,0,355,75,258,13,0,0,507,0,97,27,115,304,0,0,2,0.624
Course 23,230,110,2.09,0.47,93,100.0,143,0,0,215,65,1,0.0,48.0,48,0.0,0.0,0.0,48.0,0.0,0.0,0.0,48.0,11.58,42,10363.0,13,952,1815,2264,2909,0,133,438,105,228,48,132,86,645,53,79,317,333,312,0,0,56,0.762
Course 23,194,77,2.52,0.33,131,100.0,9,0,0,184,82,1,0.0,44.5,57,0.0,0.0,0.0,44.5,0.0,0.0,0.0,44.5,9.3,24,3590.0,9,736,1277,1301,1706,0,0,528,9,198,1,87,72,382,0,24,0,1,404,0,0,9,0.604
Course 3,88,42,2.1,0.2,4,0.0,0,0,0,0,0,0,0.0,0.0,2,0.0,0.0,0.0,0.0,0.0,0.0,0.0,0.0,6.35,2,11.0,2,9,9,9,9,8,0,0,1,0,0,0,0,0,0,0,0,0,0,0,0,0,0.126
Course 3,132,43,3.07,0.23,81,100.0,0,0,0,0,0,48,100.0,45.86,676,0.0,0.0,0.0,0.0,0.0,0.0,0.0,0.0,14.98,15,2419.0,3,1575,1575,1575,1575,0,0,506,563,506,0,0,0,0,0,0,0,0,0,0,0,46,0.893
Course 3,135,73,1.85,0.31,93,100.0,0,0,0,0,0,81,100.0,42.21,1300,0.0,0.0,0.0,0.0,0.0,0.0,0.0,0.0,14.31,36,2368.0,8,2955,3004,3115,3115,0,0,988,844,661,462,14,4,31,0,0,111,0,0,0,0,78,0.702
Course 3,135,80,1.69,0.34,144,100.0,0,0,0,0,0,89,100.0,34.53,1218,0.0,0.0,0.0,0.0,0.0,0.0,0.0,0.0,10.95,47,5423.0,12,2364,2526,2845,2848,0,17,820,786,658,83,16,99,47,127,113,79,3,0,0,0,88,0.788
Course 3,168,83,2.02,0.35,160,100.0,0,0,0,0,0,87,100.0,29.29,1018,0.0,0.0,0.0,0.0,0.0,0.0,0.0,0.0,12.95,52,3850.0,12,1861,2177,2444,2445,3,0,305,588,622,343,106,40,170,99,74,94,1,0,0,0,84,0.782
Course 3,80,45,1.78,0.24,26,100.0,0,0,0,0,0,40,100.0,43.15,439,0.0,0.0,0.0,0.0,0.0,0.0,0.0,0.0,12.59,12,632.0,3,1048,1048,1048,1048,0,0,675,187,186,0,0,0,0,0,0,0,0,0,0,0,40,0.784
Course 3,91,51,1.78,0.22,50,100.0,0,0,0,0,0,63,100.0,45.17,930,0.0,0.0,0.0,0.0,0.0,0.0,0.0,0.0,12.83,20,1041.0,5,2057,2057,2142,2142,0,0,713,610,565,169,0,0,0,0,0,85,0,0,0,0,63,0.51
Course 3,63,34,1.85,0.18,9,100.0,0,0,0,0,0,16,100.0,16.88,170,0.0,0.0,0.0,0.0,0.0,0.0,0.0,0.0,16.09,6,1423.0,2,363,363,363,363,0,0,156,0,207,0,0,0,0,0,0,0,0,0,0,0,15,0.588
Course 3,155,66,2.35,0.31,327,100.0,0,0,0,0,0,102,100.0,35.77,2340,0.0,0.0,0.0,0.0,0.0,0.0,0.0,0.0,12.26,35,8867.0,8,4852,5040,5040,5040,189,0,606,2111,1011,935,133,46,9,0,0,0,0,0,0,0,54,0.8
Course 3,125,71,1.76,0.31,113,100.0,0,0,0,0,0,78,100.0,38.54,1225,0.0,0.0,0.0,0.0,0.0,0.0,0.0,0.0,11.26,37,3874.0,10,2601,2908,2943,2943,0,82,920,731,566,302,102,53,152,2,33,0,0,0,0,0,77,0.795
Course 3,80,41,1.95,0.22,42,100.0,0,0,0,0,0,33,100.0,38.23,584,0.0,0.0,0.0,0.0,0.0,0.0,0.0,0.0,12.27,15,145.0,3,1315,1315,1315,1315,0,0,258,568,489,0,0,0,0,0,0,0,0,0,0,0,33,0.855
Course 3,89,55,1.62,0.24,37,100.0,0,0,0,0,0,65,100.0,41.53,1011,0.0,0.0,0.0,0.0,0.0,0.0,0.0,0.0,12.46,23,752.0,6,2155,2247,2280,2280,0,163,690,841,461,0,0,92,0,0,0,33,0,0,0,0,64,0.584
Course 3,92,48,1.92,0.22,35,100.0,0,0,0,0,0,37,100.0,45.8,688,0.0,0.0,0.0,0.0,0.0,0.0,0.0,0.0,12.24,22,1935.0,7,1450,1487,1503,1503,0,0,292,611,463,84,7,0,30,16,0,0,0,0,0,0,37,0.699
Course 3,88,53,1.66,0.29,29,100.0,0,0,0,0,0,56,100.0,44.93,1162,0.0,0.0,0.0,0.0,0.0,0.0,0.0,0.0,15.3,21,1251.0,4,2689,2689,2689,2689,0,154,697,1224,614,0,0,0,0,0,0,0,0,0,0,0,54,0.916
Course 3,0,0,0.0,0.0,0,0.0,0,0,0,0,0,0,0.0,0.0,0,0.0,0.0,0.0,0.0,0.0,0.0,0.0,0.0,0.0,0,0.0,0,0,0,0,0,0,0,0,0,0,0,0,0,0,0,0,0,0,0,0,0,0,0.0
Course 3,150,69,2.17,0.3,146,100.0,0,0,0,0,0,78,100.0,37.13,1220,0.0,0.0,0.0,0.0,0.0,0.0,0.0,0.0,12.3,34,2318.0,9,2336,2752,2789,2789,154,145,638,801,597,1,333,83,0,0,0,37,0,0,0,0,75,0.639
Course 3,72,28,2.57,0.14,1,0.0,0,0,0,0,0,0,0.0,0.0,0,0.0,0.0,0.0,0.0,0.0,0.0,0.0,0.0,7.07,1,0.0,1,0,1,1,1,0,0,0,0,0,0,1,0,0,0,0,0,0,0,0,0,0,0.0
Course 3,83,50,1.66,0.24,62,100.0,0,0,0,0,0,64,100.0,39.02,923,0.0,0.0,0.0,0.0,0.0,0.0,0.0,0.0,12.74,23,1009.0,6,1976,2103,2103,2103,0,0,652,611,451,262,0,6,121,0,0,0,0,0,0,0,63,0.757
Course 3,63,33,1.91,0.18,17,100.0,0,0,0,0,0,20,100.0,42.73,283,0.0,0.0,0.0,0.0,0.0,0.0,0.0,0.0,12.85,5,893.0,2,638,638,638,638,0,0,616,0,22,0,0,0,0,0,0,0,0,0,0,0,19,0.658
Course 3,139,63,2.21,0.27,57,100.0,0,0,0,0,0,72,100.0,36.94,1184,0.0,0.0,0.0,0.0,0.0,0.0,0.0,0.0,12.74,28,2751.0,6,2578,2674,2687,2687,0,0,828,924,652,174,96,0,0,0,0,13,0,0,0,0,70,0.585
Course 3,102,50,2.04,0.21,40,100.0,0,0,0,0,0,47,100.0,36.8,797,0.0,0.0,0.0,0.0,0.0,0.0,0.0,0.0,12.77,22,571.0,5,1709,1709,1796,1796,0,0,294,711,528,176,0,0,0,0,0,87,0,0,0,0,46,0.489
Course 3,115,72,1.6,0.31,78,100.0,0,0,0,0,0,90,100.0,33.31,1196,0.0,0.0,0.0,0.0,0.0,0.0,0.0,0.0,12.87,39,3734.0,11,2467,2652,2898,2902,0,0,827,831,614,195,100,5,80,63,73,110,4,0,0,0,84,0.778
Course 3,75,42,1.79,0.23,39,100.0,0,0,0,0,0,36,100.0,40.45,527,0.0,0.0,0.0,0.0,0.0,0.0,0.0,0.0,15.94,14,814.0,4,1267,1267,1267,1267,0,164,402,516,185,0,0,0,0,0,0,0,0,0,0,0,35,0.873
Course 3,69,35,1.97,0.21,14,100.0,0,0,0,0,0,8,100.0,21.69,81,0.0,0.0,0.0,0.0,0.0,0.0,0.0,0.0,15.93,5,163.0,2,243,243,243,243,0,1,242,0,0,0,0,0,0,0,0,0,0,0,0,0,8,0.832
Course 3,110,58,1.9,0.31,40,100.0,0,0,0,0,0,49,100.0,42.94,871,0.0,0.0,0.0,0.0,0.0,0.0,0.0,0.0,14.79,22,2008.0,4,2088,2088,2088,2088,0,211,504,858,515,0,0,0,0,0,0,0,0,0,0,0,47,0.904
Course 3,133,47,2.83,0.22,56,100.0,0,0,0,0,0,57,100.0,44.75,869,0.0,0.0,0.0,0.0,0.0,0.0,0.0,0.0,11.5,17,993.0,4,1945,1978,1978,1978,0,0,715,706,524,0,0,0,33,0,0,0,0,0,0,0,57,0.626
Course 3,93,55,1.69,0.24,38,100.0,0,0,0,0,0,39,100.0,32.36,459,0.0,0.0,0.0,0.0,0.0,0.0,0.0,0.0,13.12,24,2041.0,5,950,950,1327,1327,0,0,370,580,0,0,0,0,0,65,191,121,0,0,0,0,38,0.457
Course 3,95,38,2.5,0.22,5,100.0,0,0,0,0,0,16,100.0,33.47,177,0.0,0.0,0.0,0.0,0.0,0.0,0.0,0.0,16.15,3,369.0,1,451,451,451,451,0,0,451,0,0,0,0,0,0,0,0,0,0,0,0,0,15,0.905
Course 3,59,28,2.11,0.16,7,100.0,0,0,0,0,0,4,100.0,28.5,34,0.0,0.0,0.0,0.0,0.0,0.0,0.0,0.0,13.72,3,62.0,1,95,95,95,95,0,0,95,0,0,0,0,0,0,0,0,0,0,0,0,0,4,0.814
Course 3,48,27,1.78,0.12,17,100.0,0,0,0,0,0,19,100.0,35.99,254,0.0,0.0,0.0,0.0,0.0,0.0,0.0,0.0,15.53,7,243.0,3,533,533,577,577,0,0,348,0,185,0,0,0,0,0,0,44,0,0,0,0,18,0.335
Course 3,67,28,2.39,0.41,0,0.0,0,0,0,0,0,0,0.0,0.0,0,0.0,0.0,0.0,0.0,0.0,0.0,0.0,0.0,0.0,0,0.0,0,0,0,0,0,0,0,0,0,0,0,0,0,0,0,0,0,0,0,0,0,0,0.0
Course 3,46,23,2.0,0.13,3,100.0,0,0,0,0,0,1,100.0,0.0,4,0.0,0.0,0.0,0.0,0.0,0.0,0.0,0.0,11.23,1,4.0,1,9,9,9,9,0,0,0,0,9,0,0,0,0,0,0,0,0,0,0,0,1,1.0
Course 3,76,46,1.65,0.26,24,100.0,0,0,0,0,0,23,100.0,26.2,257,0.0,0.0,0.0,0.0,0.0,0.0,0.0,0.0,15.58,8,484.0,3,597,597,597,597,0,18,568,11,0,0,0,0,0,0,0,0,0,0,0,0,21,0.839
Course 3,74,29,2.55,0.48,0,0.0,0,0,0,0,0,0,0.0,0.0,0,0.0,0.0,0.0,0.0,0.0,0.0,0.0,0.0,0.0,0,0.0,0,0,0,0,0,0,0,0,0,0,0,0,0,0,0,0,0,0,0,0,0,0,0.0
Course 3,177,104,1.7,0.44,145,100.0,0,0,0,0,0,130,100.0,34.34,1627,0.0,0.0,0.0,0.0,0.0,0.0,0.0,0.0,11.45,68,7546.0,12,3212,3814,4534,4535,0,106,938,889,705,574,335,44,223,224,289,207,1,0,0,0,129,0.879
Course 3,70,44,1.59,0.21,20,100.0,0,0,0,0,0,47,100.0,43.54,640,0.0,0.0,0.0,0.0,0.0,0.0,0.0,0.0,15.15,11,1373.0,4,1428,1468,1468,1468,0,0,820,242,366,0,0,0,40,0,0,0,0,0,0,0,43,0.575
Course 3,113,60,1.88,0.27,78,100.0,0,0,0,0,0,38,100.0,36.64,344,0.0,0.0,0.0,0.0,0.0,0.0,0.0,0.0,14.95,30,4279.0,8,844,850,851,851,0,4,485,327,22,6,4,0,2,0,1,0,0,0,0,0,38,0.596
Course 3,73,33,2.21,0.52,0,0.0,0,0,0,0,0,0,0.0,0.0,0,0.0,0.0,0.0,0.0,0.0,0.0,0.0,0.0,0.0,0,0.0,0,0,0,0,0,0,0,0,0,0,0,0,0,0,0,0,0,0,0,0,0,0,0.0
Course 3,59,29,2.03,0.43,0,0.0,0,0,0,0,0,0,0.0,0.0,0,0.0,0.0,0.0,0.0,0.0,0.0,0.0,0.0,0.0,0,0.0,0,0,0,0,0,0,0,0,0,0,0,0,0,0,0,0,0,0,0,0,0,0,0.0
Course 3,87,44,1.98,0.19,41,100.0,0,0,0,0,0,32,100.0,38.72,491,0.0,0.0,0.0,0.0,0.0,0.0,0.0,0.0,13.74,16,270.0,4,1063,1063,1136,1136,0,0,273,408,382,0,0,0,0,0,0,73,0,0,0,0,30,0.42
Course 3,74,37,2.0,0.2,25,100.0,0,0,0,0,0,30,100.0,41.12,584,0.0,0.0,0.0,0.0,0.0,0.0,0.0,0.0,15.0,11,323.0,3,1280,1280,1280,1280,0,0,541,405,334,0,0,0,0,0,0,0,0,0,0,0,30,0.837
Course 3,95,54,1.76,0.25,80,100.0,0,0,0,0,0,50,100.0,40.4,916,0.0,0.0,0.0,0.0,0.0,0.0,0.0,0.0,11.51,26,2086.0,7,2055,2108,2108,2108,0,70,489,829,627,40,0,51,2,0,0,0,0,0,0,0,50,0.714
Course 3,45,24,1.88,0.39,0,0.0,0,0,0,0,0,0,0.0,0.0,0,0.0,0.0,0.0,0.0,0.0,0.0,0.0,0.0,0.0,0,0.0,0,0,0,0,0,0,0,0,0,0,0,0,0,0,0,0,0,0,0,0,0,0,0.0
Course 3,66,34,1.94,0.2,8,100.0,0,0,0,0,0,35,100.0,40.77,351,0.0,0.0,0.0,0.0,0.0,0.0,0.0,0.0,14.15,6,329.0,3,867,867,867,867,71,0,678,118,0,0,0,0,0,0,0,0,0,0,0,0,34,0.659
Course 3,91,35,2.6,0.15,29,100.0,0,0,0,0,0,14,100.0,37.46,230,0.0,0.0,0.0,0.0,0.0,0.0,0.0,0.0,11.17,7,217.0,3,469,469,573,573,0,0,1,0,468,0,0,0,0,0,0,104,0,0,0,0,12,0.338
Course 3,72,31,2.32,0.18,10,100.0,0,0,0,0,0,4,100.0,48.5,95,0.0,0.0,0.0,0.0,0.0,0.0,0.0,0.0,6.3,1,71.0,1,216,216,216,216,0,0,0,216,0,0,0,0,0,0,0,0,0,0,0,0,4,1.0
Course 3,54,22,2.45,0.13,16,100.0,0,0,0,0,0,11,100.0,30.36,91,0.0,0.0,0.0,0.0,0.0,0.0,0.0,0.0,16.35,2,199.0,1,230,230,230,230,0,0,230,0,0,0,0,0,0,0,0,0,0,0,0,0,11,0.791
Course 3,108,55,1.96,0.24,41,100.0,0,0,0,0,0,74,100.0,35.66,1203,0.0,0.0,0.0,0.0,0.0,0.0,0.0,0.0,11.48,25,2673.0,6,2673,2708,2910,2910,0,0,1016,1035,620,2,0,0,35,0,0,202,0,0,0,0,71,0.628
Course 3,138,53,2.6,0.25,99,100.0,0,0,0,0,0,71,100.0,39.84,1102,0.0,0.0,0.0,0.0,0.0,0.0,0.0,0.0,12.84,26,1696.0,6,2308,2499,2513,2513,0,0,632,710,623,343,0,0,191,14,0,0,0,0,0,0,71,0.719
Course 3,67,38,1.76,0.21,11,100.0,0,0,0,0,0,34,100.0,40.46,361,0.0,0.0,0.0,0.0,0.0,0.0,0.0,0.0,15.82,7,853.0,3,853,853,853,853,0,0,680,96,77,0,0,0,0,0,0,0,0,0,0,0,33,0.735
Course 3,76,27,2.81,0.16,3,0.0,0,0,0,0,0,0,0.0,0.0,1,0.0,0.0,0.0,0.0,0.0,0.0,0.0,0.0,17.58,1,0.0,1,4,4,4,4,0,0,0,4,0,0,0,0,0,0,0,0,0,0,0,0,0,1.0
Course 3,61,36,1.69,0.16,17,100.0,0,0,0,0,0,27,100.0,39.38,387,0.0,0.0,0.0,0.0,0.0,0.0,0.0,0.0,13.37,12,359.0,4,857,857,891,891,0,0,230,260,367,0,0,0,0,0,0,34,0,0,0,0,26,0.386
Course 3,83,40,2.08,0.22,42,100.0,0,0,0,0,0,41,100.0,40.58,568,0.0,0.0,0.0,0.0,0.0,0.0,0.0,0.0,13.39,14,1386.0,3,1294,1294,1294,1294,0,0,518,416,360,0,0,0,0,0,0,0,0,0,0,0,40,0.851
Course 3,92,35,2.63,0.2,5,100.0,0,0,0,0,0,6,100.0,25.17,85,0.0,0.0,0.0,0.0,0.0,0.0,0.0,0.0,14.65,3,106.0,2,185,185,185,185,0,0,72,113,0,0,0,0,0,0,0,0,0,0,0,0,5,0.768
Course 3,71,43,1.65,0.23,31,100.0,0,0,0,0,0,25,100.0,35.59,407,0.0,0.0,0.0,0.0,0.0,0.0,0.0,0.0,13.33,12,994.0,3,957,957,957,957,0,0,236,440,281,0,0,0,0,0,0,0,0,0,0,0,22,0.816
Course 3,44,28,1.57,0.15,7,100.0,0,0,0,0,0,13,100.0,33.54,167,0.0,0.0,0.0,0.0,0.0,0.0,0.0,0.0,15.28,3,87.0,2,402,402,402,402,0,0,173,0,229,0,0,0,0,0,0,0,0,0,0,0,13,0.572
Course 3,68,36,1.89,0.19,46,100.0,0,0,0,0,0,39,100.0,43.97,640,0.0,0.0,0.0,0.0,0.0,0.0,0.0,0.0,11.18,12,1147.0,4,1414,1414,1414,1414,0,0,586,597,230,1,0,0,0,0,0,0,0,0,0,0,39,0.826
Course 3,91,34,2.68,0.2,3,100.0,0,0,0,0,0,4,100.0,40.13,40,0.0,0.0,0.0,0.0,0.0,0.0,0.0,0.0,13.98,2,214.0,1,137,137,137,137,0,0,137,0,0,0,0,0,0,0,0,0,0,0,0,0,4,0.921
Course 3,77,39,1.97,0.18,56,100.0,0,0,0,0,0,21,100.0,27.7,420,0.0,0.0,0.0,0.0,0.0,0.0,0.0,0.0,13.67,14,2193.0,5,876,923,923,923,0,0,88,289,425,74,0,0,47,0,0,0,0,0,0,0,19,0.534
Course 3,73,42,1.74,0.2,33,100.0,0,0,0,0,0,52,100.0,43.24,701,0.0,0.0,0.0,0.0,0.0,0.0,0.0,0.0,13.08,15,597.0,4,1618,1652,1652,1652,0,0,710,466,442,0,0,0,34,0,0,0,0,0,0,0,52,0.604
Course 3,97,48,2.02,0.23,32,100.0,0,0,0,0,0,25,100.0,31.66,621,0.0,0.0,0.0,0.0,0.0,0.0,0.0,0.0,13.78,17,1699.0,6,1366,1378,1378,1378,0,0,231,260,577,298,9,0,3,0,0,0,0,0,0,0,25,0.667
Course 3,95,51,1.86,0.24,68,100.0,0,0,0,0,0,43,100.0,35.66,717,0.0,0.0,0.0,0.0,0.0,0.0,0.0,0.0,13.83,21,3819.0,5,1695,1696,1696,1696,0,0,442,696,471,86,0,0,1,0,0,0,0,0,0,0,41,0.619
Course 3,99,34,2.91,0.19,16,100.0,0,0,0,0,0,18,100.0,39.48,393,0.0,0.0,0.0,0.0,0.0,0.0,0.0,0.0,16.51,9,689.0,3,841,841,841,841,0,0,258,353,230,0,0,0,0,0,0,0,0,0,0,0,16,0.767
Course 3,106,53,2.0,0.23,46,100.0,0,0,0,0,0,50,100.0,44.61,812,0.0,0.0,0.0,0.0,0.0,0.0,0.0,0.0,15.25,19,1616.0,7,1758,1763,1840,1840,0,0,518,597,558,85,5,0,0,43,0,34,0,0,0,0,50,0.601
Course 3,69,37,1.86,0.16,24,100.0,0,0,0,0,0,9,100.0,24.81,126,0.0,0.0,0.0,0.0,0.0,0.0,0.0,0.0,11.35,8,596.0,4,275,275,302,302,0,0,102,94,79,0,0,0,0,0,0,27,0,0,0,0,8,0.271
Course 3,77,36,2.14,0.21,7,100.0,0,0,0,0,0,4,100.0,45.5,52,0.0,0.0,0.0,0.0,0.0,0.0,0.0,0.0,15.18,3,194.0,1,137,137,137,137,0,0,137,0,0,0,0,0,0,0,0,0,0,0,0,0,4,0.788
Course 3,173,64,2.7,0.27,94,100.0,0,0,0,0,0,80,100.0,41.51,1237,0.0,0.0,0.0,0.0,0.0,0.0,0.0,0.0,12.38,34,1837.0,9,2641,2809,2905,2907,0,0,850,744,575,472,91,0,77,53,0,43,2,0,0,0,78,0.687
Course 3,174,59,2.95,0.25,79,100.0,0,0,0,0,0,69,100.0,43.22,1146,0.0,0.0,0.0,0.0,0.0,0.0,0.0,0.0,13.59,25,2000.0,6,2433,2434,2481,2481,0,0,808,735,645,245,1,0,0,0,0,47,0,0,0,0,68,0.563
Course 3,146,64,2.28,0.27,113,100.0,0,0,0,0,0,43,100.0,38.04,770,0.0,0.0,0.0,0.0,0.0,0.0,0.0,0.0,14.3,30,2710.0,8,1405,1651,1759,1759,0,0,0,475,628,302,118,44,84,30,78,0,0,0,0,0,43,0.764
Course 3,114,38,3.0,0.2,13,100.0,0,0,0,0,0,10,100.0,30.48,159,0.0,0.0,0.0,0.0,0.0,0.0,0.0,0.0,14.58,5,361.0,2,416,416,416,416,0,0,72,0,344,0,0,0,0,0,0,0,0,0,0,0,10,0.66
Course 3,49,24,2.04,0.13,5,100.0,0,0,0,0,0,4,100.0,8.75,54,0.0,0.0,0.0,0.0,0.0,0.0,0.0,0.0,11.14,2,42.0,2,150,150,150,150,60,0,0,0,90,0,0,0,0,0,0,0,0,0,0,0,4,0.304
Course 3,55,26,2.12,0.4,0,0.0,0,0,0,0,0,0,0.0,0.0,0,0.0,0.0,0.0,0.0,0.0,0.0,0.0,0.0,0.0,0,0.0,0,0,0,0,0,0,0,0,0,0,0,0,0,0,0,0,0,0,0,0,0,0,0.0
Course 3,77,35,2.2,0.19,1,100.0,0,0,0,0,0,2,100.0,4.0,36,0.0,0.0,0.0,0.0,0.0,0.0,0.0,0.0,15.5,1,3.0,1,76,76,76,76,0,0,0,0,76,0,0,0,0,0,0,0,0,0,0,0,2,1.0
Course 3,65,32,2.03,0.17,29,100.0,0,0,0,0,0,7,100.0,12.57,156,0.0,0.0,0.0,0.0,0.0,0.0,0.0,0.0,16.24,6,95.0,3,349,349,349,349,0,0,8,123,218,0,0,0,0,0,0,0,0,0,0,0,6,0.616
Course 3,93,38,2.45,0.21,13,100.0,0,0,0,0,0,4,100.0,40.25,104,0.0,0.0,0.0,0.0,0.0,0.0,0.0,0.0,16.05,3,75.0,1,244,244,244,244,0,0,0,0,244,0,0,0,0,0,0,0,0,0,0,0,4,0.917
Course 3,62,28,2.21,0.15,1,100.0,0,0,0,0,0,1,100.0,6.0,33,0.0,0.0,0.0,0.0,0.0,0.0,0.0,0.0,15.89,1,20.0,1,73,73,73,73,0,0,0,0,73,0,0,0,0,0,0,0,0,0,0,0,1,1.0
Course 3,48,34,1.41,0.19,1,100.0,0,0,0,0,0,1,100.0,5.0,34,0.0,0.0,0.0,0.0,0.0,0.0,0.0,0.0,15.43,1,7.0,1,73,73,73,73,0,0,0,0,73,0,0,0,0,0,0,0,0,0,0,0,1,1.0
Course 3,53,25,2.12,0.14,1,100.0,0,0,0,0,0,2,100.0,49.0,38,0.0,0.0,0.0,0.0,0.0,0.0,0.0,0.0,14.28,1,12.0,1,84,84,84,84,0,0,0,0,84,0,0,0,0,0,0,0,0,0,0,0,2,1.0
Course 3,77,28,2.75,0.13,6,100.0,0,0,0,0,0,5,100.0,13.8,129,0.0,0.0,0.0,0.0,0.0,0.0,0.0,0.0,15.15,2,46.0,2,115,115,205,205,0,0,0,115,0,0,0,0,0,0,90,0,0,0,0,0,5,0.241
Course 3,104,36,2.89,0.2,16,100.0,0,0,0,0,0,1,100.0,29.0,76,0.0,0.0,0.0,0.0,0.0,0.0,0.0,0.0,16.49,2,16.0,2,140,140,140,140,0,0,71,0,69,0,0,0,0,0,0,0,0,0,0,0,1,0.518
Course 3,76,33,2.3,0.16,7,100.0,0,0,0,0,0,11,100.0,37.56,217,0.0,0.0,0.0,0.0,0.0,0.0,0.0,0.0,15.13,5,140.0,2,397,477,477,477,0,0,0,0,397,0,0,80,0,0,0,0,0,0,0,0,10,0.573
Course 3,58,19,3.05,0.31,0,0.0,0,0,0,0,0,0,0.0,0.0,0,0.0,0.0,0.0,0.0,0.0,0.0,0.0,0.0,0.0,0,0.0,0,0,0,0,0,0,0,0,0,0,0,0,0,0,0,0,0,0,0,0,0,0,0.0
Course 3,48,29,1.66,0.16,1,100.0,0,0,0,0,0,1,100.0,1.0,3,0.0,0.0,0.0,0.0,0.0,0.0,0.0,0.0,16.32,1,8.0,1,7,7,7,7,0,0,0,7,0,0,0,0,0,0,0,0,0,0,0,0,1,1.0
Course 3,83,39,2.13,0.17,35,100.0,0,0,0,0,0,31,100.0,41.31,557,0.0,0.0,0.0,0.0,0.0,0.0,0.0,0.0,14.85,11,309.0,3,1232,1232,1232,1232,0,0,479,413,340,0,0,0,0,0,0,0,0,0,0,0,30,0.834
Course 3,26,17,1.53,0.1,1,100.0,0,0,0,0,0,2,100.0,3.0,40,0.0,0.0,0.0,0.0,0.0,0.0,0.0,0.0,16.96,1,10.0,1,91,91,91,91,0,0,0,0,91,0,0,0,0,0,0,0,0,0,0,0,2,1.0
Course 3,84,38,2.21,0.21,24,100.0,0,0,0,0,0,9,100.0,34.06,205,0.0,0.0,0.0,0.0,0.0,0.0,0.0,0.0,16.52,5,140.0,2,442,442,442,442,0,0,0,247,195,0,0,0,0,0,0,0,0,0,0,0,8,0.913
Course 3,60,28,2.14,0.15,2,100.0,0,0,0,0,0,2,100.0,5.0,50,0.0,0.0,0.0,0.0,0.0,0.0,0.0,0.0,16.65,1,17.0,1,110,110,110,110,0,0,0,0,110,0,0,0,0,0,0,0,0,0,0,0,2,1.0
Course 3,68,33,2.06,0.5,0,0.0,0,0,0,0,0,0,0.0,0.0,0,0.0,0.0,0.0,0.0,0.0,0.0,0.0,0.0,0.0,0,0.0,0,0,0,0,0,0,0,0,0,0,0,0,0,0,0,0,0,0,0,0,0,0,0.0
Course 3,145,38,3.82,0.21,4,100.0,0,0,0,0,0,2,100.0,42.58,49,0.0,0.0,0.0,0.0,0.0,0.0,0.0,0.0,16.51,1,31.0,1,114,114,114,114,0,0,0,0,114,0,0,0,0,0,0,0,0,0,0,0,2,1.0
Course 3,65,30,2.17,0.16,3,100.0,0,0,0,0,0,2,100.0,46.58,46,0.0,0.0,0.0,0.0,0.0,0.0,0.0,0.0,15.54,1,18.0,1,98,98,98,98,0,0,0,0,98,0,0,0,0,0,0,0,0,0,0,0,2,1.0
Course 3,92,26,3.54,0.14,3,100.0,0,0,0,0,0,1,100.0,0.0,14,0.0,0.0,0.0,0.0,0.0,0.0,0.0,0.0,16.96,1,32.0,1,47,47,47,47,0,0,0,0,47,0,0,0,0,0,0,0,0,0,0,0,1,1.0
Course 3,55,32,1.72,0.14,9,100.0,0,0,0,0,0,15,100.0,26.6,322,0.0,0.0,0.0,0.0,0.0,0.0,0.0,0.0,13.82,8,227.0,4,692,692,743,743,0,0,0,93,484,115,0,0,0,0,51,0,0,0,0,0,14,0.424
Course 3,52,29,1.79,0.44,0,0.0,0,0,0,0,0,0,0.0,0.0,0,0.0,0.0,0.0,0.0,0.0,0.0,0.0,0.0,0.0,0,0.0,0,0,0,0,0,0,0,0,0,0,0,0,0,0,0,0,0,0,0,0,0,0,0.0
Course 3,35,14,2.5,0.27,0,0.0,0,0,0,0,0,0,0.0,0.0,0,0.0,0.0,0.0,0.0,0.0,0.0,0.0,0.0,0.0,0,0.0,0,0,0,0,0,0,0,0,0,0,0,0,0,0,0,0,0,0,0,0,0,0,0.0
Course 3,82,42,1.95,0.21,5,100.0,0,0,0,0,0,9,100.0,20.0,140,0.0,0.0,0.0,0.0,0.0,0.0,0.0,0.0,15.71,4,53.0,3,238,324,324,324,0,55,0,0,183,0,86,0,0,0,0,0,0,0,0,0,9,0.454
Course 3,48,25,1.92,0.38,0,0.0,0,0,0,0,0,0,0.0,0.0,0,0.0,0.0,0.0,0.0,0.0,0.0,0.0,0.0,0.0,0,0.0,0,0,0,0,0,0,0,0,0,0,0,0,0,0,0,0,0,0,0,0,0,0,0.0
Course 3,56,23,2.43,0.37,0,0.0,0,0,0,0,0,0,0.0,0.0,0,0.0,0.0,0.0,0.0,0.0,0.0,0.0,0.0,0.0,0,0.0,0,0,0,0,0,0,0,0,0,0,0,0,0,0,0,0,0,0,0,0,0,0,0.0
Course 3,32,16,2.0,0.1,15,100.0,0,0,0,0,0,3,100.0,7.67,55,0.0,0.0,0.0,0.0,0.0,0.0,0.0,0.0,13.33,2,328.0,1,115,115,115,115,0,0,0,0,115,0,0,0,0,0,0,0,0,0,0,0,2,0.915
Course 3,63,30,2.1,0.46,0,0.0,0,0,0,0,0,0,0.0,0.0,0,0.0,0.0,0.0,0.0,0.0,0.0,0.0,0.0,0.0,0,0.0,0,0,0,0,0,0,0,0,0,0,0,0,0,0,0,0,0,0,0,0,0,0,0.0
Course 3,50,17,2.94,0.26,0,0.0,0,0,0,0,0,0,0.0,0.0,0,0.0,0.0,0.0,0.0,0.0,0.0,0.0,0.0,0.0,0,0.0,0,0,0,0,0,0,0,0,0,0,0,0,0,0,0,0,0,0,0,0,0,0,0.0
Course 3,38,23,1.65,0.13,2,100.0,0,0,0,0,0,6,100.0,48.69,133,0.0,0.0,0.0,0.0,0.0,0.0,0.0,0.0,16.13,3,57.0,1,281,281,281,281,0,0,0,0,281,0,0,0,0,0,0,0,0,0,0,0,6,0.922
Course 3,110,48,2.29,0.26,6,100.0,0,0,0,0,0,4,100.0,13.5,93,0.0,0.0,0.0,0.0,0.0,0.0,0.0,0.0,14.63,2,55.0,1,200,200,200,200,0,0,0,0,200,0,0,0,0,0,0,0,0,0,0,0,4,0.825
Course 3,74,47,1.57,0.2,25,100.0,0,0,0,0,0,20,100.0,19.74,223,0.0,0.0,0.0,0.0,0.0,0.0,0.0,0.0,14.6,14,242.0,8,317,511,596,596,49,0,0,43,221,4,107,87,0,2,0,83,0,0,0,0,20,0.432
Course 3,25,12,2.08,0.19,0,0.0,0,0,0,0,0,0,0.0,0.0,0,0.0,0.0,0.0,0.0,0.0,0.0,0.0,0.0,0.0,0,0.0,0,0,0,0,0,0,0,0,0,0,0,0,0,0,0,0,0,0,0,0,0,0,0.0
Course 3,91,28,3.25,0.15,1,100.0,0,0,0,0,0,3,100.0,3.0,40,0.0,0.0,0.0,0.0,0.0,0.0,0.0,0.0,16.44,1,11.0,1,87,87,87,87,0,0,0,0,87,0,0,0,0,0,0,0,0,0,0,0,2,1.0
Course 3,43,22,1.95,0.12,2,100.0,0,0,0,0,0,5,100.0,11.0,81,0.0,0.0,0.0,0.0,0.0,0.0,0.0,0.0,14.9,2,60.0,1,196,196,196,196,0,0,0,0,196,0,0,0,0,0,0,0,0,0,0,0,4,0.933
Course 3,72,36,2.0,0.55,0,0.0,0,0,0,0,0,0,0.0,0.0,0,0.0,0.0,0.0,0.0,0.0,0.0,0.0,0.0,0.0,0,0.0,0,0,0,0,0,0,0,0,0,0,0,0,0,0,0,0,0,0,0,0,0,0,0.0
Course 3,118,53,2.23,0.25,67,100.0,0,0,0,0,0,58,100.0,36.57,850,0.0,0.0,0.0,0.0,0.0,0.0,0.0,0.0,15.09,18,3569.0,6,2129,2162,2162,2162,0,84,718,806,501,20,0,0,33,0,0,0,0,0,0,0,56,0.636
Course 3,64,25,2.56,0.14,1,100.0,0,0,0,0,0,2,100.0,4.5,38,0.0,0.0,0.0,0.0,0.0,0.0,0.0,0.0,16.66,1,8.0,1,84,84,84,84,0,0,0,0,84,0,0,0,0,0,0,0,0,0,0,0,2,1.0
Course 3,38,20,1.9,0.11,2,0.0,0,0,0,0,0,0,0.0,0.0,1,0.0,0.0,0.0,0.0,0.0,0.0,0.0,0.0,14.5,1,0.0,1,3,3,3,3,0,0,0,0,3,0,0,0,0,0,0,0,0,0,0,0,0,1.0
Course 3,111,38,2.92,0.19,16,100.0,0,0,0,0,0,9,100.0,30.09,214,0.0,0.0,0.0,0.0,0.0,0.0,0.0,0.0,13.46,7,667.0,5,391,494,494,494,3,1,0,210,177,0,103,0,0,0,0,0,0,0,0,0,9,0.491
Course 3,54,24,2.25,0.41,0,0.0,0,0,0,0,0,0,0.0,0.0,0,0.0,0.0,0.0,0.0,0.0,0.0,0.0,0.0,0.0,0,0.0,0,0,0,0,0,0,0,0,0,0,0,0,0,0,0,0,0,0,0,0,0,0,0.0
Course 3,94,46,2.04,0.23,20,100.0,0,0,0,0,0,10,100.0,49.3,252,0.0,0.0,0.0,0.0,0.0,0.0,0.0,0.0,14.53,10,82.0,5,532,543,543,543,0,0,10,0,438,84,8,3,0,0,0,0,0,0,0,0,10,0.61
Course 3,90,31,2.9,0.17,3,100.0,0,0,0,0,0,3,100.0,15.33,63,0.0,0.0,0.0,0.0,0.0,0.0,0.0,0.0,13.93,2,19.0,1,139,139,139,139,0,0,0,0,139,0,0,0,0,0,0,0,0,0,0,0,3,0.922
Course 3,84,39,2.15,0.21,3,100.0,0,0,0,0,0,1,100.0,9.0,38,0.0,0.0,0.0,0.0,0.0,0.0,0.0,0.0,15.55,2,2.0,2,78,78,78,78,0,0,0,5,73,0,0,0,0,0,0,0,0,0,0,0,1,0.746
Course 3,39,25,1.56,0.14,1,100.0,0,0,0,0,0,2,100.0,9.5,39,0.0,0.0,0.0,0.0,0.0,0.0,0.0,0.0,6.86,1,29.0,1,85,85,85,85,0,0,0,0,85,0,0,0,0,0,0,0,0,0,0,0,2,1.0
Course 3,60,25,2.4,0.14,3,100.0,0,0,0,0,0,2,100.0,12.5,39,0.0,0.0,0.0,0.0,0.0,0.0,0.0,0.0,15.04,1,18.0,1,87,87,87,87,0,0,0,0,87,0,0,0,0,0,0,0,0,0,0,0,2,1.0
Course 3,50,23,2.17,0.14,1,100.0,0,0,0,0,0,2,100.0,2.0,46,0.0,0.0,0.0,0.0,0.0,0.0,0.0,0.0,16.81,1,18.0,1,101,101,101,101,0,0,0,0,101,0,0,0,0,0,0,0,0,0,0,0,2,1.0
Course 3,56,23,2.43,0.13,2,100.0,0,0,0,0,0,2,100.0,20.5,43,0.0,0.0,0.0,0.0,0.0,0.0,0.0,0.0,14.18,1,19.0,1,102,102,102,102,0,0,0,0,102,0,0,0,0,0,0,0,0,0,0,0,2,1.0
Course 3,92,39,2.36,0.2,13,100.0,0,0,0,0,0,4,100.0,28.83,99,0.0,0.0,0.0,0.0,0.0,0.0,0.0,0.0,11.96,5,329.0,2,237,244,244,244,0,0,0,0,237,0,7,0,0,0,0,0,0,0,0,0,4,0.526
Course 3,89,57,1.56,0.25,32,100.0,0,0,0,0,0,48,100.0,26.52,683,0.0,0.0,0.0,0.0,0.0,0.0,0.0,0.0,14.08,26,1719.0,7,1226,1707,1843,1843,59,0,0,509,658,0,128,189,164,0,136,0,0,0,0,0,43,0.646
Course 3,94,37,2.54,0.2,1,100.0,0,0,0,0,0,1,100.0,9.0,33,0.0,0.0,0.0,0.0,0.0,0.0,0.0,0.0,15.48,1,1.0,1,71,71,71,71,0,0,0,0,71,0,0,0,0,0,0,0,0,0,0,0,1,1.0
Course 3,44,26,1.69,0.14,1,100.0,0,0,0,0,0,2,100.0,2.5,39,0.0,0.0,0.0,0.0,0.0,0.0,0.0,0.0,17.45,1,35.0,1,85,85,85,85,0,0,0,0,85,0,0,0,0,0,0,0,0,0,0,0,2,1.0
Course 3,72,29,2.48,0.4,0,0.0,0,0,0,0,0,0,0.0,0.0,0,0.0,0.0,0.0,0.0,0.0,0.0,0.0,0.0,0.0,0,0.0,0,0,0,0,0,0,0,0,0,0,0,0,0,0,0,0,0,0,0,0,0,0,0.0
Course 3,72,26,2.77,0.42,0,0.0,0,0,0,0,0,0,0.0,0.0,0,0.0,0.0,0.0,0.0,0.0,0.0,0.0,0.0,0.0,0,0.0,0,0,0,0,0,0,0,0,0,0,0,0,0,0,0,0,0,0,0,0,0,0,0.0
Course 3,83,26,3.19,0.42,0,0.0,0,0,0,0,0,0,0.0,0.0,0,0.0,0.0,0.0,0.0,0.0,0.0,0.0,0.0,0.0,0,0.0,0,0,0,0,0,0,0,0,0,0,0,0,0,0,0,0,0,0,0,0,0,0,0.0
Course 3,62,35,1.77,0.19,9,100.0,0,0,0,0,0,6,100.0,40.67,175,0.0,0.0,0.0,0.0,0.0,0.0,0.0,0.0,12.88,3,90.0,1,396,396,396,396,0,0,0,0,396,0,0,0,0,0,0,0,0,0,0,0,6,0.899
Course 3,61,26,2.35,0.14,7,0.0,0,0,0,0,0,0,0.0,0.0,7,0.0,0.0,0.0,0.0,0.0,0.0,0.0,0.0,12.4,2,3.0,1,17,17,17,17,0,0,0,0,17,0,0,0,0,0,0,0,0,0,0,0,0,0.674
Course 3,71,38,1.87,0.21,0,100.0,0,0,0,0,0,3,100.0,16.33,71,0.0,0.0,0.0,0.0,0.0,0.0,0.0,0.0,15.08,2,21.0,1,151,151,151,151,0,0,0,0,151,0,0,0,0,0,0,0,0,0,0,0,3,0.86
Course 3,42,18,2.33,0.38,0,0.0,0,0,0,0,0,0,0.0,0.0,0,0.0,0.0,0.0,0.0,0.0,0.0,0.0,0.0,0.0,0,0.0,0,0,0,0,0,0,0,0,0,0,0,0,0,0,0,0,0,0,0,0,0,0,0.0
Course 3,55,28,1.96,0.15,2,100.0,0,0,0,0,0,2,100.0,14.0,41,0.0,0.0,0.0,0.0,0.0,0.0,0.0,0.0,15.3,1,24.0,1,100,100,100,100,0,0,0,0,100,0,0,0,0,0,0,0,0,0,0,0,2,1.0
Course 3,49,27,1.81,0.42,0,0.0,0,0,0,0,0,0,0.0,0.0,0,0.0,0.0,0.0,0.0,0.0,0.0,0.0,0.0,0.0,0,0.0,0,0,0,0,0,0,0,0,0,0,0,0,0,0,0,0,0,0,0,0,0,0,0.0
Course 3,43,23,1.87,0.35,0,0.0,0,0,0,0,0,0,0.0,0.0,0,0.0,0.0,0.0,0.0,0.0,0.0,0.0,0.0,0.0,0,0.0,0,0,0,0,0,0,0,0,0,0,0,0,0,0,0,0,0,0,0,0,0,0,0.0
Course 3,56,25,2.24,0.39,0,0.0,0,0,0,0,0,0,0.0,0.0,0,0.0,0.0,0.0,0.0,0.0,0.0,0.0,0.0,0.0,0,0.0,0,0,0,0,0,0,0,0,0,0,0,0,0,0,0,0,0,0,0,0,0,0,0.0
Course 3,44,25,1.76,0.45,0,0.0,0,0,0,0,0,0,0.0,0.0,0,0.0,0.0,0.0,0.0,0.0,0.0,0.0,0.0,0.0,0,0.0,0,0,0,0,0,0,0,0,0,0,0,0,0,0,0,0,0,0,0,0,0,0,0.0
Course 3,118,73,1.62,0.33,148,100.0,0,0,0,0,0,99,100.0,35.88,1231,0.0,0.0,0.0,0.0,0.0,0.0,0.0,0.0,13.12,49,5830.0,11,2328,2727,3023,3023,0,535,315,600,519,359,208,8,183,50,134,112,0,0,0,0,99,0.812
Course 3,278,114,2.44,0.51,235,100.0,0,0,0,0,0,138,100.0,33.79,2290,0.0,0.0,0.0,0.0,0.0,0.0,0.0,0.0,13.72,84,18025.0,13,3755,4492,5225,5232,422,377,533,1088,763,572,444,48,245,242,253,238,7,0,0,0,135,0.887
Course 3,40,25,1.6,0.15,14,100.0,0,0,0,0,0,33,100.0,44.53,306,0.0,0.0,0.0,0.0,0.0,0.0,0.0,0.0,15.44,6,172.0,2,744,744,744,744,0,0,651,0,93,0,0,0,0,0,0,0,0,0,0,0,33,0.673
Course 3,181,73,2.48,0.34,89,100.0,0,0,0,0,0,82,100.0,36.64,1107,0.0,0.0,0.0,0.0,0.0,0.0,0.0,0.0,11.14,41,4724.0,11,2357,2550,2664,2664,39,341,363,876,540,198,173,1,19,63,51,0,0,0,0,0,80,0.765
Course 3,78,38,2.05,0.22,39,100.0,0,0,0,0,0,44,100.0,42.05,588,0.0,0.0,0.0,0.0,0.0,0.0,0.0,0.0,15.08,15,779.0,5,1364,1364,1364,1364,0,68,503,614,175,4,0,0,0,0,0,0,0,0,0,0,44,0.812
Course 3,64,34,1.88,0.2,46,100.0,0,0,0,0,0,48,100.0,37.9,695,0.0,0.0,0.0,0.0,0.0,0.0,0.0,0.0,16.55,15,441.0,4,1638,1638,1638,1638,0,486,357,506,289,0,0,0,0,0,0,0,0,0,0,0,48,0.849
Course 3,154,91,1.69,0.41,172,100.0,0,0,0,0,0,137,100.0,33.58,2057,0.0,0.0,0.0,0.0,0.0,0.0,0.0,0.0,13.75,65,3494.0,12,3153,4172,4780,4780,246,253,401,963,748,542,742,36,241,152,297,159,0,0,0,0,130,0.844
Course 3,63,41,1.54,0.24,86,100.0,0,0,0,0,0,66,100.0,41.5,979,0.0,0.0,0.0,0.0,0.0,0.0,0.0,0.0,11.69,22,683.0,5,2202,2202,2202,2202,0,132,672,748,559,91,0,0,0,0,0,0,0,0,0,0,61,0.878
Course 3,156,84,1.86,0.38,190,100.0,0,0,0,0,0,114,100.0,36.76,1506,0.0,0.0,0.0,0.0,0.0,0.0,0.0,0.0,14.5,59,3924.0,12,2695,3167,3602,3602,177,267,480,845,565,361,255,57,160,184,143,108,0,0,0,0,112,0.836
Course 3,135,82,1.65,0.37,96,100.0,0,0,0,0,0,124,100.0,34.76,1625,0.0,0.0,0.0,0.0,0.0,0.0,0.0,0.0,13.29,60,1021.0,12,3009,3442,3922,3922,239,220,362,943,703,542,265,31,137,151,137,192,0,0,0,0,121,0.834
Course 3,56,33,1.7,0.19,19,100.0,0,0,0,0,0,15,100.0,25.08,233,0.0,0.0,0.0,0.0,0.0,0.0,0.0,0.0,15.83,10,905.0,4,531,531,531,531,0,95,1,201,234,0,0,0,0,0,0,0,0,0,0,0,15,0.676
Course 3,108,79,1.37,0.36,64,100.0,0,0,0,0,0,116,100.0,35.97,1600,0.0,0.0,0.0,0.0,0.0,0.0,0.0,0.0,15.65,55,2668.0,12,2968,3297,3763,3763,196,306,381,832,727,526,298,30,1,157,175,134,0,0,0,0,116,0.798
Course 3,97,64,1.52,0.32,129,100.0,0,0,0,0,0,91,100.0,33.94,1304,0.0,0.0,0.0,0.0,0.0,0.0,0.0,0.0,12.44,37,2986.0,9,2605,3062,3106,3106,0,587,337,841,660,180,164,89,204,44,0,0,0,0,0,0,87,0.823
Course 3,85,57,1.49,0.28,86,100.0,0,0,0,0,0,68,100.0,43.84,1142,0.0,0.0,0.0,0.0,0.0,0.0,0.0,0.0,16.61,31,1027.0,7,2590,2590,2591,2591,62,396,411,802,647,272,0,0,0,1,0,0,0,0,0,0,68,0.667
Course 3,119,72,1.65,0.32,104,100.0,0,0,0,0,0,84,100.0,40.67,1265,0.0,0.0,0.0,0.0,0.0,0.0,0.0,0.0,14.18,44,2607.0,12,2797,2980,3045,3046,135,543,379,694,533,513,120,14,49,63,2,0,1,0,0,0,82,0.744
Course 3,61,36,1.69,0.21,23,100.0,0,0,0,0,0,30,100.0,45.21,451,0.0,0.0,0.0,0.0,0.0,0.0,0.0,0.0,17.15,16,256.0,4,1053,1053,1053,1053,0,130,278,196,449,0,0,0,0,0,0,0,0,0,0,0,30,0.798
Course 3,152,74,2.05,0.35,254,100.0,0,0,0,0,0,105,100.0,33.72,1614,0.0,0.0,0.0,0.0,0.0,0.0,0.0,0.0,12.68,48,7411.0,10,2987,3571,3739,3739,0,638,523,757,687,382,378,45,161,87,81,0,0,0,0,0,97,0.845
Course 3,119,65,1.83,0.32,99,100.0,0,0,0,0,0,71,100.0,42.15,1100,0.0,0.0,0.0,0.0,0.0,0.0,0.0,0.0,14.77,35,1418.0,8,2287,2489,2496,2496,0,390,307,830,576,184,166,36,0,7,0,0,0,0,0,0,71,0.718
Course 3,54,32,1.69,0.19,20,100.0,0,0,0,0,0,20,100.0,43.1,354,0.0,0.0,0.0,0.0,0.0,0.0,0.0,0.0,15.57,8,202.0,4,774,774,774,774,0,53,234,397,90,0,0,0,0,0,0,0,0,0,0,0,20,0.777
Course 3,112,53,2.11,0.25,64,100.0,0,0,0,0,0,62,100.0,33.94,817,0.0,0.0,0.0,0.0,0.0,0.0,0.0,0.0,13.28,29,1602.0,9,1768,1961,1992,1992,0,461,333,628,258,88,125,68,0,0,1,30,0,0,0,0,62,0.622
Course 3,162,85,1.91,0.39,132,100.0,0,0,0,0,0,125,100.0,35.51,1597,0.0,0.0,0.0,0.0,0.0,0.0,0.0,0.0,14.17,54,2685.0,11,2870,3351,3820,3820,47,502,332,817,635,537,403,78,0,94,178,197,0,0,0,0,117,0.807
Course 3,74,54,1.37,0.3,46,100.0,0,0,0,0,0,78,100.0,39.91,1462,0.0,0.0,0.0,0.0,0.0,0.0,0.0,0.0,15.27,31,1659.0,6,3483,3591,3591,3591,0,872,734,768,676,433,108,0,0,0,0,0,0,0,0,0,69,0.884
Course 3,37,27,1.37,0.16,56,100.0,0,0,0,0,0,37,100.0,39.17,568,0.0,0.0,0.0,0.0,0.0,0.0,0.0,0.0,15.33,9,244.0,4,1242,1242,1242,1242,0,120,525,498,99,0,0,0,0,0,0,0,0,0,0,0,37,0.775
Course 3,85,42,2.02,0.25,46,100.0,0,0,0,0,0,46,100.0,42.32,769,0.0,0.0,0.0,0.0,0.0,0.0,0.0,0.0,15.53,17,792.0,4,1780,1780,1780,1780,0,129,679,745,227,0,0,0,0,0,0,0,0,0,0,0,45,0.862
Course 3,96,48,2.0,0.23,106,100.0,0,0,0,0,0,71,100.0,38.68,994,0.0,0.0,0.0,0.0,0.0,0.0,0.0,0.0,12.71,29,3110.0,8,2137,2266,2310,2310,0,341,524,722,454,96,8,0,121,0,44,0,0,0,0,0,66,0.699
Course 3,77,39,1.97,0.2,21,100.0,0,0,0,0,0,27,100.0,41.3,410,0.0,0.0,0.0,0.0,0.0,0.0,0.0,0.0,15.76,13,727.0,4,842,903,903,903,0,81,342,419,0,0,0,0,61,0,0,0,0,0,0,0,27,0.466
Course 3,102,57,1.79,0.26,36,100.0,0,0,0,0,0,68,100.0,38.56,1007,0.0,0.0,0.0,0.0,0.0,0.0,0.0,0.0,13.53,34,1420.0,9,2157,2160,2333,2333,0,541,364,625,616,11,0,3,0,68,102,3,0,0,0,0,65,0.681
Course 3,44,33,1.33,0.19,86,100.0,0,0,0,0,0,60,100.0,42.44,927,0.0,0.0,0.0,0.0,0.0,0.0,0.0,0.0,15.56,20,1475.0,5,2114,2114,2114,2114,0,108,538,793,504,171,0,0,0,0,0,0,0,0,0,0,58,0.868
Course 3,48,39,1.23,0.23,33,100.0,0,0,0,0,0,50,100.0,43.89,711,0.0,0.0,0.0,0.0,0.0,0.0,0.0,0.0,14.52,19,389.0,4,1651,1651,1651,1651,0,416,287,690,258,0,0,0,0,0,0,0,0,0,0,0,50,0.873
Course 3,117,61,1.92,0.31,79,100.0,0,0,0,0,0,77,100.0,40.03,1207,0.0,0.0,0.0,0.0,0.0,0.0,0.0,0.0,15.79,38,5003.0,8,2638,2801,2801,2801,0,534,619,733,559,193,40,40,83,0,0,0,0,0,0,0,72,0.828
Course 3,151,75,2.01,0.36,184,100.0,0,0,0,0,0,93,100.0,39.25,1491,0.0,0.0,0.0,0.0,0.0,0.0,0.0,0.0,15.43,50,3935.0,10,3071,3453,3496,3496,239,355,553,750,639,535,112,60,210,43,0,0,0,0,0,0,89,0.845
Course 3,215,91,2.36,0.42,306,100.0,0,0,0,0,0,124,100.0,35.34,1779,0.0,0.0,0.0,0.0,0.0,0.0,0.0,0.0,12.18,62,10753.0,12,2897,3348,4163,4163,82,456,361,816,735,447,114,138,199,163,483,169,0,0,0,0,124,0.848
Course 3,221,99,2.23,0.45,191,100.0,0,0,0,0,0,125,100.0,33.43,1865,0.0,0.0,0.0,0.0,0.0,0.0,0.0,0.0,14.75,69,4403.0,13,3047,3776,4214,4217,73,282,636,1097,616,343,163,217,349,154,93,191,3,0,0,0,120,0.854
Course 3,58,38,1.53,0.21,22,100.0,0,0,0,0,0,21,100.0,21.02,221,0.0,0.0,0.0,0.0,0.0,0.0,0.0,0.0,12.68,16,862.0,7,629,631,631,631,92,124,213,111,87,2,2,0,0,0,0,0,0,0,0,0,21,0.625
Course 3,124,76,1.63,0.34,84,100.0,0,0,0,0,0,97,100.0,36.12,1247,0.0,0.0,0.0,0.0,0.0,0.0,0.0,0.0,15.49,51,5137.0,11,2516,2674,3026,3027,0,578,336,827,637,138,90,0,68,47,141,164,1,0,0,0,94,0.753
Course 3,104,70,1.49,0.32,97,100.0,0,0,0,0,0,111,100.0,36.14,1352,0.0,0.0,0.0,0.0,0.0,0.0,0.0,0.0,13.62,49,3138.0,11,2663,2980,3355,3355,0,551,243,790,634,445,210,34,73,55,154,166,0,0,0,0,106,0.79
Course 3,128,62,2.06,0.3,134,100.0,0,0,0,0,0,79,100.0,32.08,1193,0.0,0.0,0.0,0.0,0.0,0.0,0.0,0.0,14.23,40,3652.0,9,2451,2794,2816,2816,0,218,441,709,715,368,153,96,94,22,0,0,0,0,0,0,78,0.81
Course 3,90,50,1.8,0.23,37,100.0,0,0,0,0,0,55,100.0,40.81,849,0.0,0.0,0.0,0.0,0.0,0.0,0.0,0.0,15.44,26,768.0,8,1754,1848,1923,1923,0,213,354,477,533,177,94,0,0,34,0,41,0,0,0,0,55,0.617
Course 3,154,76,2.03,0.35,211,100.0,0,0,0,0,0,105,100.0,35.96,1651,0.0,0.0,0.0,0.0,0.0,0.0,0.0,0.0,13.82,50,3743.0,11,3011,3427,3794,3794,0,628,479,790,547,567,219,160,37,109,91,167,0,0,0,0,101,0.817
Course 3,119,78,1.53,0.36,80,100.0,0,0,0,0,0,94,100.0,37.86,1283,0.0,0.0,0.0,0.0,0.0,0.0,0.0,0.0,14.71,52,2278.0,11,2638,2855,3064,3064,0,421,416,824,533,444,99,113,5,90,38,81,0,0,0,0,93,0.81
Course 3,86,48,1.79,0.27,125,100.0,0,0,0,0,0,66,100.0,40.47,1175,0.0,0.0,0.0,0.0,0.0,0.0,0.0,0.0,11.85,25,1591.0,6,2538,2568,2568,2568,0,82,866,874,625,91,30,0,0,0,0,0,0,0,0,0,63,0.854
Course 3,38,26,1.46,0.16,12,100.0,0,0,0,0,0,10,100.0,41.62,170,0.0,0.0,0.0,0.0,0.0,0.0,0.0,0.0,13.28,6,67.0,2,376,376,376,376,0,0,159,217,0,0,0,0,0,0,0,0,0,0,0,0,10,0.757
Course 3,58,34,1.71,0.21,14,100.0,0,0,0,0,0,23,100.0,43.49,403,0.0,0.0,0.0,0.0,0.0,0.0,0.0,0.0,16.51,12,141.0,4,899,899,899,899,0,106,143,561,89,0,0,0,0,0,0,0,0,0,0,0,23,0.795
Course 3,107,56,1.91,0.28,84,100.0,0,0,0,0,0,76,100.0,38.1,1195,0.0,0.0,0.0,0.0,0.0,0.0,0.0,0.0,15.61,35,2260.0,8,2414,2810,2810,2810,0,485,435,767,544,183,173,92,131,0,0,0,0,0,0,0,73,0.8
Course 3,110,59,1.86,0.27,84,100.0,0,0,0,0,0,78,100.0,32.53,1064,0.0,0.0,0.0,0.0,0.0,0.0,0.0,0.0,13.26,35,2668.0,8,1957,2281,2366,2366,7,544,299,726,381,0,280,44,0,0,0,85,0,0,0,0,75,0.615
Course 3,69,31,2.23,0.18,18,100.0,0,0,0,0,0,17,100.0,42.27,205,0.0,0.0,0.0,0.0,0.0,0.0,0.0,0.0,16.38,11,142.0,4,478,478,478,478,0,174,193,110,1,0,0,0,0,0,0,0,0,0,0,0,17,0.708
Course 3,125,88,1.42,0.4,138,100.0,0,0,0,0,0,125,100.0,35.08,1642,0.0,0.0,0.0,0.0,0.0,0.0,0.0,0.0,15.43,64,2171.0,13,2992,3447,3953,3955,227,322,370,828,730,515,252,35,168,121,169,216,2,0,0,0,123,0.824
Course 3,46,32,1.44,0.21,22,100.0,0,0,0,0,0,28,100.0,37.2,271,0.0,0.0,0.0,0.0,0.0,0.0,0.0,0.0,16.08,9,290.0,2,628,628,628,628,0,415,213,0,0,0,0,0,0,0,0,0,0,0,0,0,28,0.899
Course 3,180,93,1.94,0.42,151,100.0,0,0,0,0,0,114,100.0,29.43,1628,0.0,0.0,0.0,0.0,0.0,0.0,0.0,0.0,12.73,57,4880.0,12,3223,3679,4003,4003,168,441,389,1100,712,413,218,36,202,130,100,94,0,0,0,0,108,0.836
Course 3,110,62,1.77,0.29,176,100.0,0,0,0,0,0,106,100.0,35.55,1449,0.0,0.0,0.0,0.0,0.0,0.0,0.0,0.0,10.89,44,4334.0,10,2836,3097,3427,3427,0,481,416,864,552,523,123,138,0,77,218,35,0,0,0,0,103,0.743
Course 3,197,96,2.05,0.43,140,100.0,0,0,0,0,0,135,100.0,32.75,1690,0.0,0.0,0.0,0.0,0.0,0.0,0.0,0.0,14.57,70,4636.0,13,2983,3492,4064,4065,184,362,380,833,681,543,308,41,160,195,209,168,1,0,0,0,133,0.841
Course 3,151,81,1.86,0.37,131,100.0,0,0,0,0,0,121,100.0,30.21,1518,0.0,0.0,0.0,0.0,0.0,0.0,0.0,0.0,13.54,60,3274.0,12,2682,3068,3601,3601,64,365,378,768,650,457,241,20,125,169,224,140,0,0,0,0,120,0.829
Course 3,110,69,1.59,0.32,151,100.0,0,0,0,0,0,100,100.0,30.32,1272,0.0,0.0,0.0,0.0,0.0,0.0,0.0,0.0,12.26,46,2908.0,10,2249,2702,3082,3082,0,179,309,781,544,436,313,0,140,147,150,83,0,0,0,0,97,0.79
Course 3,144,84,1.71,0.38,176,100.0,0,0,0,0,0,118,100.0,35.06,1632,0.0,0.0,0.0,0.0,0.0,0.0,0.0,0.0,13.68,58,2996.0,12,3140,3474,3929,3929,182,342,423,1020,713,460,105,36,193,163,157,135,0,0,0,0,116,0.816
Course 3,175,77,2.27,0.37,136,100.0,0,0,0,0,0,104,100.0,36.2,1349,0.0,0.0,0.0,0.0,0.0,0.0,0.0,0.0,14.32,51,2189.0,11,2530,2966,3222,3222,45,394,398,821,567,305,127,151,158,156,100,0,0,0,0,0,104,0.812
Course 3,73,35,2.09,0.19,31,100.0,0,0,0,0,0,46,100.0,39.67,642,0.0,0.0,0.0,0.0,0.0,0.0,0.0,0.0,15.41,15,925.0,6,1479,1480,1480,1480,0,106,657,621,91,4,1,0,0,0,0,0,0,0,0,0,46,0.731
Course 3,48,29,1.66,0.17,42,100.0,0,0,0,0,0,37,100.0,35.82,531,0.0,0.0,0.0,0.0,0.0,0.0,0.0,0.0,14.7,11,417.0,4,1222,1222,1222,1222,0,106,414,446,256,0,0,0,0,0,0,0,0,0,0,0,37,0.799
Course 3,134,79,1.7,0.36,158,100.0,0,0,0,0,0,121,100.0,34.94,1601,0.0,0.0,0.0,0.0,0.0,0.0,0.0,0.0,13.41,58,1682.0,11,2818,3327,3785,3785,0,537,268,830,653,530,327,42,140,141,166,151,0,0,0,0,120,0.845
Course 3,64,44,1.45,0.21,37,100.0,0,0,0,0,0,61,100.0,21.56,797,0.0,0.0,0.0,0.0,0.0,0.0,0.0,0.0,12.95,25,1415.0,6,1830,1830,1868,1868,0,478,261,360,410,321,0,0,0,0,38,0,0,0,0,0,61,0.567
Course 3,62,41,1.51,0.23,57,100.0,0,0,0,0,0,59,100.0,43.93,857,0.0,0.0,0.0,0.0,0.0,0.0,0.0,0.0,14.45,21,1076.0,5,1961,1967,1967,1967,0,162,603,779,417,0,6,0,0,0,0,0,0,0,0,0,59,0.761
Course 3,68,47,1.45,0.27,29,100.0,0,0,0,0,0,52,100.0,43.53,724,0.0,0.0,0.0,0.0,0.0,0.0,0.0,0.0,15.25,21,1515.0,5,1649,1649,1649,1649,0,439,267,567,375,1,0,0,0,0,0,0,0,0,0,0,52,0.848
Course 3,20,11,1.82,0.2,0,0.0,0,0,0,0,0,0,0.0,0.0,0,0.0,0.0,0.0,0.0,0.0,0.0,0.0,0.0,0.0,0,0.0,0,0,0,0,0,0,0,0,0,0,0,0,0,0,0,0,0,0,0,0,0,0,0.0
Course 3,162,77,2.1,0.35,96,100.0,0,0,0,0,0,99,100.0,36.38,1378,0.0,0.0,0.0,0.0,0.0,0.0,0.0,0.0,13.78,49,3133.0,12,2634,2994,3182,3185,90,410,298,832,641,363,200,68,92,1,0,187,3,0,0,0,99,0.759
Course 3,66,36,1.83,0.22,18,100.0,0,0,0,0,0,30,100.0,41.89,331,0.0,0.0,0.0,0.0,0.0,0.0,0.0,0.0,16.78,11,574.0,5,787,787,787,787,19,163,514,81,10,0,0,0,0,0,0,0,0,0,0,0,30,0.738
Course 3,94,59,1.59,0.32,67,100.0,0,0,0,0,0,70,100.0,45.13,1205,0.0,0.0,0.0,0.0,0.0,0.0,0.0,0.0,13.15,35,3246.0,7,2594,2718,2718,2718,0,439,335,863,682,275,107,17,0,0,0,0,0,0,0,0,69,0.863
Course 3,95,62,1.53,0.28,57,100.0,0,0,0,0,0,70,100.0,37.29,1193,0.0,0.0,0.0,0.0,0.0,0.0,0.0,0.0,14.52,34,2538.0,10,2617,2842,2879,2879,151,299,697,750,684,36,141,84,0,33,0,4,0,0,0,0,70,0.678
Course 3,99,58,1.71,0.28,82,100.0,0,0,0,0,0,72,100.0,38.94,914,0.0,0.0,0.0,0.0,0.0,0.0,0.0,0.0,16.13,34,2508.0,10,1948,2158,2200,2200,63,433,278,384,524,266,33,0,177,41,1,0,0,0,0,0,72,0.73
Course 3,101,68,1.49,0.31,98,100.0,0,0,0,0,0,70,100.0,34.51,925,0.0,0.0,0.0,0.0,0.0,0.0,0.0,0.0,15.62,43,496.0,11,1861,2109,2170,2170,98,282,258,579,365,279,174,35,39,30,0,31,0,0,0,0,69,0.728
Course 3,79,46,1.72,0.25,40,100.0,0,0,0,0,0,45,100.0,42.19,730,0.0,0.0,0.0,0.0,0.0,0.0,0.0,0.0,14.87,22,521.0,6,1530,1634,1634,1634,0,238,314,523,455,0,102,2,0,0,0,0,0,0,0,0,44,0.759
Course 3,59,38,1.55,0.21,51,100.0,0,0,0,0,0,50,100.0,42.04,817,0.0,0.0,0.0,0.0,0.0,0.0,0.0,0.0,15.27,22,328.0,5,1766,1848,1848,1848,0,268,277,690,531,0,82,0,0,0,0,0,0,0,0,0,50,0.789
Course 3,61,35,1.74,0.2,18,100.0,0,0,0,0,0,37,100.0,44.19,664,0.0,0.0,0.0,0.0,0.0,0.0,0.0,0.0,14.92,18,371.0,6,1506,1506,1506,1506,126,100,357,535,298,90,0,0,0,0,0,0,0,0,0,0,36,0.795
Course 3,91,54,1.69,0.26,67,100.0,0,0,0,0,0,62,100.0,42.6,950,0.0,0.0,0.0,0.0,0.0,0.0,0.0,0.0,15.63,26,531.0,6,2136,2138,2138,2138,65,424,308,704,635,0,0,2,0,0,0,0,0,0,0,0,62,0.718
Course 3,71,40,1.78,0.24,36,100.0,0,0,0,0,0,59,100.0,40.03,897,0.0,0.0,0.0,0.0,0.0,0.0,0.0,0.0,16.07,24,2080.0,5,2027,2027,2027,2027,43,412,284,784,504,0,0,0,0,0,0,0,0,0,0,0,58,0.848
Course 3,92,33,2.79,0.19,8,100.0,0,0,0,0,0,7,100.0,43.0,98,0.0,0.0,0.0,0.0,0.0,0.0,0.0,0.0,15.36,4,211.0,3,248,248,248,248,162,0,62,24,0,0,0,0,0,0,0,0,0,0,0,0,7,0.577
Course 3,50,34,1.47,0.19,19,100.0,0,0,0,0,0,18,100.0,38.56,195,0.0,0.0,0.0,0.0,0.0,0.0,0.0,0.0,17.06,9,217.0,4,486,486,486,486,165,43,205,0,73,0,0,0,0,0,0,0,0,0,0,0,18,0.648
Course 3,100,52,1.92,0.26,37,100.0,0,0,0,0,0,44,100.0,44.01,679,0.0,0.0,0.0,0.0,0.0,0.0,0.0,0.0,14.84,23,246.0,6,1450,1542,1542,1542,109,174,218,412,537,0,92,0,0,0,0,0,0,0,0,0,44,0.767
Course 3,85,41,2.07,0.23,11,100.0,0,0,0,0,0,16,100.0,44.53,183,0.0,0.0,0.0,0.0,0.0,0.0,0.0,0.0,15.06,10,399.0,4,495,495,495,495,105,50,159,181,0,0,0,0,0,0,0,0,0,0,0,0,16,0.705
Course 3,74,37,2.0,0.2,54,100.0,0,0,0,0,0,45,100.0,34.01,653,0.0,0.0,0.0,0.0,0.0,0.0,0.0,0.0,13.96,21,2894.0,6,1445,1449,1449,1449,0,279,243,360,563,0,1,3,0,0,0,0,0,0,0,0,41,0.716
Course 3,114,44,2.59,0.26,91,100.0,0,0,0,0,0,46,100.0,43.2,721,0.0,0.0,0.0,0.0,0.0,0.0,0.0,0.0,11.21,23,2622.0,5,1587,1587,1587,1587,138,267,315,254,613,0,0,0,0,0,0,0,0,0,0,0,45,0.842
Course 3,126,32,3.94,0.2,32,100.0,0,0,0,0,0,20,100.0,33.74,303,0.0,0.0,0.0,0.0,0.0,0.0,0.0,0.0,16.45,12,260.0,5,674,674,674,674,44,43,230,338,19,0,0,0,0,0,0,0,0,0,0,0,20,0.732
Course 3,61,32,1.91,0.18,9,100.0,0,0,0,0,0,9,100.0,42.22,126,0.0,0.0,0.0,0.0,0.0,0.0,0.0,0.0,16.93,7,172.0,4,306,306,306,306,155,0,52,5,94,0,0,0,0,0,0,0,0,0,0,0,8,0.525
Course 3,78,39,2.0,0.23,50,100.0,0,0,0,0,0,53,100.0,42.42,735,0.0,0.0,0.0,0.0,0.0,0.0,0.0,0.0,15.56,21,551.0,5,1725,1725,1725,1725,96,169,507,595,358,0,0,0,0,0,0,0,0,0,0,0,53,0.842
Course 3,42,24,1.75,0.14,31,100.0,0,0,0,0,0,30,100.0,40.92,304,0.0,0.0,0.0,0.0,0.0,0.0,0.0,0.0,16.21,6,220.0,2,749,749,749,749,67,0,682,0,0,0,0,0,0,0,0,0,0,0,0,0,30,0.71
Course 3,304,109,2.79,0.46,154,100.0,0,0,0,0,0,137,100.0,34.25,1958,0.0,0.0,0.0,0.0,0.0,0.0,0.0,0.0,12.13,72,18997.0,13,3102,3729,4596,4599,175,446,317,802,690,672,107,134,386,243,358,266,3,0,0,0,134,0.862
Course 3,90,43,2.09,0.25,99,100.0,0,0,0,0,0,39,100.0,41.66,885,0.0,0.0,0.0,0.0,0.0,0.0,0.0,0.0,13.18,22,5303.0,6,1861,1861,1861,1861,97,205,310,539,572,138,0,0,0,0,0,0,0,0,0,0,38,0.817
Course 3,98,55,1.78,0.28,57,100.0,0,0,0,0,0,52,100.0,41.24,716,0.0,0.0,0.0,0.0,0.0,0.0,0.0,0.0,14.93,27,308.0,6,1648,1650,1650,1650,142,253,266,459,528,0,2,0,0,0,0,0,0,0,0,0,51,0.759
Course 3,72,36,2.0,0.2,18,100.0,0,0,0,0,0,28,100.0,35.11,344,0.0,0.0,0.0,0.0,0.0,0.0,0.0,0.0,13.81,15,367.0,4,788,788,788,788,159,201,144,284,0,0,0,0,0,0,0,0,0,0,0,0,26,0.829
Course 3,86,47,1.83,0.24,81,100.0,0,0,0,0,0,65,100.0,43.61,1058,0.0,0.0,0.0,0.0,0.0,0.0,0.0,0.0,15.06,25,1073.0,7,2277,2400,2400,2400,131,376,255,643,676,196,123,0,0,0,0,0,0,0,0,0,64,0.795
Course 3,69,43,1.6,0.23,31,100.0,0,0,0,0,0,45,100.0,36.26,786,0.0,0.0,0.0,0.0,0.0,0.0,0.0,0.0,15.37,22,1104.0,4,1971,1971,1971,1971,205,0,395,740,631,0,0,0,0,0,0,0,0,0,0,0,45,0.811
Course 3,109,53,2.06,0.28,58,100.0,0,0,0,0,0,44,100.0,40.52,734,0.0,0.0,0.0,0.0,0.0,0.0,0.0,0.0,14.41,22,1699.0,5,1676,1676,1676,1676,242,166,285,546,437,0,0,0,0,0,0,0,0,0,0,0,43,0.826
Course 3,126,67,1.88,0.34,72,100.0,0,0,0,0,0,72,100.0,42.63,1103,0.0,0.0,0.0,0.0,0.0,0.0,0.0,0.0,13.19,39,2876.0,8,2395,2520,2520,2520,194,403,296,668,568,266,88,37,0,0,0,0,0,0,0,0,70,0.819
Course 3,206,67,3.07,0.36,72,100.0,0,0,0,0,0,61,100.0,36.83,964,0.0,0.0,0.0,0.0,0.0,0.0,0.0,0.0,13.76,26,1922.0,4,2150,2150,2150,2150,0,450,314,796,590,0,0,0,0,0,0,0,0,0,0,0,61,0.903
Course 3,67,32,2.09,0.18,23,100.0,0,0,0,0,0,13,100.0,26.26,232,0.0,0.0,0.0,0.0,0.0,0.0,0.0,0.0,16.26,6,796.0,4,507,507,507,507,0,22,16,376,93,0,0,0,0,0,0,0,0,0,0,0,12,0.751
Course 3,83,48,1.73,0.26,21,100.0,0,0,0,0,0,49,100.0,41.03,679,0.0,0.0,0.0,0.0,0.0,0.0,0.0,0.0,15.16,21,378.0,5,1585,1585,1585,1585,150,335,425,393,282,0,0,0,0,0,0,0,0,0,0,0,49,0.822
Course 3,66,45,1.47,0.25,22,100.0,0,0,0,0,0,33,100.0,37.19,463,0.0,0.0,0.0,0.0,0.0,0.0,0.0,0.0,15.31,17,993.0,5,1188,1188,1188,1188,132,198,257,597,4,0,0,0,0,0,0,0,0,0,0,0,32,0.832
Course 3,223,92,2.42,0.4,168,100.0,0,0,0,0,0,109,100.0,24.56,1344,0.0,0.0,0.0,0.0,0.0,0.0,0.0,0.0,8.53,56,8215.0,11,2544,3072,3254,3254,171,277,315,716,628,437,261,40,227,67,115,0,0,0,0,0,98,0.837
Course 3,94,55,1.71,0.29,55,100.0,0,0,0,0,0,41,100.0,45.72,714,0.0,0.0,0.0,0.0,0.0,0.0,0.0,0.0,15.1,22,1817.0,6,1640,1640,1640,1640,255,48,243,600,476,18,0,0,0,0,0,0,0,0,0,0,40,0.836
Course 3,136,50,2.72,0.24,40,100.0,0,0,0,0,0,29,100.0,43.32,398,0.0,0.0,0.0,0.0,0.0,0.0,0.0,0.0,15.24,16,1643.0,5,977,979,979,979,169,333,0,3,472,0,0,0,2,0,0,0,0,0,0,0,29,0.538
Course 3,99,56,1.77,0.28,57,100.0,0,0,0,0,0,45,100.0,41.99,688,0.0,0.0,0.0,0.0,0.0,0.0,0.0,0.0,16.27,28,1468.0,7,1482,1573,1573,1573,135,130,230,301,612,74,91,0,0,0,0,0,0,0,0,0,45,0.794
Course 3,114,63,1.81,0.27,71,100.0,0,0,0,0,0,71,100.0,38.07,1054,0.0,0.0,0.0,0.0,0.0,0.0,0.0,0.0,14.24,34,2146.0,9,2235,2376,2420,2420,24,347,182,711,628,343,24,117,0,0,0,44,0,0,0,0,69,0.616
Course 3,105,71,1.48,0.37,135,100.0,0,0,0,0,0,78,100.0,38.15,1214,0.0,0.0,0.0,0.0,0.0,0.0,0.0,0.0,12.81,43,1262.0,8,2530,2757,2757,2757,207,303,305,650,637,428,107,120,0,0,0,0,0,0,0,0,75,0.862
Course 3,189,71,2.66,0.35,106,100.0,0,0,0,0,0,75,100.0,39.94,1261,0.0,0.0,0.0,0.0,0.0,0.0,0.0,0.0,15.54,35,1463.0,8,2588,2777,2777,2777,83,435,417,622,590,441,151,38,0,0,0,0,0,0,0,0,73,0.848
Course 3,47,29,1.62,0.16,37,100.0,0,0,0,0,0,16,100.0,21.0,275,0.0,0.0,0.0,0.0,0.0,0.0,0.0,0.0,11.22,10,387.0,5,628,628,628,628,84,77,49,328,90,0,0,0,0,0,0,0,0,0,0,0,16,0.717
Course 3,301,89,3.38,0.39,101,100.0,0,0,0,0,0,93,100.0,36.63,1380,0.0,0.0,0.0,0.0,0.0,0.0,0.0,0.0,12.19,49,3520.0,9,2809,3147,3176,3176,179,377,288,803,637,525,281,57,0,0,0,29,0,0,0,0,89,0.654
Course 3,172,49,3.51,0.3,70,100.0,0,0,0,0,0,46,100.0,43.91,751,0.0,0.0,0.0,0.0,0.0,0.0,0.0,0.0,14.2,20,976.0,5,1733,1733,1733,1733,186,358,464,724,1,0,0,0,0,0,0,0,0,0,0,0,46,0.87
Course 3,75,36,2.08,0.19,19,100.0,0,0,0,0,0,16,100.0,31.57,282,0.0,0.0,0.0,0.0,0.0,0.0,0.0,0.0,15.2,10,385.0,4,649,649,649,649,33,43,0,322,251,0,0,0,0,0,0,0,0,0,0,0,16,0.652
Course 3,62,27,2.3,0.17,18,100.0,0,0,0,0,0,5,100.0,38.03,58,0.0,0.0,0.0,0.0,0.0,0.0,0.0,0.0,12.67,5,73.0,4,141,141,141,141,0,54,33,17,37,0,0,0,0,0,0,0,0,0,0,0,5,0.49
Course 3,175,94,1.86,0.4,264,100.0,0,0,0,0,0,133,100.0,32.93,1914,0.0,0.0,0.0,0.0,0.0,0.0,0.0,0.0,14.69,72,3762.0,12,3119,3737,4359,4359,121,574,361,839,660,564,215,181,222,189,266,167,0,0,0,0,126,0.874
Course 3,51,35,1.46,0.21,63,100.0,0,0,0,0,0,35,100.0,41.2,371,0.0,0.0,0.0,0.0,0.0,0.0,0.0,0.0,12.44,11,601.0,3,902,902,902,902,0,190,499,213,0,0,0,0,0,0,0,0,0,0,0,0,35,0.848
Course 3,188,54,3.48,0.29,87,100.0,0,0,0,0,0,50,100.0,38.65,1124,0.0,0.0,0.0,0.0,0.0,0.0,0.0,0.0,14.08,21,3734.0,5,2340,2340,2340,2340,54,389,352,1135,410,0,0,0,0,0,0,0,0,0,0,0,48,0.854
Course 3,169,52,3.25,0.26,53,100.0,0,0,0,0,0,38,100.0,43.67,684,0.0,0.0,0.0,0.0,0.0,0.0,0.0,0.0,10.38,22,1343.0,6,1508,1538,1538,1538,0,101,50,741,527,89,30,0,0,0,0,0,0,0,0,0,37,0.779
Course 3,86,38,2.26,0.21,13,100.0,0,0,0,0,0,13,100.0,48.06,351,0.0,0.0,0.0,0.0,0.0,0.0,0.0,0.0,16.09,7,116.0,4,741,741,741,741,99,83,0,401,158,0,0,0,0,0,0,0,0,0,0,0,13,0.682
Course 3,114,52,2.19,0.28,93,100.0,0,0,0,0,0,58,100.0,43.32,1005,0.0,0.0,0.0,0.0,0.0,0.0,0.0,0.0,11.43,29,2313.0,7,2118,2231,2231,2231,104,278,190,840,508,198,113,0,0,0,0,0,0,0,0,0,56,0.829
Course 3,131,57,2.3,0.28,66,100.0,0,0,0,0,0,56,100.0,43.7,811,0.0,0.0,0.0,0.0,0.0,0.0,0.0,0.0,13.73,25,1698.0,6,1895,1896,1896,1896,0,167,571,673,483,1,1,0,0,0,0,0,0,0,0,0,56,0.786
Course 3,91,48,1.9,0.26,70,100.0,0,0,0,0,0,52,100.0,44.66,834,0.0,0.0,0.0,0.0,0.0,0.0,0.0,0.0,15.73,21,2498.0,5,1905,1905,1905,1905,77,404,276,644,504,0,0,0,0,0,0,0,0,0,0,0,51,0.846
Course 3,106,37,2.86,0.2,6,100.0,0,0,0,0,0,4,100.0,23.25,39,0.0,0.0,0.0,0.0,0.0,0.0,0.0,0.0,14.9,3,33.0,2,88,88,88,88,0,85,0,0,3,0,0,0,0,0,0,0,0,0,0,0,4,0.34
Course 3,107,50,2.14,0.23,60,100.0,0,0,0,0,0,57,100.0,42.98,934,0.0,0.0,0.0,0.0,0.0,0.0,0.0,0.0,16.52,20,1105.0,7,2055,2093,2093,2093,78,407,424,622,404,120,0,0,38,0,0,0,0,0,0,0,57,0.665
Course 3,174,68,2.56,0.33,100,100.0,0,0,0,0,0,73,100.0,45.22,1157,0.0,0.0,0.0,0.0,0.0,0.0,0.0,0.0,11.35,36,2308.0,8,2657,2666,2666,2666,107,375,329,788,621,437,6,3,0,0,0,0,0,0,0,0,72,0.818
Course 3,95,31,3.06,0.16,37,100.0,0,0,0,0,0,27,100.0,41.79,528,0.0,0.0,0.0,0.0,0.0,0.0,0.0,0.0,14.71,12,421.0,5,1093,1155,1155,1155,0,38,97,397,561,0,0,0,62,0,0,0,0,0,0,0,27,0.545
Course 3,1,1,1.0,1.0,0,0.0,0,0,0,0,0,0,0.0,0.0,0,0.0,0.0,0.0,0.0,0.0,0.0,0.0,0.0,0.0,0,0.0,0,0,0,0,0,0,0,0,0,0,0,0,0,0,0,0,0,0,0,0,0,0,0.0
Course 3,147,54,2.72,0.27,64,100.0,0,0,0,0,0,65,100.0,45.02,997,0.0,0.0,0.0,0.0,0.0,0.0,0.0,0.0,14.75,25,1722.0,6,2218,2253,2253,2253,0,135,660,787,536,100,0,0,35,0,0,0,0,0,0,0,65,0.691
Course 3,69,27,2.56,0.16,33,100.0,0,0,0,0,0,32,100.0,43.59,434,0.0,0.0,0.0,0.0,0.0,0.0,0.0,0.0,16.82,11,531.0,3,977,977,977,977,0,257,243,0,477,0,0,0,0,0,0,0,0,0,0,0,31,0.741
Course 3,95,34,2.79,0.19,23,100.0,0,0,0,0,0,25,100.0,45.49,564,0.0,0.0,0.0,0.0,0.0,0.0,0.0,0.0,14.9,11,989.0,5,1194,1194,1194,1194,0,240,7,660,284,3,0,0,0,0,0,0,0,0,0,0,25,0.75
Course 3,277,59,4.69,0.28,71,100.0,0,0,0,0,0,20,100.0,6.1,313,0.0,0.0,0.0,0.0,0.0,0.0,0.0,0.0,8.46,22,3299.0,8,672,743,743,743,33,0,50,281,301,7,60,1,10,0,0,0,0,0,0,0,20,0.617
Course 3,103,61,1.69,0.31,84,100.0,0,0,0,0,0,55,100.0,38.82,806,0.0,0.0,0.0,0.0,0.0,0.0,0.0,0.0,16.38,30,1287.0,7,1893,1901,1901,1901,204,253,323,380,542,191,8,0,0,0,0,0,0,0,0,0,54,0.794
Course 3,56,26,2.15,0.16,49,100.0,0,0,0,0,0,44,100.0,42.29,618,0.0,0.0,0.0,0.0,0.0,0.0,0.0,0.0,11.86,13,1196.0,5,1389,1389,1389,1389,110,90,550,196,443,0,0,0,0,0,0,0,0,0,0,0,43,0.769
Course 3,82,46,1.78,0.26,63,100.0,0,0,0,0,0,62,100.0,38.84,1086,0.0,0.0,0.0,0.0,0.0,0.0,0.0,0.0,14.52,31,929.0,7,2300,2408,2408,2408,189,248,215,794,587,267,108,0,0,0,0,0,0,0,0,0,60,0.845
Course 3,85,45,1.89,0.26,35,100.0,0,0,0,0,0,55,100.0,40.55,967,0.0,0.0,0.0,0.0,0.0,0.0,0.0,0.0,14.47,28,1211.0,6,2127,2127,2127,2127,164,194,275,842,568,84,0,0,0,0,0,0,0,0,0,0,54,0.875
Course 3,132,57,2.32,0.29,52,100.0,0,0,0,0,0,74,100.0,44.37,1160,0.0,0.0,0.0,0.0,0.0,0.0,0.0,0.0,13.83,32,909.0,6,2652,2665,2665,2665,0,412,334,784,644,478,13,0,0,0,0,0,0,0,0,0,74,0.882
Course 3,144,57,2.53,0.3,87,100.0,0,0,0,0,0,67,100.0,43.28,1025,0.0,0.0,0.0,0.0,0.0,0.0,0.0,0.0,14.61,30,4228.0,6,2422,2422,2422,2422,119,364,312,843,688,96,0,0,0,0,0,0,0,0,0,0,67,0.885
Course 3,69,43,1.6,0.25,51,100.0,0,0,0,0,0,60,100.0,43.54,852,0.0,0.0,0.0,0.0,0.0,0.0,0.0,0.0,15.1,22,951.0,4,1947,1947,1947,1947,0,409,313,603,622,0,0,0,0,0,0,0,0,0,0,0,58,0.89
Course 3,69,30,2.3,0.17,36,100.0,0,0,0,0,0,25,100.0,25.53,474,0.0,0.0,0.0,0.0,0.0,0.0,0.0,0.0,15.58,11,516.0,3,1071,1071,1071,1071,73,0,0,349,649,0,0,0,0,0,0,0,0,0,0,0,22,0.646
Course 3,115,47,2.45,0.25,63,100.0,0,0,0,0,0,53,100.0,42.98,932,0.0,0.0,0.0,0.0,0.0,0.0,0.0,0.0,15.06,25,939.0,5,2120,2120,2120,2120,108,238,235,905,634,0,0,0,0,0,0,0,0,0,0,0,53,0.86
Course 3,86,45,1.91,0.23,54,100.0,0,0,0,0,0,50,100.0,43.78,725,0.0,0.0,0.0,0.0,0.0,0.0,0.0,0.0,14.24,27,2075.0,7,1653,1654,1654,1654,163,245,240,376,538,91,1,0,0,0,0,0,0,0,0,0,50,0.808
Course 3,118,59,2.0,0.32,50,100.0,0,0,0,0,0,65,100.0,41.35,1001,0.0,0.0,0.0,0.0,0.0,0.0,0.0,0.0,13.59,27,1639.0,5,2499,2499,2499,2499,200,389,391,807,712,0,0,0,0,0,0,0,0,0,0,0,61,0.882
Course 3,123,56,2.2,0.29,107,100.0,0,0,0,0,0,57,100.0,42.13,866,0.0,0.0,0.0,0.0,0.0,0.0,0.0,0.0,13.17,30,1784.0,6,1959,1959,1959,1959,165,234,325,444,527,264,0,0,0,0,0,0,0,0,0,0,56,0.863
Course 3,91,53,1.72,0.26,80,100.0,0,0,0,0,0,64,100.0,36.26,1167,0.0,0.0,0.0,0.0,0.0,0.0,0.0,0.0,14.08,33,1067.0,8,2582,2682,2682,2682,166,349,327,946,527,267,99,1,0,0,0,0,0,0,0,0,63,0.826
Course 3,121,47,2.57,0.26,64,100.0,0,0,0,0,0,44,100.0,26.27,383,0.0,0.0,0.0,0.0,0.0,0.0,0.0,0.0,14.87,22,1680.0,5,948,948,948,948,98,157,183,202,308,0,0,0,0,0,0,0,0,0,0,0,43,0.798
Course 3,86,50,1.72,0.24,54,100.0,0,0,0,0,0,50,100.0,35.57,684,0.0,0.0,0.0,0.0,0.0,0.0,0.0,0.0,13.03,23,4076.0,5,1601,1601,1601,1601,176,170,282,397,576,0,0,0,0,0,0,0,0,0,0,0,48,0.837
Course 3,89,54,1.65,0.29,72,100.0,0,0,0,0,0,54,100.0,37.46,759,0.0,0.0,0.0,0.0,0.0,0.0,0.0,0.0,13.65,24,2038.0,6,1829,1829,1829,1829,171,310,271,566,420,91,0,0,0,0,0,0,0,0,0,0,54,0.854
Course 3,170,61,2.79,0.31,84,100.0,0,0,0,0,0,68,100.0,43.27,1233,0.0,0.0,0.0,0.0,0.0,0.0,0.0,0.0,13.64,33,2565.0,7,2640,2726,2726,2726,153,224,310,1033,647,273,86,0,0,0,0,0,0,0,0,0,66,0.862
Course 3,94,57,1.65,0.3,112,100.0,0,0,0,0,0,50,100.0,38.35,843,0.0,0.0,0.0,0.0,0.0,0.0,0.0,0.0,14.55,28,2342.0,5,1859,1859,1859,1859,205,290,221,505,638,0,0,0,0,0,0,0,0,0,0,0,50,0.871
Course 3,90,36,2.5,0.18,18,100.0,0,0,0,0,0,18,100.0,40.25,203,0.0,0.0,0.0,0.0,0.0,0.0,0.0,0.0,15.07,11,250.0,6,493,494,494,494,45,119,155,153,21,0,1,0,0,0,0,0,0,0,0,0,18,0.582
Course 3,72,43,1.67,0.23,24,100.0,0,0,0,0,0,40,100.0,40.59,526,0.0,0.0,0.0,0.0,0.0,0.0,0.0,0.0,15.77,22,344.0,5,1234,1234,1234,1234,132,195,280,317,310,0,0,0,0,0,0,0,0,0,0,0,40,0.835
Course 3,129,54,2.39,0.29,44,100.0,0,0,0,0,0,54,100.0,43.28,761,0.0,0.0,0.0,0.0,0.0,0.0,0.0,0.0,14.17,27,1087.0,5,1742,1742,1742,1742,142,215,246,654,485,0,0,0,0,0,0,0,0,0,0,0,53,0.872
Course 3,114,44,2.59,0.24,54,100.0,0,0,0,0,0,39,100.0,34.19,562,0.0,0.0,0.0,0.0,0.0,0.0,0.0,0.0,16.01,20,843.0,5,1354,1354,1354,1354,161,153,241,526,273,0,0,0,0,0,0,0,0,0,0,0,39,0.823
Course 3,92,50,1.84,0.25,50,100.0,0,0,0,0,0,48,100.0,43.36,831,0.0,0.0,0.0,0.0,0.0,0.0,0.0,0.0,12.11,27,5334.0,6,1921,1922,1922,1922,103,361,393,649,415,0,1,0,0,0,0,0,0,0,0,0,48,0.73
Course 3,74,43,1.72,0.23,34,100.0,0,0,0,0,0,46,100.0,44.67,651,0.0,0.0,0.0,0.0,0.0,0.0,0.0,0.0,14.4,23,623.0,5,1512,1512,1512,1512,108,156,214,562,472,0,0,0,0,0,0,0,0,0,0,0,46,0.846
Course 3,68,33,2.06,0.18,27,100.0,0,0,0,0,0,35,100.0,15.0,214,0.0,0.0,0.0,0.0,0.0,0.0,0.0,0.0,13.26,17,742.0,4,543,543,543,543,0,74,195,119,155,0,0,0,0,0,0,0,0,0,0,0,35,0.782
Course 3,105,60,1.75,0.32,4,100.0,0,0,0,0,0,47,100.0,40.28,585,0.0,0.0,0.0,0.0,0.0,0.0,0.0,0.0,13.33,27,775.0,5,1350,1350,1350,1350,141,197,245,304,463,0,0,0,0,0,0,0,0,0,0,0,47,0.857
Course 3,164,47,3.49,0.26,54,100.0,0,0,0,0,0,54,100.0,44.24,882,0.0,0.0,0.0,0.0,0.0,0.0,0.0,0.0,14.12,26,2872.0,5,1961,1961,1961,1961,166,233,310,708,544,0,0,0,0,0,0,0,0,0,0,0,53,0.873
Course 3,146,71,2.06,0.38,51,100.0,0,0,0,0,0,51,100.0,47.44,769,0.0,0.0,0.0,0.0,0.0,0.0,0.0,0.0,14.94,31,6208.0,5,1865,1865,1865,1865,170,251,295,594,555,0,0,0,0,0,0,0,0,0,0,0,51,0.888
Course 3,121,57,2.12,0.3,47,100.0,0,0,0,0,0,48,100.0,42.58,619,0.0,0.0,0.0,0.0,0.0,0.0,0.0,0.0,14.56,26,1716.0,5,1423,1423,1423,1423,125,199,279,398,422,0,0,0,0,0,0,0,0,0,0,0,46,0.85
Course 3,158,67,2.36,0.33,36,100.0,0,0,0,0,0,52,100.0,39.2,714,0.0,0.0,0.0,0.0,0.0,0.0,0.0,0.0,12.45,27,1578.0,6,1666,1694,1694,1694,153,271,386,218,638,0,28,0,0,0,0,0,0,0,0,0,52,0.754
Course 3,72,44,1.64,0.24,54,100.0,0,0,0,0,0,46,100.0,43.89,618,0.0,0.0,0.0,0.0,0.0,0.0,0.0,0.0,15.19,25,1610.0,5,1457,1457,1457,1457,135,211,265,372,474,0,0,0,0,0,0,0,0,0,0,0,45,0.856
Course 3,98,49,2.0,0.23,143,100.0,0,0,0,0,0,62,100.0,41.3,1030,0.0,0.0,0.0,0.0,0.0,0.0,0.0,0.0,13.47,27,3381.0,7,2224,2225,2225,2225,213,403,372,450,762,24,0,0,1,0,0,0,0,0,0,0,57,0.66
Course 3,165,58,2.84,0.27,90,100.0,0,0,0,0,0,69,100.0,39.64,1013,0.0,0.0,0.0,0.0,0.0,0.0,0.0,0.0,13.11,32,2263.0,8,2414,2420,2420,2420,125,288,483,559,646,313,5,0,1,0,0,0,0,0,0,0,64,0.694
Course 3,103,58,1.78,0.32,64,100.0,0,0,0,0,0,59,100.0,44.77,935,0.0,0.0,0.0,0.0,0.0,0.0,0.0,0.0,14.76,31,1424.0,6,2111,2111,2111,2111,140,368,294,582,651,76,0,0,0,0,0,0,0,0,0,0,59,0.881
Course 3,192,67,2.87,0.33,145,100.0,0,0,0,0,0,74,100.0,44.28,1187,0.0,0.0,0.0,0.0,0.0,0.0,0.0,0.0,12.48,42,5702.0,7,2607,2744,2744,2744,201,240,301,788,637,440,137,0,0,0,0,0,0,0,0,0,72,0.879
Course 3,49,24,2.04,0.14,7,100.0,0,0,0,0,0,9,100.0,28.61,94,0.0,0.0,0.0,0.0,0.0,0.0,0.0,0.0,16.21,5,81.0,3,220,220,220,220,37,26,157,0,0,0,0,0,0,0,0,0,0,0,0,0,9,0.611
Course 3,72,35,2.06,0.2,19,100.0,0,0,0,0,0,29,100.0,40.98,327,0.0,0.0,0.0,0.0,0.0,0.0,0.0,0.0,15.37,13,561.0,4,803,803,803,803,139,291,278,95,0,0,0,0,0,0,0,0,0,0,0,0,28,0.773
Course 3,40,26,1.54,0.36,0,0.0,0,0,0,0,0,0,0.0,0.0,0,0.0,0.0,0.0,0.0,0.0,0.0,0.0,0.0,0.0,0,0.0,0,0,0,0,0,0,0,0,0,0,0,0,0,0,0,0,0,0,0,0,0,0,0.0
Course 3,67,27,2.48,0.16,44,100.0,0,0,0,0,0,31,100.0,43.78,437,0.0,0.0,0.0,0.0,0.0,0.0,0.0,0.0,16.21,18,1678.0,5,1037,1037,1037,1037,193,129,152,453,110,0,0,0,0,0,0,0,0,0,0,0,31,0.776
Course 3,127,50,2.54,0.26,59,100.0,0,0,0,0,0,51,100.0,17.04,315,0.0,0.0,0.0,0.0,0.0,0.0,0.0,0.0,13.81,26,1191.0,5,846,846,846,846,107,171,244,160,164,0,0,0,0,0,0,0,0,0,0,0,51,0.82
Course 3,49,30,1.63,0.15,21,100.0,0,0,0,0,0,10,100.0,22.9,124,0.0,0.0,0.0,0.0,0.0,0.0,0.0,0.0,10.78,7,704.0,4,304,305,305,305,78,154,0,0,72,0,1,0,0,0,0,0,0,0,0,0,10,0.426
Course 3,104,57,1.82,0.29,70,100.0,0,0,0,0,0,57,100.0,29.98,974,0.0,0.0,0.0,0.0,0.0,0.0,0.0,0.0,15.77,30,1266.0,7,2249,2351,2351,2351,252,381,349,503,673,91,102,0,0,0,0,0,0,0,0,0,56,0.84
Course 3,85,31,2.74,0.16,15,100.0,0,0,0,0,0,4,100.0,17.38,102,0.0,0.0,0.0,0.0,0.0,0.0,0.0,0.0,10.22,5,35.0,4,217,217,217,217,92,0,0,1,114,10,0,0,0,0,0,0,0,0,0,0,4,0.372
Course 3,66,26,2.54,0.15,19,100.0,0,0,0,0,0,13,100.0,39.77,118,0.0,0.0,0.0,0.0,0.0,0.0,0.0,0.0,13.54,6,145.0,4,323,323,323,323,143,96,38,46,0,0,0,0,0,0,0,0,0,0,0,0,13,0.619
Course 3,106,63,1.68,0.33,45,100.0,0,0,0,0,0,55,100.0,42.56,835,0.0,0.0,0.0,0.0,0.0,0.0,0.0,0.0,13.73,30,634.0,6,1869,1869,1869,1869,140,197,316,497,644,75,0,0,0,0,0,0,0,0,0,0,54,0.872
Course 3,100,58,1.72,0.31,43,100.0,0,0,0,0,0,50,100.0,41.45,711,0.0,0.0,0.0,0.0,0.0,0.0,0.0,0.0,13.71,27,696.0,5,1610,1610,1610,1610,163,201,266,550,430,0,0,0,0,0,0,0,0,0,0,0,50,0.86
Course 3,77,46,1.67,0.23,54,100.0,0,0,0,0,0,38,100.0,40.25,497,0.0,0.0,0.0,0.0,0.0,0.0,0.0,0.0,13.13,18,1269.0,5,1173,1173,1173,1173,168,213,262,249,281,0,0,0,0,0,0,0,0,0,0,0,37,0.825
Course 3,81,36,2.25,0.22,68,100.0,0,0,0,0,0,47,100.0,41.0,686,0.0,0.0,0.0,0.0,0.0,0.0,0.0,0.0,16.9,21,2928.0,5,1597,1597,1597,1597,105,351,350,482,309,0,0,0,0,0,0,0,0,0,0,0,46,0.834
Course 3,218,79,2.76,0.37,243,100.0,0,0,0,0,0,89,100.0,41.53,1342,0.0,0.0,0.0,0.0,0.0,0.0,0.0,0.0,11.11,50,12939.0,9,2889,3216,3216,3216,150,236,439,830,695,539,273,51,3,0,0,0,0,0,0,0,88,0.866
Course 3,90,47,1.91,0.25,47,100.0,0,0,0,0,0,30,100.0,19.28,391,0.0,0.0,0.0,0.0,0.0,0.0,0.0,0.0,11.72,18,3573.0,5,922,922,922,922,28,192,224,330,148,0,0,0,0,0,0,0,0,0,0,0,28,0.794
Course 3,89,40,2.23,0.22,84,100.0,0,0,0,0,0,47,100.0,22.67,376,0.0,0.0,0.0,0.0,0.0,0.0,0.0,0.0,14.89,21,2738.0,5,947,947,947,947,131,171,384,96,165,0,0,0,0,0,0,0,0,0,0,0,47,0.795
Course 3,149,48,3.1,0.24,51,100.0,0,0,0,0,0,42,100.0,43.3,617,0.0,0.0,0.0,0.0,0.0,0.0,0.0,0.0,12.79,23,1613.0,7,1469,1471,1471,1471,102,299,320,388,359,1,2,0,0,0,0,0,0,0,0,0,42,0.766
Course 3,130,53,2.45,0.27,72,100.0,0,0,0,0,0,55,100.0,41.58,1034,0.0,0.0,0.0,0.0,0.0,0.0,0.0,0.0,11.97,28,1420.0,7,2233,2238,2238,2238,56,238,278,711,685,265,5,0,0,0,0,0,0,0,0,0,54,0.824
Course 3,76,43,1.77,0.23,45,100.0,0,0,0,0,0,39,100.0,37.38,560,0.0,0.0,0.0,0.0,0.0,0.0,0.0,0.0,12.52,19,392.0,5,1265,1265,1265,1265,128,186,280,392,279,0,0,0,0,0,0,0,0,0,0,0,39,0.802
Course 3,94,56,1.68,0.3,54,100.0,0,0,0,0,0,54,100.0,43.98,794,0.0,0.0,0.0,0.0,0.0,0.0,0.0,0.0,15.53,28,872.0,5,1804,1804,1804,1804,166,252,263,643,480,0,0,0,0,0,0,0,0,0,0,0,53,0.873
Course 3,146,45,3.24,0.24,113,100.0,0,0,0,0,0,52,100.0,16.94,386,0.0,0.0,0.0,0.0,0.0,0.0,0.0,0.0,14.5,23,6282.0,5,1032,1032,1032,1032,36,146,479,119,252,0,0,0,0,0,0,0,0,0,0,0,52,0.819
Course 3,110,63,1.75,0.32,101,100.0,0,0,0,0,0,67,100.0,39.32,1007,0.0,0.0,0.0,0.0,0.0,0.0,0.0,0.0,14.53,31,2276.0,7,2180,2276,2276,2276,127,331,292,696,733,1,96,0,0,0,0,0,0,0,0,0,64,0.833
Course 3,68,44,1.55,0.23,32,100.0,0,0,0,0,0,47,100.0,32.18,591,0.0,0.0,0.0,0.0,0.0,0.0,0.0,0.0,16.36,24,763.0,6,1377,1377,1377,1377,89,158,280,212,555,83,0,0,0,0,0,0,0,0,0,0,44,0.832
Course 3,73,36,2.03,0.2,7,100.0,0,0,0,0,0,30,100.0,37.66,406,0.0,0.0,0.0,0.0,0.0,0.0,0.0,0.0,13.81,15,1340.0,4,890,890,890,890,152,339,251,148,0,0,0,0,0,0,0,0,0,0,0,0,29,0.824
Course 3,151,64,2.36,0.34,24,100.0,0,0,0,0,0,28,100.0,42.29,333,0.0,0.0,0.0,0.0,0.0,0.0,0.0,0.0,15.6,16,713.0,5,752,752,752,752,77,213,298,154,10,0,0,0,0,0,0,0,0,0,0,0,26,0.785
Course 3,75,45,1.67,0.23,67,100.0,0,0,0,0,0,69,100.0,40.9,1031,0.0,0.0,0.0,0.0,0.0,0.0,0.0,0.0,14.83,25,1376.0,6,2179,2313,2313,2313,0,350,284,791,577,177,134,0,0,0,0,0,0,0,0,0,68,0.812
Course 3,92,52,1.77,0.26,38,100.0,0,0,0,0,0,45,100.0,29.73,730,0.0,0.0,0.0,0.0,0.0,0.0,0.0,0.0,17.17,27,972.0,6,1688,1693,1693,1693,146,127,209,719,487,0,5,0,0,0,0,0,0,0,0,0,45,0.784
Course 3,340,60,5.67,0.28,50,100.0,0,0,0,0,0,49,100.0,43.09,828,0.0,0.0,0.0,0.0,0.0,0.0,0.0,0.0,9.92,23,2575.0,7,1786,1844,1844,1844,5,0,470,743,568,0,6,2,50,0,0,0,0,0,0,0,47,0.697
Course 3,44,27,1.63,0.15,12,100.0,0,0,0,0,0,10,100.0,35.83,169,0.0,0.0,0.0,0.0,0.0,0.0,0.0,0.0,12.99,7,295.0,3,394,394,394,394,0,0,94,140,160,0,0,0,0,0,0,0,0,0,0,0,10,0.759
Course 3,54,36,1.5,0.17,27,100.0,0,0,0,0,0,48,100.0,40.72,714,0.0,0.0,0.0,0.0,0.0,0.0,0.0,0.0,16.39,15,279.0,5,1599,1600,1600,1600,0,304,235,665,395,0,0,0,1,0,0,0,0,0,0,0,48,0.579
Course 3,138,78,1.77,0.38,74,100.0,0,0,0,0,0,74,100.0,26.99,1249,0.0,0.0,0.0,0.0,0.0,0.0,0.0,0.0,14.82,40,3561.0,8,2527,2842,2842,2842,212,344,502,553,729,187,169,146,0,0,0,0,0,0,0,0,70,0.85
Course 3,84,55,1.53,0.28,85,100.0,0,0,0,0,0,58,100.0,44.62,954,0.0,0.0,0.0,0.0,0.0,0.0,0.0,0.0,13.24,30,999.0,7,2224,2236,2236,2236,169,296,336,755,667,1,12,0,0,0,0,0,0,0,0,0,58,0.825
Course 3,73,32,2.28,0.17,34,100.0,0,0,0,0,0,31,100.0,31.45,430,0.0,0.0,0.0,0.0,0.0,0.0,0.0,0.0,15.08,15,365.0,5,977,977,977,977,95,152,240,320,170,0,0,0,0,0,0,0,0,0,0,0,29,0.773
Course 3,112,54,2.07,0.3,98,100.0,0,0,0,0,0,77,100.0,40.58,1157,0.0,0.0,0.0,0.0,0.0,0.0,0.0,0.0,14.65,39,1247.0,7,2389,2695,2695,2695,184,233,297,610,620,445,306,0,0,0,0,0,0,0,0,0,74,0.873
Course 3,75,34,2.21,0.21,31,100.0,0,0,0,0,0,25,100.0,37.81,360,0.0,0.0,0.0,0.0,0.0,0.0,0.0,0.0,14.64,16,2867.0,5,817,817,817,817,13,131,206,199,268,0,0,0,0,0,0,0,0,0,0,0,24,0.733
Course 3,68,40,1.7,0.22,22,100.0,0,0,0,0,0,45,100.0,45.33,632,0.0,0.0,0.0,0.0,0.0,0.0,0.0,0.0,15.23,24,1269.0,5,1420,1420,1420,1420,114,167,262,354,523,0,0,0,0,0,0,0,0,0,0,0,44,0.846
Course 3,173,91,1.9,0.42,278,100.0,0,0,0,0,0,130,100.0,33.07,1559,0.0,0.0,0.0,0.0,0.0,0.0,0.0,0.0,12.55,70,8371.0,13,2806,3346,3849,3855,112,470,284,816,685,439,288,53,199,172,229,102,6,0,0,0,125,0.858
Course 3,206,92,2.24,0.39,247,100.0,0,0,0,0,0,131,100.0,19.79,1682,0.0,0.0,0.0,0.0,0.0,0.0,0.0,0.0,12.93,64,15199.0,12,3253,3993,4453,4453,477,358,578,789,576,475,319,219,202,100,228,132,0,0,0,0,122,0.844
Course 3,149,90,1.66,0.39,82,100.0,0,0,0,0,0,123,100.0,19.44,1287,0.0,0.0,0.0,0.0,0.0,0.0,0.0,0.0,13.11,58,4117.0,12,2361,2786,3215,3215,327,111,305,694,568,356,236,35,154,148,187,94,0,0,0,0,121,0.816
Course 3,148,75,1.97,0.32,81,100.0,0,0,0,0,0,111,100.0,29.69,1289,0.0,0.0,0.0,0.0,0.0,0.0,0.0,0.0,13.75,51,5582.0,12,2401,2891,3138,3142,0,298,376,643,602,482,310,35,145,78,104,65,4,0,0,0,102,0.807
Course 3,140,95,1.47,0.4,139,100.0,0,0,0,0,0,126,100.0,30.58,1780,0.0,0.0,0.0,0.0,0.0,0.0,0.0,0.0,15.59,70,4884.0,13,3550,3999,4464,4469,353,262,419,1194,825,497,221,64,164,91,161,213,5,0,0,0,126,0.851
Course 3,173,107,1.62,0.46,100,100.0,0,0,0,0,0,133,100.0,30.08,2043,0.0,0.0,0.0,0.0,0.0,0.0,0.0,0.0,11.87,69,10884.0,12,3712,4299,4859,4859,499,348,502,1150,728,485,343,48,196,136,221,203,0,0,0,0,128,0.867
Course 3,123,75,1.64,0.34,122,100.0,0,0,0,0,0,106,100.0,33.75,1290,0.0,0.0,0.0,0.0,0.0,0.0,0.0,0.0,13.78,47,2700.0,12,2478,2879,3089,3089,183,279,286,604,611,515,231,36,134,8,145,57,0,0,0,0,103,0.767
Course 3,143,84,1.7,0.35,85,100.0,0,0,0,0,0,98,100.0,28.29,1213,0.0,0.0,0.0,0.0,0.0,0.0,0.0,0.0,11.23,51,3419.0,12,2047,2515,2642,2642,169,360,256,457,509,296,235,32,201,2,57,68,0,0,0,0,93,0.778
Course 3,174,92,1.89,0.39,122,100.0,0,0,0,0,0,121,100.0,32.7,1475,0.0,0.0,0.0,0.0,0.0,0.0,0.0,0.0,14.29,59,5599.0,12,2534,3055,3512,3512,233,165,182,765,644,545,285,75,161,80,185,192,0,0,0,0,117,0.811
Course 3,183,98,1.87,0.42,223,100.0,0,0,0,0,0,125,100.0,33.72,1492,0.0,0.0,0.0,0.0,0.0,0.0,0.0,0.0,14.05,64,7614.0,12,2764,3198,3694,3694,301,299,293,868,637,366,263,35,136,100,223,173,0,0,0,0,123,0.828
Course 3,204,103,1.98,0.43,191,100.0,0,0,0,0,0,130,100.0,32.36,1536,0.0,0.0,0.0,0.0,0.0,0.0,0.0,0.0,14.98,73,8181.0,13,2710,3247,3788,3789,251,236,251,826,675,471,345,39,153,162,169,210,1,0,0,0,124,0.852
Course 3,167,104,1.61,0.45,104,100.0,0,0,0,0,0,130,100.0,32.92,1673,0.0,0.0,0.0,0.0,0.0,0.0,0.0,0.0,11.59,74,5268.0,12,2939,3378,3873,3873,313,325,295,840,644,522,249,36,154,151,207,137,0,0,0,0,127,0.863
Course 3,175,90,1.94,0.38,91,100.0,0,0,0,0,0,129,100.0,32.27,1795,0.0,0.0,0.0,0.0,0.0,0.0,0.0,0.0,13.13,57,3949.0,12,3188,3814,4240,4240,375,314,372,1034,690,403,352,74,200,55,158,213,0,0,0,0,117,0.824
Course 3,82,40,2.05,0.2,99,100.0,0,0,0,0,0,64,100.0,36.5,824,0.0,0.0,0.0,0.0,0.0,0.0,0.0,0.0,13.74,29,4281.0,8,1871,1903,1904,1904,128,128,481,601,445,88,32,0,0,1,0,0,0,0,0,0,63,0.651
Course 3,166,89,1.87,0.38,123,100.0,0,0,0,0,0,124,100.0,33.21,1587,0.0,0.0,0.0,0.0,0.0,0.0,0.0,0.0,14.93,61,8285.0,12,2771,3293,3726,3726,155,154,501,858,570,533,241,29,252,105,186,142,0,0,0,0,121,0.829
Course 3,212,106,2.0,0.44,35,100.0,0,0,0,0,0,134,100.0,31.91,1664,0.0,0.0,0.0,0.0,0.0,0.0,0.0,0.0,14.43,63,6337.0,13,2779,3277,3718,3722,238,300,219,797,689,536,204,106,188,146,191,104,4,0,0,0,121,0.833
Course 3,172,100,1.72,0.42,144,100.0,0,0,0,0,0,129,100.0,35.28,1568,0.0,0.0,0.0,0.0,0.0,0.0,0.0,0.0,13.38,73,7845.0,13,2866,3319,3832,3834,317,233,327,829,646,514,253,34,166,88,208,217,2,0,0,0,128,0.846
Course 3,133,80,1.66,0.34,122,100.0,0,0,0,0,0,117,100.0,28.46,1410,0.0,0.0,0.0,0.0,0.0,0.0,0.0,0.0,14.34,54,6307.0,12,2528,3048,3338,3338,114,329,313,647,671,454,249,30,241,69,101,120,0,0,0,0,113,0.818
Course 3,175,86,2.03,0.37,125,100.0,0,0,0,0,0,114,100.0,31.23,1452,0.0,0.0,0.0,0.0,0.0,0.0,0.0,0.0,12.33,58,3108.0,12,2538,3017,3326,3326,286,211,279,792,623,347,305,37,137,78,166,65,0,0,0,0,109,0.822
Course 3,263,97,2.71,0.41,196,100.0,0,0,0,0,0,129,100.0,27.21,1898,0.0,0.0,0.0,0.0,0.0,0.0,0.0,0.0,10.7,67,13179.0,13,3558,4076,4608,4609,290,268,343,1175,887,595,308,40,170,140,205,187,1,0,0,0,124,0.857
Course 3,179,88,2.03,0.4,147,100.0,0,0,0,0,0,123,100.0,33.89,1480,0.0,0.0,0.0,0.0,0.0,0.0,0.0,0.0,12.7,59,3972.0,12,2779,3157,3582,3582,259,195,355,819,626,525,274,29,75,65,179,181,0,0,0,0,120,0.804
Course 3,134,81,1.65,0.34,118,100.0,0,0,0,0,0,125,100.0,31.77,1489,0.0,0.0,0.0,0.0,0.0,0.0,0.0,0.0,14.24,56,6732.0,12,2752,3156,3611,3611,311,212,286,749,660,534,232,49,123,63,185,207,0,0,0,0,119,0.803
Course 3,208,105,1.98,0.44,249,100.0,0,0,0,0,0,134,100.0,28.76,1577,0.0,0.0,0.0,0.0,0.0,0.0,0.0,0.0,12.29,78,10009.0,13,2643,3243,3801,3804,235,317,295,816,682,298,209,82,309,180,212,166,3,0,0,0,130,0.862
Course 3,204,110,1.85,0.46,165,100.0,0,0,0,0,0,133,100.0,34.47,2156,0.0,0.0,0.0,0.0,0.0,0.0,0.0,0.0,14.85,70,8460.0,12,3365,4092,4781,4781,456,319,509,847,685,549,314,56,357,74,307,308,0,0,0,0,128,0.861
Course 3,150,79,1.9,0.34,126,100.0,0,0,0,0,0,98,100.0,30.81,1248,0.0,0.0,0.0,0.0,0.0,0.0,0.0,0.0,12.94,51,4544.0,12,2224,2683,2910,2910,266,197,351,746,526,138,256,32,171,54,47,126,0,0,0,0,95,0.781
Course 3,177,87,2.03,0.4,109,100.0,0,0,0,0,0,92,100.0,38.05,1318,0.0,0.0,0.0,0.0,0.0,0.0,0.0,0.0,11.46,49,4660.0,11,2575,3039,3043,3043,267,157,357,881,735,178,287,35,142,2,2,0,0,0,0,0,90,0.791
Course 3,215,92,2.34,0.38,185,100.0,0,0,0,0,0,114,100.0,34.73,1438,0.0,0.0,0.0,0.0,0.0,0.0,0.0,0.0,11.75,69,16029.0,13,3000,3134,3666,3667,333,281,313,951,671,451,54,1,79,153,168,211,1,0,0,0,110,0.825
Course 3,217,115,1.89,0.49,139,100.0,0,0,0,0,0,128,100.0,32.18,1815,0.0,0.0,0.0,0.0,0.0,0.0,0.0,0.0,12.63,73,8256.0,12,3478,3982,4377,4377,349,237,395,1023,725,749,273,45,186,81,163,151,0,0,0,0,123,0.867
Course 3,118,58,2.03,0.25,54,100.0,0,0,0,0,0,75,100.0,32.22,1146,0.0,0.0,0.0,0.0,0.0,0.0,0.0,0.0,11.93,36,3718.0,11,2265,2441,2512,2512,112,170,282,857,581,263,109,44,23,36,0,35,0,0,0,0,71,0.701
Course 3,169,99,1.71,0.41,171,100.0,0,0,0,0,0,125,100.0,34.8,1883,0.0,0.0,0.0,0.0,0.0,0.0,0.0,0.0,14.72,66,6349.0,13,3444,3932,4351,4353,524,203,546,952,674,545,249,61,178,118,136,165,2,0,0,0,122,0.849
Course 3,138,80,1.73,0.34,60,100.0,0,0,0,0,0,72,100.0,30.78,1186,0.0,0.0,0.0,0.0,0.0,0.0,0.0,0.0,13.22,35,2635.0,12,2150,2556,2664,2664,3,43,100,877,641,486,274,37,95,35,36,37,0,0,0,0,72,0.726
Course 3,163,86,1.9,0.36,123,100.0,0,0,0,0,0,120,100.0,21.01,1415,0.0,0.0,0.0,0.0,0.0,0.0,0.0,0.0,12.16,61,3004.0,12,2519,3037,3395,3395,320,205,226,738,506,524,232,32,254,49,164,145,0,0,0,0,119,0.821
Course 3,248,105,2.36,0.44,223,100.0,0,0,0,0,0,117,100.0,35.03,1474,0.0,0.0,0.0,0.0,0.0,0.0,0.0,0.0,9.07,65,8214.0,13,2770,3269,3636,3637,245,226,359,829,675,436,278,34,187,101,137,129,1,0,0,0,115,0.829
Course 3,191,107,1.79,0.45,128,100.0,0,0,0,0,0,97,100.0,32.39,1382,0.0,0.0,0.0,0.0,0.0,0.0,0.0,0.0,12.98,55,8557.0,12,2940,3313,3417,3419,323,234,397,980,709,297,224,56,93,1,0,103,2,0,0,0,95,0.766
Course 3,217,95,2.28,0.44,223,100.0,0,0,0,0,0,129,100.0,28.8,1435,0.0,0.0,0.0,0.0,0.0,0.0,0.0,0.0,10.7,72,17585.0,13,2510,3018,3532,3533,154,212,283,788,638,435,279,39,190,113,214,187,1,0,0,0,122,0.853
Course 3,206,102,2.02,0.43,185,100.0,0,0,0,0,0,132,100.0,33.37,1718,0.0,0.0,0.0,0.0,0.0,0.0,0.0,0.0,13.5,69,6116.0,13,2920,3564,4047,4048,264,214,485,831,661,465,478,42,124,96,195,192,1,0,0,0,124,0.84
Course 3,83,34,2.44,0.17,68,100.0,0,0,0,0,0,56,100.0,31.54,754,0.0,0.0,0.0,0.0,0.0,0.0,0.0,0.0,12.59,18,2812.0,9,1131,1632,1670,1670,65,339,199,369,91,68,232,0,269,38,0,0,0,0,0,0,53,0.664
Course 3,148,77,1.92,0.32,103,100.0,0,0,0,0,0,95,100.0,35.06,1282,0.0,0.0,0.0,0.0,0.0,0.0,0.0,0.0,12.73,51,3731.0,13,2257,2687,3020,3025,146,41,153,829,650,438,216,71,143,58,146,129,5,0,0,0,93,0.792
Course 3,133,65,2.05,0.28,127,100.0,0,0,0,0,0,100,100.0,29.81,1226,0.0,0.0,0.0,0.0,0.0,0.0,0.0,0.0,11.8,46,3825.0,12,2252,2653,2868,2868,213,347,242,568,557,325,248,32,121,45,108,62,0,0,0,0,98,0.77
Course 3,72,50,1.44,0.22,96,100.0,0,0,0,0,0,66,100.0,25.91,1065,0.0,0.0,0.0,0.0,0.0,0.0,0.0,0.0,12.96,29,2129.0,8,2110,2441,2473,2473,0,82,75,800,639,514,230,0,101,32,0,0,0,0,0,0,66,0.744
Course 3,86,56,1.54,0.26,103,100.0,0,0,0,0,0,80,100.0,35.6,977,0.0,0.0,0.0,0.0,0.0,0.0,0.0,0.0,15.43,36,3167.0,12,1954,2177,2346,2346,90,142,459,715,382,166,48,121,54,60,74,35,0,0,0,0,79,0.735
Course 3,259,115,2.25,0.48,156,100.0,0,0,0,0,0,133,100.0,33.32,1795,0.0,0.0,0.0,0.0,0.0,0.0,0.0,0.0,14.17,75,15263.0,13,3125,3770,4315,4317,219,397,370,892,694,553,131,224,290,160,161,224,2,0,0,0,127,0.867
Course 3,146,72,2.03,0.31,93,100.0,0,0,0,0,0,85,100.0,34.67,1058,0.0,0.0,0.0,0.0,0.0,0.0,0.0,0.0,11.93,48,5259.0,12,2124,2415,2580,2580,172,196,317,640,620,179,221,26,44,36,100,29,0,0,0,0,84,0.791
Course 3,75,39,1.92,0.19,46,100.0,0,0,0,0,0,33,100.0,24.86,578,0.0,0.0,0.0,0.0,0.0,0.0,0.0,0.0,12.8,19,1049.0,7,1292,1295,1295,1295,50,44,83,562,472,81,3,0,0,0,0,0,0,0,0,0,32,0.73
Course 3,83,46,1.8,0.19,51,100.0,0,0,0,0,0,33,100.0,27.61,369,0.0,0.0,0.0,0.0,0.0,0.0,0.0,0.0,10.3,21,3734.0,8,902,906,907,907,177,104,177,324,120,0,3,0,1,0,1,0,0,0,0,0,32,0.569
Course 3,143,82,1.74,0.34,75,100.0,0,0,0,0,0,104,100.0,33.32,1696,0.0,0.0,0.0,0.0,0.0,0.0,0.0,0.0,13.21,50,3246.0,13,3075,3587,3921,3922,133,106,476,863,1032,465,237,69,206,118,146,70,1,0,0,0,100,0.812
Course 3,154,91,1.69,0.42,166,100.0,0,0,0,0,0,120,100.0,35.06,1577,0.0,0.0,0.0,0.0,0.0,0.0,0.0,0.0,11.65,65,5323.0,13,2919,3334,3727,3728,252,256,277,1008,672,454,195,36,184,118,124,151,1,0,0,0,118,0.834
Course 3,164,80,2.05,0.33,140,100.0,0,0,0,0,0,99,100.0,34.16,1281,0.0,0.0,0.0,0.0,0.0,0.0,0.0,0.0,12.52,53,2857.0,13,2512,2793,2997,3000,218,279,390,588,581,456,224,33,24,53,43,108,3,0,0,0,93,0.784
Course 3,232,96,2.42,0.41,184,100.0,0,0,0,0,0,95,100.0,39.18,1492,0.0,0.0,0.0,0.0,0.0,0.0,0.0,0.0,13.4,57,12631.0,12,2919,3305,3395,3395,267,275,439,860,736,342,314,24,48,30,38,22,0,0,0,0,94,0.805
Course 3,232,97,2.39,0.41,148,100.0,0,0,0,0,0,136,100.0,29.01,1731,0.0,0.0,0.0,0.0,0.0,0.0,0.0,0.0,12.5,64,7072.0,13,3060,3660,4234,4237,320,261,432,1019,608,420,372,34,194,121,225,228,3,0,0,0,124,0.842
Course 3,105,53,1.98,0.24,98,100.0,0,0,0,0,0,67,100.0,29.21,700,0.0,0.0,0.0,0.0,0.0,0.0,0.0,0.0,13.05,30,3017.0,12,1373,1463,1697,1697,77,244,196,416,272,168,14,1,75,29,74,131,0,0,0,0,65,0.677
Course 3,161,87,1.85,0.37,133,100.0,0,0,0,0,0,114,100.0,30.48,1723,0.0,0.0,0.0,0.0,0.0,0.0,0.0,0.0,12.27,60,7197.0,12,3112,3825,4341,4341,249,220,312,1331,684,316,439,67,207,163,190,163,0,0,0,0,107,0.847
Course 3,178,97,1.84,0.42,124,100.0,0,0,0,0,0,112,100.0,34.47,1521,0.0,0.0,0.0,0.0,0.0,0.0,0.0,0.0,13.75,61,6147.0,12,2662,3094,3563,3563,248,244,399,821,598,352,203,48,181,62,202,205,0,0,0,0,110,0.818
Course 3,147,93,1.58,0.39,130,100.0,0,0,0,0,0,102,100.0,34.1,1318,0.0,0.0,0.0,0.0,0.0,0.0,0.0,0.0,12.91,54,2303.0,12,2331,2668,2955,2955,257,179,343,758,451,343,188,37,112,147,38,102,0,0,0,0,99,0.817
Course 3,132,66,2.0,0.3,145,100.0,0,0,0,0,0,80,100.0,33.15,888,0.0,0.0,0.0,0.0,0.0,0.0,0.0,0.0,12.46,49,7055.0,13,1514,1783,2240,2241,113,238,208,686,179,90,199,39,31,138,114,205,1,0,0,0,79,0.761
Course 3,99,51,1.94,0.24,123,100.0,0,0,0,0,0,58,100.0,32.91,949,0.0,0.0,0.0,0.0,0.0,0.0,0.0,0.0,11.79,29,4105.0,10,1906,2004,2105,2105,168,154,327,636,621,0,10,47,41,68,33,0,0,0,0,0,56,0.695
Course 3,112,58,1.93,0.24,50,100.0,0,0,0,0,0,45,100.0,42.51,876,0.0,0.0,0.0,0.0,0.0,0.0,0.0,0.0,15.66,21,1539.0,6,2137,2177,2177,2177,91,281,317,888,560,0,40,0,0,0,0,0,0,0,0,0,45,0.727
Course 3,189,99,1.91,0.43,103,100.0,0,0,0,0,0,116,100.0,34.8,1816,0.0,0.0,0.0,0.0,0.0,0.0,0.0,0.0,12.14,66,15265.0,12,3178,3667,3980,3980,242,219,383,1191,660,483,231,41,217,143,143,27,0,0,0,0,112,0.864
Course 3,88,43,2.05,0.19,45,100.0,0,0,0,0,0,24,100.0,27.17,235,0.0,0.0,0.0,0.0,0.0,0.0,0.0,0.0,11.33,20,2339.0,8,600,611,611,611,82,104,85,263,65,1,3,0,8,0,0,0,0,0,0,0,22,0.532
Course 3,143,81,1.77,0.34,114,100.0,0,0,0,0,0,83,100.0,31.41,1413,0.0,0.0,0.0,0.0,0.0,0.0,0.0,0.0,15.35,40,4136.0,12,2579,2828,3063,3063,126,202,293,573,941,444,83,36,130,1,153,81,0,0,0,0,79,0.777
Course 3,95,43,2.21,0.18,35,100.0,0,0,0,0,0,33,100.0,37.34,471,0.0,0.0,0.0,0.0,0.0,0.0,0.0,0.0,15.26,15,1121.0,5,1068,1068,1068,1068,33,67,117,537,314,0,0,0,0,0,0,0,0,0,0,0,31,0.755
Course 3,159,79,2.01,0.33,122,100.0,0,0,0,0,0,86,100.0,29.16,1181,0.0,0.0,0.0,0.0,0.0,0.0,0.0,0.0,10.32,51,4662.0,11,2101,2495,2899,2899,158,0,160,873,766,144,172,68,154,47,168,189,0,0,0,0,86,0.756
Course 3,109,67,1.63,0.28,94,100.0,0,0,0,0,0,82,100.0,34.5,1475,0.0,0.0,0.0,0.0,0.0,0.0,0.0,0.0,13.81,38,7053.0,11,2566,3186,3271,3271,164,307,330,911,833,21,20,113,487,0,50,35,0,0,0,0,80,0.736
Course 3,71,37,1.92,0.17,34,100.0,0,0,0,0,0,32,100.0,41.92,643,0.0,0.0,0.0,0.0,0.0,0.0,0.0,0.0,17.72,15,2075.0,6,1362,1402,1402,1402,129,146,205,536,346,0,0,0,40,0,0,0,0,0,0,0,32,0.539
Course 3,177,78,2.27,0.34,163,100.0,0,0,0,0,0,93,100.0,30.53,1256,0.0,0.0,0.0,0.0,0.0,0.0,0.0,0.0,9.93,45,6867.0,10,2450,3002,3005,3005,334,199,430,764,634,89,241,40,271,0,3,0,0,0,0,0,87,0.769
Course 3,122,72,1.69,0.33,87,100.0,0,0,0,0,0,110,100.0,21.81,1323,0.0,0.0,0.0,0.0,0.0,0.0,0.0,0.0,12.71,50,3885.0,12,2493,2825,3155,3155,169,218,367,722,510,507,219,28,85,61,130,139,0,0,0,0,108,0.783
Course 3,191,97,1.97,0.45,216,100.0,0,0,0,0,0,132,100.0,33.82,1864,0.0,0.0,0.0,0.0,0.0,0.0,0.0,0.0,13.07,70,7263.0,13,3320,3860,4390,4392,242,351,395,998,712,622,104,139,297,142,176,212,2,0,0,0,127,0.856
Course 3,87,50,1.74,0.21,66,100.0,0,0,0,0,0,59,100.0,31.3,743,0.0,0.0,0.0,0.0,0.0,0.0,0.0,0.0,13.56,32,4096.0,10,1490,1568,1736,1736,169,153,130,576,380,82,78,0,0,10,35,123,0,0,0,0,58,0.625
Course 3,169,102,1.66,0.43,102,100.0,0,0,0,0,0,119,100.0,29.17,1406,0.0,0.0,0.0,0.0,0.0,0.0,0.0,0.0,14.59,65,8189.0,13,2600,3121,3541,3543,164,204,260,815,664,493,301,53,167,123,173,124,2,0,0,0,114,0.822
Course 3,126,62,2.03,0.29,80,100.0,0,0,0,0,0,63,100.0,35.45,767,0.0,0.0,0.0,0.0,0.0,0.0,0.0,0.0,13.44,29,3367.0,8,1641,1781,1851,1851,179,217,162,613,271,199,140,0,0,0,0,70,0,0,0,0,61,0.564
Course 3,95,54,1.76,0.25,128,100.0,0,0,0,0,0,86,100.0,35.49,1229,0.0,0.0,0.0,0.0,0.0,0.0,0.0,0.0,12.47,34,2560.0,10,2484,2856,2862,2862,179,145,491,632,698,339,241,38,93,0,6,0,0,0,0,0,85,0.718
Course 3,63,48,1.31,0.22,89,100.0,0,0,0,0,0,59,100.0,36.35,799,0.0,0.0,0.0,0.0,0.0,0.0,0.0,0.0,12.3,32,2140.0,10,1649,1794,1891,1891,104,135,293,583,534,0,83,28,34,0,21,76,0,0,0,0,59,0.661
Course 3,168,100,1.68,0.45,155,100.0,0,0,0,0,0,129,100.0,32.62,1473,0.0,0.0,0.0,0.0,0.0,0.0,0.0,0.0,14.34,78,9395.0,13,2692,3234,3812,3814,277,196,333,827,614,445,259,40,243,183,213,182,2,0,0,0,128,0.863
Course 3,190,75,2.53,0.33,82,100.0,0,0,0,0,0,77,100.0,42.47,1263,0.0,0.0,0.0,0.0,0.0,0.0,0.0,0.0,13.2,40,5574.0,9,2627,2789,2794,2794,271,256,332,863,552,353,124,0,38,0,5,0,0,0,0,0,74,0.696
Course 3,71,34,2.09,0.14,26,100.0,0,0,0,0,0,22,100.0,5.8,234,0.0,0.0,0.0,0.0,0.0,0.0,0.0,0.0,13.47,13,214.0,5,581,581,581,581,88,64,89,335,5,0,0,0,0,0,0,0,0,0,0,0,22,0.711
Course 3,139,76,1.83,0.32,83,100.0,0,0,0,0,0,76,100.0,34.11,1039,0.0,0.0,0.0,0.0,0.0,0.0,0.0,0.0,13.11,42,3137.0,12,1791,1984,2274,2274,143,176,175,532,678,87,187,3,3,59,116,115,0,0,0,0,72,0.747
Course 3,212,109,1.94,0.46,196,100.0,0,0,0,0,0,132,100.0,34.13,2004,0.0,0.0,0.0,0.0,0.0,0.0,0.0,0.0,9.32,75,7329.0,13,3655,4207,4774,4776,391,337,364,1024,925,614,317,58,177,163,179,225,2,0,0,0,128,0.872
Course 3,252,111,2.27,0.47,217,100.0,0,0,0,0,0,117,100.0,35.18,1528,0.0,0.0,0.0,0.0,0.0,0.0,0.0,0.0,11.2,73,12942.0,12,2789,3347,3628,3628,272,208,337,780,732,460,290,60,208,33,88,160,0,0,0,0,112,0.859
Course 3,241,92,2.62,0.4,442,100.0,0,0,0,0,0,110,100.0,35.37,1714,0.0,0.0,0.0,0.0,0.0,0.0,0.0,0.0,11.39,60,14285.0,12,2836,3805,4069,4069,199,291,360,888,706,392,349,53,567,172,84,8,0,0,0,0,101,0.836
Course 3,152,79,1.92,0.33,186,100.0,0,0,0,0,0,95,100.0,37.41,1467,0.0,0.0,0.0,0.0,0.0,0.0,0.0,0.0,12.89,53,7099.0,13,2939,3276,3327,3332,197,311,376,915,670,470,295,36,6,30,2,19,5,0,0,0,92,0.782
Course 3,82,47,1.74,0.2,28,100.0,0,0,0,0,0,32,100.0,14.44,549,0.0,0.0,0.0,0.0,0.0,0.0,0.0,0.0,16.76,18,1802.0,5,1254,1254,1254,1254,0,28,124,585,488,29,0,0,0,0,0,0,0,0,0,0,31,0.814
Course 3,73,51,1.43,0.22,16,100.0,0,0,0,0,0,23,100.0,22.17,292,0.0,0.0,0.0,0.0,0.0,0.0,0.0,0.0,15.65,13,273.0,7,406,632,710,710,57,0,69,236,44,0,7,0,219,78,0,0,0,0,0,0,22,0.513
Course 3,99,64,1.55,0.27,22,100.0,0,0,0,0,0,31,100.0,34.34,537,0.0,0.0,0.0,0.0,0.0,0.0,0.0,0.0,14.25,16,721.0,4,1306,1306,1306,1306,0,65,184,691,366,0,0,0,0,0,0,0,0,0,0,0,31,0.798
Course 3,126,70,1.8,0.31,14,100.0,0,0,0,0,0,10,100.0,25.4,142,0.0,0.0,0.0,0.0,0.0,0.0,0.0,0.0,9.17,9,1976.0,4,265,364,364,364,1,0,192,72,0,0,0,0,99,0,0,0,0,0,0,0,9,0.349
Course 3,62,29,2.14,0.13,11,100.0,0,0,0,0,0,7,100.0,17.02,78,0.0,0.0,0.0,0.0,0.0,0.0,0.0,0.0,13.91,10,70.0,6,125,127,174,174,0,1,23,101,0,0,2,0,0,23,24,0,0,0,0,0,7,0.292
Course 3,300,119,2.52,0.5,230,100.0,0,0,0,0,0,117,100.0,21.55,1566,0.0,0.0,0.0,0.0,0.0,0.0,0.0,0.0,9.87,70,28051.0,13,3431,3876,4255,4256,471,466,568,608,882,436,169,133,143,77,184,118,1,0,0,0,103,0.85
Course 3,199,92,2.16,0.39,30,100.0,0,0,0,0,0,27,100.0,43.09,434,0.0,0.0,0.0,0.0,0.0,0.0,0.0,0.0,13.19,18,1602.0,6,916,919,919,919,86,77,180,386,187,0,3,0,0,0,0,0,0,0,0,0,26,0.668
Course 3,92,59,1.56,0.27,13,100.0,0,0,0,0,0,21,100.0,35.01,311,0.0,0.0,0.0,0.0,0.0,0.0,0.0,0.0,15.01,11,869.0,4,770,770,770,770,73,0,144,293,260,0,0,0,0,0,0,0,0,0,0,0,21,0.616
Course 3,90,41,2.2,0.19,38,100.0,0,0,0,0,0,26,100.0,21.62,425,0.0,0.0,0.0,0.0,0.0,0.0,0.0,0.0,13.91,15,959.0,5,944,944,950,950,0,40,172,372,360,0,0,0,0,6,0,0,0,0,0,0,22,0.462
Course 3,155,67,2.31,0.31,112,100.0,0,0,0,0,0,90,100.0,32.89,1272,0.0,0.0,0.0,0.0,0.0,0.0,0.0,0.0,13.88,39,4443.0,12,2226,2761,2766,2766,244,194,327,767,477,217,220,8,307,3,1,1,0,0,0,0,82,0.755
Course 3,79,29,2.72,0.14,13,100.0,0,0,0,0,0,19,100.0,33.08,308,0.0,0.0,0.0,0.0,0.0,0.0,0.0,0.0,10.55,10,458.0,5,681,682,682,682,55,41,238,347,0,0,0,1,0,0,0,0,0,0,0,0,19,0.464
Course 3,131,51,2.57,0.24,38,100.0,0,0,0,0,0,49,100.0,28.8,751,0.0,0.0,0.0,0.0,0.0,0.0,0.0,0.0,9.53,20,857.0,5,1566,1568,1568,1568,0,405,224,687,250,0,2,0,0,0,0,0,0,0,0,0,44,0.747
Course 3,113,43,2.63,0.2,15,100.0,0,0,0,0,0,8,100.0,22.77,133,0.0,0.0,0.0,0.0,0.0,0.0,0.0,0.0,16.2,6,158.0,3,306,306,307,307,0,0,112,194,0,0,0,0,0,1,0,0,0,0,0,0,8,0.28
Course 3,103,45,2.29,0.19,26,100.0,0,0,0,0,0,11,100.0,14.55,130,0.0,0.0,0.0,0.0,0.0,0.0,0.0,0.0,7.52,9,431.0,4,302,302,302,302,35,17,70,0,180,0,0,0,0,0,0,0,0,0,0,0,11,0.573
Course 3,94,41,2.29,0.19,18,100.0,0,0,0,0,0,10,100.0,23.23,177,0.0,0.0,0.0,0.0,0.0,0.0,0.0,0.0,10.93,11,1038.0,7,341,367,432,432,2,1,78,187,73,0,0,0,26,0,65,0,0,0,0,0,10,0.376
Course 3,67,42,1.6,0.19,21,100.0,0,0,0,0,0,25,100.0,27.15,625,0.0,0.0,0.0,0.0,0.0,0.0,0.0,0.0,13.06,16,905.0,5,1328,1328,1370,1370,0,34,137,482,675,0,0,0,0,0,0,42,0,0,0,0,23,0.431
Course 3,75,50,1.5,0.23,8,100.0,0,0,0,0,0,9,100.0,32.67,114,0.0,0.0,0.0,0.0,0.0,0.0,0.0,0.0,13.41,8,673.0,5,255,255,255,255,18,64,67,102,4,0,0,0,0,0,0,0,0,0,0,0,8,0.541
Course 3,90,50,1.8,0.23,27,100.0,0,0,0,0,0,12,100.0,22.76,247,0.0,0.0,0.0,0.0,0.0,0.0,0.0,0.0,8.63,12,476.0,5,532,532,532,532,11,58,29,262,172,0,0,0,0,0,0,0,0,0,0,0,12,0.671
Course 3,51,25,2.04,0.12,10,100.0,0,0,0,0,0,7,100.0,20.83,138,0.0,0.0,0.0,0.0,0.0,0.0,0.0,0.0,12.74,5,143.0,2,317,317,317,317,0,0,0,123,194,0,0,0,0,0,0,0,0,0,0,0,7,0.792
Course 3,96,49,1.96,0.24,61,100.0,0,0,0,0,0,35,100.0,36.69,670,0.0,0.0,0.0,0.0,0.0,0.0,0.0,0.0,13.81,20,3058.0,7,1458,1462,1546,1546,0,29,99,489,666,175,4,0,0,84,0,0,0,0,0,0,35,0.605
Course 3,107,47,2.28,0.2,38,100.0,0,0,0,0,0,22,100.0,38.58,425,0.0,0.0,0.0,0.0,0.0,0.0,0.0,0.0,9.37,13,1506.0,6,953,954,955,955,0,13,75,683,182,0,0,0,1,0,0,1,0,0,0,0,21,0.445
Course 3,112,62,1.81,0.27,38,100.0,0,0,0,0,0,58,100.0,30.39,673,0.0,0.0,0.0,0.0,0.0,0.0,0.0,0.0,12.35,20,2253.0,9,1153,1494,1498,1498,32,201,173,378,366,3,7,0,334,4,0,0,0,0,0,0,56,0.654
Course 3,51,35,1.46,0.17,7,100.0,0,0,0,0,0,6,100.0,6.67,51,0.0,0.0,0.0,0.0,0.0,0.0,0.0,0.0,11.67,4,50.0,2,120,120,120,120,0,0,27,93,0,0,0,0,0,0,0,0,0,0,0,0,6,0.657
Course 3,71,47,1.51,0.22,32,100.0,0,0,0,0,0,21,100.0,22.54,363,0.0,0.0,0.0,0.0,0.0,0.0,0.0,0.0,11.58,13,123.0,5,840,842,842,842,0,51,118,408,263,0,2,0,0,0,0,0,0,0,0,0,21,0.609
Course 3,95,72,1.32,0.31,28,100.0,0,0,0,0,0,23,100.0,20.41,540,0.0,0.0,0.0,0.0,0.0,0.0,0.0,0.0,13.21,22,3032.0,7,1254,1256,1257,1257,103,156,114,445,436,0,0,0,2,1,0,0,0,0,0,0,21,0.584
Course 3,88,40,2.2,0.2,41,100.0,0,0,0,0,0,15,100.0,26.54,258,0.0,0.0,0.0,0.0,0.0,0.0,0.0,0.0,12.89,13,1717.0,6,620,625,625,625,0,22,26,329,170,73,5,0,0,0,0,0,0,0,0,0,15,0.662
Course 3,125,48,2.6,0.22,64,100.0,0,0,0,0,0,30,100.0,38.78,768,0.0,0.0,0.0,0.0,0.0,0.0,0.0,0.0,13.15,24,5512.0,10,1459,1559,1563,1563,3,27,71,530,658,170,85,14,1,0,0,4,0,0,0,0,29,0.595
Course 3,76,31,2.45,0.14,21,100.0,0,0,0,0,0,10,100.0,26.42,165,0.0,0.0,0.0,0.0,0.0,0.0,0.0,0.0,16.24,8,2437.0,3,364,364,364,364,0,0,42,285,37,0,0,0,0,0,0,0,0,0,0,0,9,0.739
Course 3,108,49,2.2,0.23,36,100.0,0,0,0,0,0,32,100.0,32.53,590,0.0,0.0,0.0,0.0,0.0,0.0,0.0,0.0,15.58,18,1098.0,6,1389,1389,1390,1390,83,0,122,557,626,1,0,0,0,1,0,0,0,0,0,0,31,0.504
Course 3,102,62,1.65,0.27,37,100.0,0,0,0,0,0,18,100.0,30.04,255,0.0,0.0,0.0,0.0,0.0,0.0,0.0,0.0,13.5,16,245.0,6,590,604,604,604,62,0,149,379,0,0,11,1,2,0,0,0,0,0,0,0,18,0.516
Course 3,99,57,1.74,0.25,20,100.0,0,0,0,0,0,27,100.0,43.28,496,0.0,0.0,0.0,0.0,0.0,0.0,0.0,0.0,15.5,16,683.0,6,1122,1125,1125,1125,37,0,161,618,306,0,2,1,0,0,0,0,0,0,0,0,27,0.618
Course 3,149,66,2.26,0.3,65,100.0,0,0,0,0,0,30,100.0,8.2,415,0.0,0.0,0.0,0.0,0.0,0.0,0.0,0.0,12.94,19,2440.0,9,791,792,896,896,49,28,169,308,237,0,1,0,0,38,9,57,0,0,0,0,28,0.488
Course 3,91,49,1.86,0.22,29,100.0,0,0,0,0,0,13,100.0,36.58,264,0.0,0.0,0.0,0.0,0.0,0.0,0.0,0.0,17.29,16,1693.0,8,628,630,631,631,0,2,68,408,148,2,1,1,0,1,0,0,0,0,0,0,13,0.556
Course 3,47,21,2.24,0.11,15,100.0,0,0,0,0,0,5,100.0,30.2,99,0.0,0.0,0.0,0.0,0.0,0.0,0.0,0.0,14.72,4,41.0,3,222,222,222,222,0,18,0,203,1,0,0,0,0,0,0,0,0,0,0,0,5,0.517
Course 3,243,94,2.59,0.4,137,100.0,0,0,0,0,0,118,100.0,24.69,1591,0.0,0.0,0.0,0.0,0.0,0.0,0.0,0.0,12.03,66,8134.0,13,3176,3688,4041,4043,148,345,327,962,852,542,349,37,126,75,144,134,2,0,0,0,107,0.842
Course 3,169,68,2.49,0.29,22,100.0,0,0,0,0,0,11,100.0,18.64,193,0.0,0.0,0.0,0.0,0.0,0.0,0.0,0.0,14.72,15,2443.0,7,433,436,436,436,50,2,72,164,144,1,3,0,0,0,0,0,0,0,0,0,11,0.572
Course 3,82,47,1.74,0.2,26,100.0,0,0,0,0,0,37,100.0,39.94,578,0.0,0.0,0.0,0.0,0.0,0.0,0.0,0.0,15.58,22,736.0,7,1266,1266,1269,1269,189,192,195,690,0,0,0,0,0,1,1,1,0,0,0,0,36,0.454
Course 3,168,68,2.47,0.29,91,100.0,0,0,0,0,0,71,100.0,38.94,1133,0.0,0.0,0.0,0.0,0.0,0.0,0.0,0.0,11.43,33,5153.0,11,2222,2522,2561,2561,221,237,329,794,550,91,275,2,23,0,38,1,0,0,0,0,70,0.703
Course 3,29,21,1.38,0.1,15,100.0,0,0,0,0,0,9,100.0,7.33,97,0.0,0.0,0.0,0.0,0.0,0.0,0.0,0.0,14.18,7,110.0,5,260,260,261,261,0,15,75,79,91,0,0,0,0,1,0,0,0,0,0,0,9,0.292
Course 3,64,23,2.78,0.11,3,0.0,0,0,0,0,0,0,0.0,0.0,0,0.0,0.0,0.0,0.0,0.0,0.0,0.0,0.0,4.93,2,0.0,2,2,3,3,3,0,2,0,0,0,0,0,0,1,0,0,0,0,0,0,0,0,0.041
Course 3,71,41,1.73,0.18,41,100.0,0,0,0,0,0,22,100.0,39.65,426,0.0,0.0,0.0,0.0,0.0,0.0,0.0,0.0,17.76,10,104.0,4,962,962,963,963,0,0,273,388,301,0,0,0,0,1,0,0,0,0,0,0,22,0.46
Course 3,49,21,2.33,0.1,8,100.0,0,0,0,0,0,1,100.0,18.0,38,0.0,0.0,0.0,0.0,0.0,0.0,0.0,0.0,4.76,1,10.0,1,87,87,87,87,0,0,0,87,0,0,0,0,0,0,0,0,0,0,0,0,1,1.0
Course 3,86,61,1.41,0.26,15,100.0,0,0,0,0,0,24,100.0,43.81,572,0.0,0.0,0.0,0.0,0.0,0.0,0.0,0.0,15.56,14,1179.0,4,1324,1324,1324,1324,1,0,75,515,733,0,0,0,0,0,0,0,0,0,0,0,24,0.662
Course 3,59,28,2.11,0.13,47,100.0,0,0,0,0,0,22,100.0,39.36,482,0.0,0.0,0.0,0.0,0.0,0.0,0.0,0.0,16.17,11,1798.0,4,1056,1056,1056,1056,0,0,48,531,388,89,0,0,0,0,0,0,0,0,0,0,22,0.852
Course 3,64,36,1.78,0.18,22,100.0,0,0,0,0,0,26,100.0,26.61,491,0.0,0.0,0.0,0.0,0.0,0.0,0.0,0.0,15.56,14,2685.0,3,1081,1081,1081,1081,0,0,81,615,385,0,0,0,0,0,0,0,0,0,0,0,25,0.878
Course 3,111,48,2.31,0.22,41,100.0,0,0,0,0,0,32,100.0,34.04,612,0.0,0.0,0.0,0.0,0.0,0.0,0.0,0.0,14.53,19,2384.0,7,1331,1341,1341,1347,0,0,149,652,529,1,8,0,2,0,0,0,6,0,0,0,31,0.549
Course 3,92,50,1.84,0.22,32,100.0,0,0,0,0,0,29,100.0,33.57,513,0.0,0.0,0.0,0.0,0.0,0.0,0.0,0.0,15.46,16,2886.0,6,1170,1172,1172,1172,0,68,149,509,439,5,2,0,0,0,0,0,0,0,0,0,28,0.728
Course 3,228,96,2.38,0.44,131,100.0,0,0,0,0,0,92,100.0,27.7,1103,0.0,0.0,0.0,0.0,0.0,0.0,0.0,0.0,14.18,45,5929.0,11,1778,2076,2560,2560,0,86,162,814,629,87,200,46,52,138,173,173,0,0,0,0,84,0.761
Course 3,98,53,1.85,0.23,22,100.0,0,0,0,0,0,32,100.0,17.23,515,0.0,0.0,0.0,0.0,0.0,0.0,0.0,0.0,15.04,15,1109.0,4,1281,1281,1281,1281,193,0,136,427,525,0,0,0,0,0,0,0,0,0,0,0,31,0.695
Course 3,127,54,2.35,0.25,78,100.0,0,0,0,0,0,31,100.0,32.92,667,0.0,0.0,0.0,0.0,0.0,0.0,0.0,0.0,17.04,16,874.0,5,1459,1465,1465,1465,0,0,134,597,626,102,6,0,0,0,0,0,0,0,0,0,30,0.79
Course 3,121,61,1.98,0.26,50,100.0,0,0,0,0,0,26,100.0,27.67,447,0.0,0.0,0.0,0.0,0.0,0.0,0.0,0.0,12.49,16,1092.0,4,1047,1047,1047,1047,1,0,123,380,543,0,0,0,0,0,0,0,0,0,0,0,26,0.701
Course 3,45,22,2.05,0.1,13,100.0,0,0,0,0,0,7,100.0,20.86,148,0.0,0.0,0.0,0.0,0.0,0.0,0.0,0.0,14.74,4,134.0,3,336,336,336,336,0,16,0,0,213,107,0,0,0,0,0,0,0,0,0,0,6,0.453
Course 3,75,43,1.74,0.2,54,100.0,0,0,0,0,0,34,100.0,43.95,623,0.0,0.0,0.0,0.0,0.0,0.0,0.0,0.0,13.18,17,1693.0,5,1446,1446,1446,1446,103,2,142,743,456,0,0,0,0,0,0,0,0,0,0,0,34,0.795
Course 3,55,32,1.72,0.15,21,100.0,0,0,0,0,0,17,100.0,43.92,292,0.0,0.0,0.0,0.0,0.0,0.0,0.0,0.0,13.89,11,145.0,5,646,652,652,652,0,0,148,398,100,0,3,0,3,0,0,0,0,0,0,0,17,0.561
Course 3,77,39,1.97,0.18,22,100.0,0,0,0,0,0,14,100.0,13.93,281,0.0,0.0,0.0,0.0,0.0,0.0,0.0,0.0,11.24,11,476.0,4,622,622,622,622,1,0,98,304,219,0,0,0,0,0,0,0,0,0,0,0,13,0.596
Course 3,200,86,2.33,0.39,159,100.0,0,0,0,0,0,96,100.0,31.73,1399,0.0,0.0,0.0,0.0,0.0,0.0,0.0,0.0,9.64,53,8531.0,11,2499,3006,3274,3274,0,138,292,876,655,538,262,54,191,85,133,50,0,0,0,0,94,0.843
Course 3,239,89,2.69,0.39,157,100.0,0,0,0,0,0,115,100.0,34.06,1973,0.0,0.0,0.0,0.0,0.0,0.0,0.0,0.0,11.81,57,8833.0,11,3466,4477,4703,4703,264,256,478,1175,872,421,160,97,754,187,0,39,0,0,0,0,103,0.818
Course 3,150,55,2.73,0.25,61,100.0,0,0,0,0,0,31,100.0,40.01,600,0.0,0.0,0.0,0.0,0.0,0.0,0.0,0.0,10.46,22,4970.0,10,1286,1299,1301,1301,0,56,80,488,556,106,8,4,1,1,0,1,0,0,0,0,31,0.648
Course 3,169,60,2.82,0.27,75,100.0,0,0,0,0,0,64,100.0,35.58,1148,0.0,0.0,0.0,0.0,0.0,0.0,0.0,0.0,13.66,29,5650.0,8,2527,2630,2631,2631,105,231,489,865,837,0,102,0,1,0,0,1,0,0,0,0,63,0.624
Course 3,151,74,2.04,0.32,74,100.0,0,0,0,0,0,80,100.0,37.67,1613,0.0,0.0,0.0,0.0,0.0,0.0,0.0,0.0,15.01,33,5732.0,7,3644,3727,3727,3727,438,380,697,1118,924,87,83,0,0,0,0,0,0,0,0,0,67,0.849
Course 3,128,62,2.06,0.27,24,100.0,0,0,0,0,0,36,100.0,29.01,680,0.0,0.0,0.0,0.0,0.0,0.0,0.0,0.0,12.21,20,2206.0,7,1457,1458,1458,1458,2,69,88,676,598,24,1,0,0,0,0,0,0,0,0,0,36,0.676
Course 3,115,58,1.98,0.26,84,100.0,0,0,0,0,0,61,100.0,29.9,1045,0.0,0.0,0.0,0.0,0.0,0.0,0.0,0.0,11.59,25,1941.0,9,1962,2240,2243,2243,37,155,189,725,688,168,243,0,35,0,0,3,0,0,0,0,55,0.62
Course 3,75,30,2.5,0.15,37,100.0,0,0,0,0,0,15,100.0,39.56,293,0.0,0.0,0.0,0.0,0.0,0.0,0.0,0.0,11.09,13,1861.0,7,649,651,653,653,0,0,75,203,281,90,1,1,0,2,0,0,0,0,0,0,15,0.57
Course 3,129,61,2.11,0.26,55,100.0,0,0,0,0,0,36,100.0,28.75,625,0.0,0.0,0.0,0.0,0.0,0.0,0.0,0.0,13.28,22,4137.0,8,1336,1337,1410,1410,0,79,178,569,440,70,1,0,0,5,0,68,0,0,0,0,34,0.56
Course 3,129,56,2.3,0.24,47,100.0,0,0,0,0,0,32,100.0,41.25,598,0.0,0.0,0.0,0.0,0.0,0.0,0.0,0.0,14.5,22,1217.0,8,1464,1469,1469,1469,63,1,226,633,471,70,4,0,1,0,0,0,0,0,0,0,31,0.663
Course 3,133,56,2.38,0.25,13,100.0,0,0,0,0,0,6,100.0,47.92,65,0.0,0.0,0.0,0.0,0.0,0.0,0.0,0.0,15.48,5,392.0,4,165,165,167,167,78,86,0,0,1,0,0,0,0,0,2,0,0,0,0,0,6,0.229
Course 3,120,58,2.07,0.25,40,100.0,0,0,0,0,0,48,100.0,43.44,725,0.0,0.0,0.0,0.0,0.0,0.0,0.0,0.0,15.97,17,944.0,7,1665,1669,1670,1670,0,350,347,588,379,1,4,0,0,0,1,0,0,0,0,0,47,0.594
Course 3,127,55,2.31,0.23,2,100.0,0,0,0,0,0,25,100.0,36.06,234,0.0,0.0,0.0,0.0,0.0,0.0,0.0,0.0,17.24,2,106.0,2,550,551,551,551,0,0,550,0,0,0,1,0,0,0,0,0,0,0,0,0,25,0.447
Course 3,117,65,1.8,0.28,19,100.0,0,0,0,0,0,40,100.0,30.87,413,0.0,0.0,0.0,0.0,0.0,0.0,0.0,0.0,13.6,16,1531.0,7,929,931,962,962,50,236,145,425,73,0,2,0,0,31,0,0,0,0,0,0,40,0.548
Course 3,80,32,2.5,0.16,2,100.0,0,0,0,0,0,2,100.0,47.5,28,0.0,0.0,0.0,0.0,0.0,0.0,0.0,0.0,6.49,2,10.0,1,57,57,57,57,57,0,0,0,0,0,0,0,0,0,0,0,0,0,0,0,2,0.883
Course 3,612,155,3.95,0.65,157,100.0,0,0,0,0,0,106,100.0,33.95,1567,0.0,0.0,0.0,0.0,0.0,0.0,0.0,0.0,11.4,67,15116.0,12,2986,3397,3776,3776,140,441,482,942,585,396,336,15,60,110,200,69,0,0,0,0,104,0.848
Course 3,108,37,2.92,0.19,24,100.0,0,0,0,0,0,33,100.0,34.29,314,0.0,0.0,0.0,0.0,0.0,0.0,0.0,0.0,16.62,6,961.0,3,735,735,735,735,0,53,592,0,90,0,0,0,0,0,0,0,0,0,0,0,33,0.69
Course 3,88,54,1.63,0.27,32,100.0,0,0,0,0,0,33,100.0,36.29,448,0.0,0.0,0.0,0.0,0.0,0.0,0.0,0.0,16.81,10,743.0,5,1081,1081,1081,1081,79,431,351,218,2,0,0,0,0,0,0,0,0,0,0,0,32,0.734
Course 3,266,103,2.58,0.44,24,100.0,0,0,0,0,0,40,100.0,38.03,519,0.0,0.0,0.0,0.0,0.0,0.0,0.0,0.0,14.93,17,767.0,5,1191,1209,1209,1209,0,442,312,0,437,0,0,11,7,0,0,0,0,0,0,0,38,0.641
Course 3,146,68,2.15,0.29,38,100.0,0,0,0,0,0,24,100.0,50.26,523,0.0,0.0,0.0,0.0,0.0,0.0,0.0,0.0,13.92,18,2549.0,6,1038,1039,1042,1042,86,0,66,774,112,0,1,0,0,0,0,3,0,0,0,0,24,0.441
Course 3,126,48,2.63,0.22,32,100.0,0,0,0,0,0,31,100.0,39.91,432,0.0,0.0,0.0,0.0,0.0,0.0,0.0,0.0,12.45,11,2703.0,6,1012,1012,1022,1022,0,253,374,381,2,2,0,0,0,10,0,0,0,0,0,0,30,0.498
Course 3,173,86,2.01,0.36,18,100.0,0,0,0,0,0,18,100.0,40.94,267,0.0,0.0,0.0,0.0,0.0,0.0,0.0,0.0,16.32,12,264.0,5,613,613,613,613,154,3,67,369,20,0,0,0,0,0,0,0,0,0,0,0,18,0.697
Course 3,183,75,2.44,0.33,35,100.0,0,0,0,0,0,36,100.0,42.06,540,0.0,0.0,0.0,0.0,0.0,0.0,0.0,0.0,14.84,22,1695.0,8,1284,1291,1293,1293,7,354,232,312,377,2,7,0,0,0,2,0,0,0,0,0,36,0.554
Course 3,192,101,1.9,0.42,10,98.95,0,0,0,0,0,95,98.95,36.55,1389,0.0,0.0,0.0,0.0,0.0,0.0,0.0,0.0,13.03,45,4335.0,11,2517,2845,3099,3099,182,405,403,898,629,0,235,29,64,114,82,58,0,0,0,0,94,0.759
Course 3,120,65,1.85,0.28,34,100.0,0,0,0,0,0,14,100.0,38.86,232,0.0,0.0,0.0,0.0,0.0,0.0,0.0,0.0,13.6,9,1719.0,4,553,553,553,553,108,168,157,120,0,0,0,0,0,0,0,0,0,0,0,0,14,0.759
Course 3,98,52,1.88,0.24,18,100.0,0,0,0,0,0,33,100.0,41.87,632,0.0,0.0,0.0,0.0,0.0,0.0,0.0,0.0,15.2,14,2882.0,3,1558,1558,1558,1558,0,0,570,480,508,0,0,0,0,0,0,0,0,0,0,0,33,0.875
Course 3,186,93,2.0,0.4,90,100.0,0,0,0,0,0,115,100.0,34.31,1567,0.0,0.0,0.0,0.0,0.0,0.0,0.0,0.0,12.64,48,4529.0,12,3236,3863,4147,4147,71,373,778,875,787,352,325,32,270,194,50,40,0,0,0,0,110,0.807
Course 3,62,38,1.63,0.16,6,100.0,0,0,0,0,0,2,100.0,47.0,19,0.0,0.0,0.0,0.0,0.0,0.0,0.0,0.0,16.21,1,35.0,1,65,65,65,65,65,0,0,0,0,0,0,0,0,0,0,0,0,0,0,0,2,1.0
Course 3,257,113,2.27,0.47,113,100.0,0,0,0,0,0,128,100.0,31.45,2037,0.0,0.0,0.0,0.0,0.0,0.0,0.0,0.0,14.07,71,6610.0,13,3739,4457,5303,5307,512,553,558,829,748,539,382,138,198,225,294,327,4,0,0,0,124,0.867
Course 3,95,47,2.02,0.2,2,0.0,0,0,0,0,0,0,0.0,0.0,2,0.0,0.0,0.0,0.0,0.0,0.0,0.0,0.0,8.35,2,64.0,2,7,7,7,7,0,4,3,0,0,0,0,0,0,0,0,0,0,0,0,0,0,0.309
Course 3,61,43,1.42,0.18,2,100.0,0,0,0,0,0,4,100.0,46.38,35,0.0,0.0,0.0,0.0,0.0,0.0,0.0,0.0,13.29,2,25.0,1,93,93,93,93,0,93,0,0,0,0,0,0,0,0,0,0,0,0,0,0,4,0.906
Course 3,70,30,2.33,0.16,8,100.0,0,0,0,0,0,7,100.0,32.43,77,0.0,0.0,0.0,0.0,0.0,0.0,0.0,0.0,6.37,6,61.0,4,185,188,188,188,0,162,22,0,1,0,3,0,0,0,0,0,0,0,0,0,7,0.418
Course 3,159,79,2.01,0.34,31,100.0,0,0,0,0,0,32,100.0,38.95,746,0.0,0.0,0.0,0.0,0.0,0.0,0.0,0.0,14.45,24,1641.0,6,1770,1779,1779,1779,1,263,397,481,628,0,9,0,0,0,0,0,0,0,0,0,32,0.773
Course 3,249,105,2.37,0.44,30,100.0,0,0,0,0,0,43,100.0,43.72,671,0.0,0.0,0.0,0.0,0.0,0.0,0.0,0.0,15.42,24,3581.0,5,1695,1695,1696,1696,222,312,390,771,0,0,0,0,0,0,0,1,0,0,0,0,41,0.445
Course 3,68,32,2.13,0.15,1,100.0,0,0,0,0,0,15,100.0,40.8,153,0.0,0.0,0.0,0.0,0.0,0.0,0.0,0.0,17.58,1,146.0,1,340,340,340,340,0,340,0,0,0,0,0,0,0,0,0,0,0,0,0,0,14,1.0
Course 3,147,80,1.84,0.33,24,100.0,0,0,0,0,0,24,100.0,19.46,401,0.0,0.0,0.0,0.0,0.0,0.0,0.0,0.0,7.07,23,575.0,8,903,925,990,990,117,39,101,422,224,0,21,1,0,65,0,0,0,0,0,0,24,0.594
Course 3,178,85,2.09,0.36,58,100.0,0,0,0,0,0,56,100.0,34.34,901,0.0,0.0,0.0,0.0,0.0,0.0,0.0,0.0,13.23,35,4934.0,9,1959,1983,2014,2014,234,179,261,871,413,1,14,10,0,31,0,0,0,0,0,0,49,0.734
Course 3,194,115,1.69,0.49,365,100.0,0,0,0,0,0,127,100.0,31.56,1733,0.0,0.0,0.0,0.0,0.0,0.0,0.0,0.0,11.81,62,4260.0,11,2735,3898,4766,4766,0,339,744,929,718,5,501,244,418,260,322,286,0,0,0,0,121,0.867
Course 3,171,81,2.11,0.34,90,100.0,0,0,0,0,0,78,100.0,35.31,1307,0.0,0.0,0.0,0.0,0.0,0.0,0.0,0.0,14.56,38,3154.0,10,2662,2968,2974,2974,25,298,304,966,652,417,211,12,83,0,0,6,0,0,0,0,67,0.717
Course 3,115,60,1.92,0.26,33,100.0,0,0,0,0,0,55,100.0,42.48,806,0.0,0.0,0.0,0.0,0.0,0.0,0.0,0.0,14.81,17,2721.0,5,1869,1869,1869,1869,79,38,604,696,452,0,0,0,0,0,0,0,0,0,0,0,55,0.833
Course 3,207,103,2.01,0.44,51,97.22,0,0,0,0,0,37,97.22,28.22,516,0.0,0.0,0.0,0.0,0.0,0.0,0.0,0.0,12.7,29,6833.0,11,1139,1343,1376,1376,368,187,247,211,126,0,140,53,11,26,1,6,0,0,0,0,35,0.653
Course 3,192,96,2.0,0.4,55,100.0,0,0,0,0,0,42,100.0,39.2,1077,0.0,0.0,0.0,0.0,0.0,0.0,0.0,0.0,15.27,30,3334.0,8,2439,2510,2510,2510,6,344,484,811,794,0,4,41,26,0,0,0,0,0,0,0,42,0.74
Course 3,88,51,1.73,0.25,27,100.0,0,0,0,0,0,28,100.0,35.31,352,0.0,0.0,0.0,0.0,0.0,0.0,0.0,0.0,12.13,15,857.0,5,853,869,869,869,0,233,229,316,75,0,0,16,0,0,0,0,0,0,0,0,27,0.559
Course 3,135,71,1.9,0.31,51,100.0,0,0,0,0,0,58,100.0,44.51,944,0.0,0.0,0.0,0.0,0.0,0.0,0.0,0.0,13.97,33,3539.0,7,2311,2312,2312,2312,332,245,280,641,634,179,0,1,0,0,0,0,0,0,0,0,56,0.779
Course 3,189,94,2.01,0.41,108,100.0,0,0,0,0,0,100,100.0,36.74,1905,0.0,0.0,0.0,0.0,0.0,0.0,0.0,0.0,12.71,50,5048.0,12,3362,3963,4233,4233,194,629,599,796,1043,101,276,56,269,139,90,41,0,0,0,0,97,0.822
Course 3,237,106,2.24,0.44,90,100.0,0,0,0,0,0,90,100.0,36.35,1493,0.0,0.0,0.0,0.0,0.0,0.0,0.0,0.0,11.13,48,6463.0,10,2940,3316,3483,3483,294,412,369,1147,718,0,265,45,66,96,71,0,0,0,0,0,88,0.807
Course 3,217,113,1.92,0.48,119,100.0,0,0,0,0,0,110,100.0,36.63,1734,0.0,0.0,0.0,0.0,0.0,0.0,0.0,0.0,11.71,66,5514.0,12,3247,3570,3987,3987,283,257,364,1119,693,531,282,38,3,79,188,150,0,0,0,0,110,0.846
Course 3,94,63,1.49,0.27,15,100.0,0,0,0,0,0,33,100.0,43.48,419,0.0,0.0,0.0,0.0,0.0,0.0,0.0,0.0,14.6,12,917.0,5,1043,1043,1043,1043,1,453,282,199,108,0,0,0,0,0,0,0,0,0,0,0,33,0.742
Course 3,66,34,1.94,0.17,1,100.0,0,0,0,0,0,2,100.0,41.25,26,0.0,0.0,0.0,0.0,0.0,0.0,0.0,0.0,7.36,1,15.0,1,52,52,52,52,0,0,52,0,0,0,0,0,0,0,0,0,0,0,0,0,2,1.0
Course 3,79,38,2.08,0.19,5,100.0,0,0,0,0,0,27,100.0,43.54,242,0.0,0.0,0.0,0.0,0.0,0.0,0.0,0.0,14.6,2,882.0,1,585,585,585,585,0,0,585,0,0,0,0,0,0,0,0,0,0,0,0,0,27,0.924
Course 3,127,64,1.98,0.27,30,100.0,0,0,0,0,0,52,100.0,42.61,723,0.0,0.0,0.0,0.0,0.0,0.0,0.0,0.0,13.45,18,3069.0,7,1652,1659,1659,1659,9,127,634,517,365,0,4,3,0,0,0,0,0,0,0,0,50,0.697
Course 3,173,100,1.73,0.43,81,100.0,0,0,0,0,0,85,100.0,36.2,1332,0.0,0.0,0.0,0.0,0.0,0.0,0.0,0.0,12.18,47,3764.0,11,2528,2869,3100,3100,275,259,479,896,618,1,263,31,47,192,39,0,0,0,0,0,85,0.799
Course 3,69,31,2.23,0.16,0,0.0,0,0,0,0,0,0,0.0,0.0,0,0.0,0.0,0.0,0.0,0.0,0.0,0.0,0.0,0.0,0,0.0,0,0,0,0,0,0,0,0,0,0,0,0,0,0,0,0,0,0,0,0,0,0,0.0
Course 3,206,95,2.17,0.4,67,100.0,0,0,0,0,0,64,100.0,39.2,939,0.0,0.0,0.0,0.0,0.0,0.0,0.0,0.0,12.9,26,2387.0,10,2206,2241,2251,2251,7,129,803,884,381,2,0,1,34,6,4,0,0,0,0,0,59,0.698
Course 3,79,47,1.68,0.2,3,100.0,0,0,0,0,0,3,100.0,41.67,36,0.0,0.0,0.0,0.0,0.0,0.0,0.0,0.0,13.44,3,92.0,2,93,93,93,93,1,0,92,0,0,0,0,0,0,0,0,0,0,0,0,0,3,0.362
Course 3,152,87,1.75,0.36,53,100.0,0,0,0,0,0,47,100.0,35.4,815,0.0,0.0,0.0,0.0,0.0,0.0,0.0,0.0,15.47,27,5548.0,11,1632,1705,1876,1876,167,322,197,702,144,100,69,3,1,48,0,123,0,0,0,0,46,0.668
Course 3,301,121,2.49,0.52,103,100.0,0,0,0,0,0,111,100.0,30.15,1743,0.0,0.0,0.0,0.0,0.0,0.0,0.0,0.0,14.6,70,8721.0,12,3288,3846,4402,4402,440,442,479,867,835,225,136,205,217,285,234,37,0,0,0,0,102,0.87
Course 3,361,110,3.28,0.46,145,100.0,0,0,0,0,0,80,100.0,29.64,1264,0.0,0.0,0.0,0.0,0.0,0.0,0.0,0.0,11.58,47,11295.0,12,2609,2799,2998,2998,149,440,580,886,552,2,27,69,94,93,78,28,0,0,0,0,69,0.783
Course 3,119,70,1.7,0.3,26,100.0,0,0,0,0,0,36,100.0,44.48,470,0.0,0.0,0.0,0.0,0.0,0.0,0.0,0.0,16.45,15,1073.0,6,1132,1133,1133,1133,90,308,246,307,181,0,1,0,0,0,0,0,0,0,0,0,36,0.706
Course 3,163,69,2.36,0.3,72,100.0,0,0,0,0,0,52,100.0,45.73,871,0.0,0.0,0.0,0.0,0.0,0.0,0.0,0.0,14.29,20,460.0,6,2028,2032,2033,2033,0,156,641,828,403,0,4,0,0,1,0,0,0,0,0,0,51,0.632
Course 3,115,62,1.85,0.26,15,100.0,0,0,0,0,0,22,100.0,44.48,206,0.0,0.0,0.0,0.0,0.0,0.0,0.0,0.0,11.66,10,529.0,5,505,505,505,505,42,300,131,29,3,0,0,0,0,0,0,0,0,0,0,0,22,0.659
Course 3,217,111,1.95,0.47,64,100.0,0,0,0,0,0,80,100.0,24.87,970,0.0,0.0,0.0,0.0,0.0,0.0,0.0,0.0,9.98,51,10270.0,13,1849,2213,2617,2618,218,325,110,791,404,1,139,140,85,283,110,11,1,0,0,0,69,0.779
Course 3,243,132,1.84,0.55,138,100.0,0,0,0,0,0,111,100.0,26.24,1773,0.0,0.0,0.0,0.0,0.0,0.0,0.0,0.0,13.46,74,12891.0,13,3224,3885,4577,4579,482,461,488,794,816,183,255,206,200,239,254,199,2,0,0,0,107,0.864
Course 3,173,62,2.79,0.26,17,100.0,0,0,0,0,0,34,100.0,42.87,400,0.0,0.0,0.0,0.0,0.0,0.0,0.0,0.0,12.46,9,1561.0,5,836,913,913,913,0,0,720,79,36,1,77,0,0,0,0,0,0,0,0,0,34,0.703
Course 3,120,72,1.67,0.31,44,100.0,0,0,0,0,0,36,100.0,29.09,365,0.0,0.0,0.0,0.0,0.0,0.0,0.0,0.0,12.89,24,671.0,7,930,944,944,944,145,286,349,142,8,0,0,5,9,0,0,0,0,0,0,0,33,0.578
Course 3,57,33,1.73,0.16,1,100.0,0,0,0,0,0,14,100.0,46.21,140,0.0,0.0,0.0,0.0,0.0,0.0,0.0,0.0,17.32,1,109.0,1,325,325,325,325,0,325,0,0,0,0,0,0,0,0,0,0,0,0,0,0,14,1.0
Course 3,67,38,1.76,0.16,2,0.0,0,0,0,0,0,0,0.0,0.0,0,0.0,0.0,0.0,0.0,0.0,0.0,0.0,0.0,15.15,2,0.0,2,1,1,2,2,0,0,1,0,0,0,0,0,0,1,0,0,0,0,0,0,0,1.0
Course 3,109,56,1.95,0.24,13,100.0,0,0,0,0,0,14,100.0,41.21,144,0.0,0.0,0.0,0.0,0.0,0.0,0.0,0.0,15.52,7,142.0,7,330,335,344,344,9,281,28,10,2,0,0,0,5,9,0,0,0,0,0,0,14,0.355
Course 3,343,108,3.18,0.45,100,100.0,0,0,0,0,0,109,100.0,36.06,1704,0.0,0.0,0.0,0.0,0.0,0.0,0.0,0.0,13.46,61,8655.0,13,3339,3617,4214,4218,84,750,564,1007,731,203,200,47,31,262,229,106,4,0,0,0,105,0.821
Course 3,275,117,2.35,0.49,209,100.0,0,0,0,0,0,123,100.0,32.18,1804,0.0,0.0,0.0,0.0,0.0,0.0,0.0,0.0,11.05,64,10214.0,12,3559,4259,4740,4740,92,456,691,960,827,533,458,35,207,189,149,143,0,0,0,0,119,0.858
Course 3,110,39,2.82,0.17,0,0.0,0,0,0,0,0,0,0.0,0.0,0,0.0,0.0,0.0,0.0,0.0,0.0,0.0,0.0,0.0,0,0.0,0,0,0,0,0,0,0,0,0,0,0,0,0,0,0,0,0,0,0,0,0,0,0.0
Course 3,182,104,1.75,0.44,83,100.0,0,0,0,0,0,114,100.0,36.51,1727,0.0,0.0,0.0,0.0,0.0,0.0,0.0,0.0,11.91,61,1971.0,12,3257,3641,4020,4020,335,271,381,1042,699,529,345,36,3,77,161,141,0,0,0,0,112,0.838
Course 3,86,45,1.91,0.19,29,100.0,0,0,0,0,0,33,100.0,27.45,281,0.0,0.0,0.0,0.0,0.0,0.0,0.0,0.0,17.77,6,311.0,2,694,694,694,694,0,56,638,0,0,0,0,0,0,0,0,0,0,0,0,0,33,0.83
Course 3,192,91,2.11,0.39,44,100.0,0,0,0,0,0,15,100.0,41.2,394,0.0,0.0,0.0,0.0,0.0,0.0,0.0,0.0,12.18,25,1847.0,7,761,892,892,892,19,222,218,182,120,0,126,0,5,0,0,0,0,0,0,0,15,0.637
Course 3,134,64,2.09,0.27,79,100.0,0,0,0,0,0,55,100.0,37.4,893,0.0,0.0,0.0,0.0,0.0,0.0,0.0,0.0,15.03,21,1706.0,6,1906,2024,2024,2024,0,333,350,425,798,0,67,51,0,0,0,0,0,0,0,0,55,0.762
Course 3,181,92,1.97,0.39,44,100.0,0,0,0,0,0,65,100.0,39.24,1264,0.0,0.0,0.0,0.0,0.0,0.0,0.0,0.0,11.78,31,2954.0,10,2829,2862,2973,2973,168,294,775,1022,570,0,1,28,4,0,59,52,0,0,0,0,63,0.715
Course 3,102,58,1.76,0.25,16,100.0,0,0,0,0,0,7,100.0,43.07,78,0.0,0.0,0.0,0.0,0.0,0.0,0.0,0.0,8.07,8,199.0,6,195,200,200,200,54,118,23,0,0,0,1,3,1,0,0,0,0,0,0,0,7,0.329
Course 3,285,105,2.71,0.44,13,100.0,0,0,0,0,0,13,100.0,35.44,189,0.0,0.0,0.0,0.0,0.0,0.0,0.0,0.0,11.52,10,1043.0,5,530,530,530,530,1,29,371,90,39,0,0,0,0,0,0,0,0,0,0,0,9,0.671
Course 3,280,105,2.67,0.45,54,100.0,0,0,0,0,0,55,100.0,36.52,825,0.0,0.0,0.0,0.0,0.0,0.0,0.0,0.0,14.02,24,1689.0,6,1853,1875,1875,1875,16,528,503,621,185,0,22,0,0,0,0,0,0,0,0,0,51,0.766
Course 3,273,99,2.76,0.44,9,100.0,0,0,0,0,0,102,100.0,34.91,1686,0.0,0.0,0.0,0.0,0.0,0.0,0.0,0.0,11.63,49,8862.0,11,3177,3756,3991,3991,306,271,487,1221,891,1,184,228,167,167,68,0,0,0,0,0,98,0.831
Course 3,68,38,1.79,0.19,6,100.0,0,0,0,0,0,5,100.0,30.5,36,0.0,0.0,0.0,0.0,0.0,0.0,0.0,0.0,5.04,2,66.0,2,112,112,112,112,0,51,61,0,0,0,0,0,0,0,0,0,0,0,0,0,5,0.57
Course 3,94,42,2.24,0.18,19,100.0,0,0,0,0,0,5,100.0,9.2,46,0.0,0.0,0.0,0.0,0.0,0.0,0.0,0.0,9.33,10,96.0,8,32,47,102,102,0,12,9,0,11,0,0,13,2,36,10,9,0,0,0,0,5,0.265
Course 3,147,84,1.75,0.36,41,100.0,0,0,0,0,0,34,100.0,29.13,589,0.0,0.0,0.0,0.0,0.0,0.0,0.0,0.0,13.79,28,4684.0,8,1496,1547,1547,1547,168,478,405,271,174,0,2,21,28,0,0,0,0,0,0,0,34,0.692
Course 3,41,25,1.64,0.12,0,0.0,0,0,0,0,0,0,0.0,0.0,0,0.0,0.0,0.0,0.0,0.0,0.0,0.0,0.0,0.0,0,0.0,0,0,0,0,0,0,0,0,0,0,0,0,0,0,0,0,0,0,0,0,0,0,0.0
Course 3,169,71,2.38,0.3,42,100.0,0,0,0,0,0,56,100.0,33.56,722,0.0,0.0,0.0,0.0,0.0,0.0,0.0,0.0,11.79,22,4021.0,8,1433,1466,1623,1623,0,388,284,446,315,0,29,4,0,0,94,63,0,0,0,0,55,0.613
Course 3,140,67,2.09,0.3,23,100.0,0,0,0,0,0,39,100.0,44.35,527,0.0,0.0,0.0,0.0,0.0,0.0,0.0,0.0,15.98,18,1918.0,5,1277,1277,1277,1277,230,234,237,384,192,0,0,0,0,0,0,0,0,0,0,0,38,0.817
Course 3,72,33,2.18,0.42,0,0.0,0,0,0,0,0,0,0.0,0.0,0,0.0,0.0,0.0,0.0,0.0,0.0,0.0,0.0,0.0,0,0.0,0,0,0,0,0,0,0,0,0,0,0,0,0,0,0,0,0,0,0,0,0,0,0.0
Course 3,181,100,1.81,0.42,149,100.0,0,0,0,0,0,115,100.0,32.17,1401,0.0,0.0,0.0,0.0,0.0,0.0,0.0,0.0,11.88,64,7480.0,13,2410,2873,3394,3398,24,342,393,951,677,23,290,42,131,133,188,200,4,0,0,0,109,0.831
Course 3,282,103,2.74,0.43,57,100.0,0,0,0,0,0,62,100.0,44.52,932,0.0,0.0,0.0,0.0,0.0,0.0,0.0,0.0,8.76,32,4276.0,7,2207,2243,2243,2243,317,292,328,804,466,0,2,0,34,0,0,0,0,0,0,0,62,0.696
Course 3,99,40,2.48,0.17,8,100.0,0,0,0,0,0,4,100.0,8.75,41,0.0,0.0,0.0,0.0,0.0,0.0,0.0,0.0,15.98,3,21.0,3,77,77,77,77,0,23,27,27,0,0,0,0,0,0,0,0,0,0,0,0,4,0.483
Course 3,108,59,1.83,0.27,23,100.0,0,0,0,0,0,24,100.0,15.52,292,0.0,0.0,0.0,0.0,0.0,0.0,0.0,0.0,13.47,13,909.0,5,765,769,769,769,81,181,227,276,0,0,0,4,0,0,0,0,0,0,0,0,18,0.504
Course 3,74,39,1.9,0.17,4,0.0,0,0,0,0,0,0,0.0,0.0,1,0.0,0.0,0.0,0.0,0.0,0.0,0.0,0.0,11.93,2,0.0,2,5,5,5,5,4,0,1,0,0,0,0,0,0,0,0,0,0,0,0,0,0,0.161
Course 3,145,69,2.1,0.3,37,100.0,0,0,0,0,0,34,100.0,35.16,343,0.0,0.0,0.0,0.0,0.0,0.0,0.0,0.0,6.61,26,975.0,8,664,810,864,864,196,115,152,0,201,0,4,10,132,54,0,0,0,0,0,0,33,0.615
Course 3,128,72,1.78,0.31,10,100.0,0,0,0,0,0,4,100.0,45.5,53,0.0,0.0,0.0,0.0,0.0,0.0,0.0,0.0,14.77,4,40.0,2,120,120,120,120,119,1,0,0,0,0,0,0,0,0,0,0,0,0,0,0,4,0.722
Course 3,80,41,1.95,0.18,15,100.0,0,0,0,0,0,25,100.0,41.14,289,0.0,0.0,0.0,0.0,0.0,0.0,0.0,0.0,15.62,12,681.0,5,721,722,722,722,237,167,310,7,0,0,0,1,0,0,0,0,0,0,0,0,24,0.463
Course 3,69,32,2.16,0.17,4,100.0,0,0,0,0,0,3,100.0,16.0,21,0.0,0.0,0.0,0.0,0.0,0.0,0.0,0.0,8.13,2,27.0,2,59,59,59,59,26,33,0,0,0,0,0,0,0,0,0,0,0,0,0,0,3,0.793
Course 3,238,98,2.43,0.42,68,100.0,0,0,0,0,0,64,100.0,37.27,801,0.0,0.0,0.0,0.0,0.0,0.0,0.0,0.0,13.2,36,6798.0,8,1844,1846,2101,2101,209,360,332,745,198,0,0,2,0,0,66,189,0,0,0,0,62,0.605
Course 3,440,138,3.19,0.58,99,100.0,0,0,0,0,0,130,100.0,28.39,1689,0.0,0.0,0.0,0.0,0.0,0.0,0.0,0.0,11.98,71,6583.0,13,3376,3800,4398,4400,426,435,365,979,690,481,100,129,195,200,190,208,2,0,0,0,126,0.841
Course 3,254,98,2.59,0.42,78,100.0,0,0,0,0,0,87,100.0,37.9,1353,0.0,0.0,0.0,0.0,0.0,0.0,0.0,0.0,14.43,46,4026.0,12,2723,2903,3235,3236,448,255,397,1012,528,83,9,171,0,5,175,152,1,0,0,0,84,0.723
Course 3,243,102,2.38,0.43,41,100.0,0,0,0,0,0,56,100.0,34.86,809,0.0,0.0,0.0,0.0,0.0,0.0,0.0,0.0,10.09,37,2927.0,11,1864,2050,2053,2053,361,405,304,652,125,17,142,5,39,2,0,1,0,0,0,0,55,0.677
Course 3,367,116,3.16,0.49,92,100.0,0,0,0,0,0,102,100.0,35.96,1735,0.0,0.0,0.0,0.0,0.0,0.0,0.0,0.0,13.73,56,9208.0,12,3648,3954,4181,4181,424,524,616,958,728,398,109,93,104,22,65,140,0,0,0,0,95,0.819
Course 3,385,125,3.08,0.53,158,100.0,0,0,0,0,0,113,100.0,35.77,1611,0.0,0.0,0.0,0.0,0.0,0.0,0.0,0.0,9.78,67,12876.0,12,3192,3541,4012,4012,443,398,510,867,745,229,124,122,103,107,184,180,0,0,0,0,111,0.838
Course 3,279,110,2.54,0.46,88,100.0,0,0,0,0,0,79,100.0,38.86,1002,0.0,0.0,0.0,0.0,0.0,0.0,0.0,0.0,13.07,48,7683.0,10,2185,2512,2512,2515,299,208,304,633,553,188,165,38,124,0,0,0,3,0,0,0,77,0.658
Course 3,97,43,2.26,0.22,6,100.0,0,0,0,0,0,3,100.0,41.0,31,0.0,0.0,0.0,0.0,0.0,0.0,0.0,0.0,6.32,5,27.0,4,79,79,79,79,53,1,24,1,0,0,0,0,0,0,0,0,0,0,0,0,3,0.48
Course 3,315,122,2.58,0.52,148,100.0,0,0,0,0,0,125,100.0,34.96,1821,0.0,0.0,0.0,0.0,0.0,0.0,0.0,0.0,12.21,69,8128.0,12,3412,3950,4520,4520,398,271,484,951,724,584,325,52,161,141,212,217,0,0,0,0,121,0.858
Course 3,337,117,2.88,0.5,148,100.0,0,0,0,0,0,93,100.0,37.92,1585,0.0,0.0,0.0,0.0,0.0,0.0,0.0,0.0,12.26,50,14413.0,12,3188,3477,3769,3769,662,315,468,828,705,210,233,24,32,56,90,146,0,0,0,0,91,0.789
Course 3,98,42,2.33,0.19,6,100.0,0,0,0,0,0,3,100.0,14.33,23,0.0,0.0,0.0,0.0,0.0,0.0,0.0,0.0,14.42,2,748.0,2,64,64,64,64,0,0,63,1,0,0,0,0,0,0,0,0,0,0,0,0,3,0.533
Course 3,62,23,2.7,0.1,3,100.0,0,0,0,0,0,6,100.0,42.5,133,0.0,0.0,0.0,0.0,0.0,0.0,0.0,0.0,13.31,2,50.0,2,288,288,288,288,0,3,0,285,0,0,0,0,0,0,0,0,0,0,0,0,6,0.586
Course 3,120,63,1.9,0.31,3,0.0,0,0,0,0,0,0,0.0,0.0,6,0.0,0.0,0.0,0.0,0.0,0.0,0.0,0.0,11.09,2,5.0,2,9,9,9,9,5,0,4,0,0,0,0,0,0,0,0,0,0,0,0,0,0,0.201
Course 3,147,70,2.1,0.3,9,100.0,0,0,0,0,0,4,100.0,35.0,38,0.0,0.0,0.0,0.0,0.0,0.0,0.0,0.0,11.18,6,31.0,5,99,99,100,100,1,62,35,1,0,0,0,0,0,1,0,0,0,0,0,0,4,0.188
Course 3,156,75,2.08,0.33,23,100.0,0,0,0,0,0,34,100.0,42.21,355,0.0,0.0,0.0,0.0,0.0,0.0,0.0,0.0,11.3,19,1155.0,5,893,893,893,893,294,299,182,117,1,0,0,0,0,0,0,0,0,0,0,0,33,0.751
Course 3,131,72,1.82,0.32,25,100.0,0,0,0,0,0,41,100.0,42.41,614,0.0,0.0,0.0,0.0,0.0,0.0,0.0,0.0,13.73,19,1323.0,5,1532,1532,1532,1532,79,391,217,640,205,0,0,0,0,0,0,0,0,0,0,0,41,0.833
Course 3,104,56,1.86,0.24,9,100.0,0,0,0,0,0,6,100.0,27.75,65,0.0,0.0,0.0,0.0,0.0,0.0,0.0,0.0,13.18,7,938.0,3,172,172,172,172,144,27,0,1,0,0,0,0,0,0,0,0,0,0,0,0,6,0.536
Course 3,96,55,1.75,0.26,14,100.0,0,0,0,0,0,22,100.0,41.68,254,0.0,0.0,0.0,0.0,0.0,0.0,0.0,0.0,15.6,13,633.0,6,648,651,651,651,232,155,260,1,0,0,2,1,0,0,0,0,0,0,0,0,21,0.53
Course 3,219,96,2.28,0.41,78,100.0,0,0,0,0,0,83,100.0,36.01,1227,0.0,0.0,0.0,0.0,0.0,0.0,0.0,0.0,12.19,47,7421.0,13,2425,2602,2908,2911,404,333,329,742,528,89,82,83,12,28,68,210,3,0,0,0,79,0.766
Course 3,142,73,1.95,0.31,14,100.0,0,0,0,0,0,28,100.0,44.66,238,0.0,0.0,0.0,0.0,0.0,0.0,0.0,0.0,12.28,15,240.0,4,598,598,601,601,192,192,214,0,0,0,0,0,0,3,0,0,0,0,0,0,28,0.328
Course 3,157,82,1.91,0.35,30,100.0,0,0,0,0,0,51,100.0,44.82,825,0.0,0.0,0.0,0.0,0.0,0.0,0.0,0.0,14.17,27,1053.0,7,1892,1892,1892,1893,207,92,240,743,525,85,0,0,0,0,0,0,1,0,0,0,50,0.482
Course 3,174,85,2.05,0.36,35,100.0,0,0,0,0,0,42,100.0,42.87,528,0.0,0.0,0.0,0.0,0.0,0.0,0.0,0.0,13.54,21,3854.0,6,1190,1190,1190,1190,249,166,318,233,198,26,0,0,0,0,0,0,0,0,0,0,40,0.739
Course 3,244,104,2.35,0.44,51,100.0,0,0,0,0,0,29,100.0,41.71,434,0.0,0.0,0.0,0.0,0.0,0.0,0.0,0.0,15.57,22,2689.0,5,1032,1032,1032,1032,295,205,325,118,89,0,0,0,0,0,0,0,0,0,0,0,29,0.821
Course 3,305,115,2.65,0.49,153,100.0,0,0,0,0,0,132,100.0,32.93,2342,0.0,0.0,0.0,0.0,0.0,0.0,0.0,0.0,10.07,73,12324.0,13,3940,4681,5282,5289,380,432,463,1201,1015,449,463,51,227,121,215,265,7,0,0,0,120,0.87
Course 3,171,82,2.09,0.38,35,100.0,0,0,0,0,0,40,100.0,29.67,402,0.0,0.0,0.0,0.0,0.0,0.0,0.0,0.0,14.27,18,2585.0,6,633,976,976,976,223,177,233,0,0,0,83,10,250,0,0,0,0,0,0,0,38,0.541
Course 3,269,101,2.66,0.43,157,100.0,0,0,0,0,0,83,100.0,40.92,1466,0.0,0.0,0.0,0.0,0.0,0.0,0.0,0.0,11.94,52,11394.0,10,3285,3589,3590,3590,583,387,452,974,522,367,230,11,63,0,0,1,0,0,0,0,81,0.748
Course 3,161,85,1.89,0.37,29,100.0,0,0,0,0,0,29,100.0,41.93,303,0.0,0.0,0.0,0.0,0.0,0.0,0.0,0.0,10.89,20,1715.0,6,724,726,726,726,243,221,159,101,0,0,1,1,0,0,0,0,0,0,0,0,28,0.558
Course 3,261,104,2.51,0.44,30,100.0,0,0,0,0,0,22,100.0,45.09,220,0.0,0.0,0.0,0.0,0.0,0.0,0.0,0.0,15.0,23,2292.0,7,581,582,582,583,265,236,69,8,3,0,1,0,0,0,0,0,1,0,0,0,22,0.367
Course 3,164,72,2.28,0.31,17,100.0,0,0,0,0,0,20,100.0,39.38,198,0.0,0.0,0.0,0.0,0.0,0.0,0.0,0.0,10.68,12,880.0,5,491,491,492,492,165,160,93,0,73,0,0,0,0,0,1,0,0,0,0,0,20,0.317
Course 3,294,119,2.47,0.5,101,100.0,0,0,0,0,0,73,100.0,35.0,983,0.0,0.0,0.0,0.0,0.0,0.0,0.0,0.0,13.17,50,7950.0,11,2121,2410,2422,2423,310,228,305,540,551,187,168,0,121,1,11,0,1,0,0,0,72,0.725
Course 3,89,40,2.23,0.2,18,100.0,0,0,0,0,0,22,100.0,43.64,272,0.0,0.0,0.0,0.0,0.0,0.0,0.0,0.0,15.86,10,379.0,4,658,658,658,658,199,181,277,1,0,0,0,0,0,0,0,0,0,0,0,0,22,0.746
Course 3,125,60,2.08,0.25,9,100.0,0,0,0,0,0,6,100.0,36.67,63,0.0,0.0,0.0,0.0,0.0,0.0,0.0,0.0,14.25,4,303.0,2,183,183,183,183,63,0,120,0,0,0,0,0,0,0,0,0,0,0,0,0,6,0.573
Course 3,259,115,2.25,0.49,90,100.0,0,0,0,0,0,104,100.0,37.35,1269,0.0,0.0,0.0,0.0,0.0,0.0,0.0,0.0,14.71,64,7204.0,12,2733,2983,3373,3373,284,319,328,791,597,414,15,115,120,100,84,206,0,0,0,0,103,0.826
Course 3,76,33,2.3,0.14,9,100.0,0,0,0,0,0,3,100.0,27.67,20,0.0,0.0,0.0,0.0,0.0,0.0,0.0,0.0,14.91,3,51.0,3,69,69,69,69,24,44,0,1,0,0,0,0,0,0,0,0,0,0,0,0,3,0.36
Course 3,174,74,2.35,0.31,37,100.0,0,0,0,0,0,26,100.0,38.27,346,0.0,0.0,0.0,0.0,0.0,0.0,0.0,0.0,10.9,18,756.0,8,721,799,824,824,98,265,314,44,0,0,42,5,31,25,0,0,0,0,0,0,26,0.565
Course 3,418,136,3.07,0.57,208,100.0,0,0,0,0,0,86,100.0,38.83,1299,0.0,0.0,0.0,0.0,0.0,0.0,0.0,0.0,12.57,60,15794.0,11,2767,3020,3153,3153,375,229,416,941,698,108,43,51,159,130,0,3,0,0,0,0,84,0.775
Course 3,193,79,2.44,0.34,19,100.0,0,0,0,0,0,24,100.0,44.04,282,0.0,0.0,0.0,0.0,0.0,0.0,0.0,0.0,15.74,10,984.0,4,687,687,687,687,229,185,271,2,0,0,0,0,0,0,0,0,0,0,0,0,24,0.77
Course 3,203,93,2.18,0.39,26,100.0,0,0,0,0,0,25,100.0,45.95,278,0.0,0.0,0.0,0.0,0.0,0.0,0.0,0.0,12.77,13,2182.0,4,683,683,683,683,237,219,168,59,0,0,0,0,0,0,0,0,0,0,0,0,25,0.741
Course 3,201,93,2.16,0.4,52,100.0,0,0,0,0,0,55,100.0,43.53,1143,0.0,0.0,0.0,0.0,0.0,0.0,0.0,0.0,12.92,31,5434.0,7,2405,2503,2506,2506,164,279,420,1128,414,0,98,0,0,3,0,0,0,0,0,0,54,0.708
Course 3,488,122,4.0,0.52,86,100.0,0,0,0,0,0,85,100.0,40.71,1844,0.0,0.0,0.0,0.0,0.0,0.0,0.0,0.0,11.08,47,4491.0,10,3955,4080,4099,4099,381,344,421,1192,1160,457,35,35,55,0,19,0,0,0,0,0,78,0.797
Course 3,204,87,2.34,0.37,20,100.0,0,0,0,0,0,40,100.0,36.08,486,0.0,0.0,0.0,0.0,0.0,0.0,0.0,0.0,13.07,18,554.0,8,1067,1068,1121,1121,133,368,348,211,7,0,1,0,0,0,52,1,0,0,0,0,38,0.489
Course 3,145,54,2.69,0.24,24,100.0,0,0,0,0,0,30,100.0,41.62,305,0.0,0.0,0.0,0.0,0.0,0.0,0.0,0.0,10.97,9,881.0,4,725,725,725,725,98,271,254,102,0,0,0,0,0,0,0,0,0,0,0,0,30,0.74
Course 3,226,101,2.24,0.43,58,100.0,0,0,0,0,0,63,100.0,44.74,1096,0.0,0.0,0.0,0.0,0.0,0.0,0.0,0.0,12.71,39,1822.0,9,2474,2493,2493,2493,285,324,292,844,642,87,3,15,1,0,0,0,0,0,0,0,62,0.804
Course 3,109,53,2.06,0.26,8,100.0,0,0,0,0,0,12,100.0,47.58,121,0.0,0.0,0.0,0.0,0.0,0.0,0.0,0.0,11.41,7,65.0,4,282,282,282,282,1,275,3,0,3,0,0,0,0,0,0,0,0,0,0,0,12,0.479
Course 3,216,88,2.45,0.37,22,100.0,0,0,0,0,0,30,100.0,34.18,466,0.0,0.0,0.0,0.0,0.0,0.0,0.0,0.0,11.94,17,321.0,7,1045,1046,1046,1046,63,151,274,190,296,71,0,1,0,0,0,0,0,0,0,0,29,0.607
Course 3,193,88,2.19,0.37,55,100.0,0,0,0,0,0,71,100.0,41.1,1188,0.0,0.0,0.0,0.0,0.0,0.0,0.0,0.0,10.67,33,3706.0,8,2628,2632,2665,2665,167,316,240,976,758,171,4,0,0,0,33,0,0,0,0,0,66,0.63
Course 3,199,91,2.19,0.39,79,100.0,0,0,0,0,0,63,100.0,31.83,771,0.0,0.0,0.0,0.0,0.0,0.0,0.0,0.0,12.55,33,3416.0,10,1502,1721,1790,1790,329,210,394,408,161,0,3,8,208,67,2,0,0,0,0,0,53,0.695
Course 3,258,112,2.3,0.47,190,100.0,0,0,0,0,0,232,100.0,31.3,2761,0.0,0.0,0.0,0.0,0.0,0.0,0.0,0.0,10.49,67,15363.0,13,4712,5714,6205,6210,281,392,349,960,1353,1377,588,174,240,186,242,63,5,0,0,0,116,0.864
Course 3,279,106,2.63,0.47,69,100.0,0,0,0,0,0,68,100.0,39.06,1161,0.0,0.0,0.0,0.0,0.0,0.0,0.0,0.0,15.93,42,7009.0,10,2666,2781,2826,2826,413,325,456,783,592,97,1,30,84,0,45,0,0,0,0,0,67,0.765
Course 3,368,123,2.99,0.52,125,100.0,0,0,0,0,0,115,100.0,34.88,1687,0.0,0.0,0.0,0.0,0.0,0.0,0.0,0.0,14.12,65,10987.0,13,3247,3588,3992,3995,676,281,395,765,632,498,199,63,79,71,108,225,3,0,0,0,109,0.838
Course 3,321,101,3.18,0.48,168,100.0,0,0,0,0,0,100,100.0,33.56,1452,0.0,0.0,0.0,0.0,0.0,0.0,0.0,0.0,11.57,63,14886.0,12,2767,3408,3678,3678,370,395,403,900,691,8,210,186,245,185,84,1,0,0,0,0,96,0.838
Course 3,150,69,2.17,0.29,14,100.0,0,0,0,0,0,33,100.0,23.24,308,0.0,0.0,0.0,0.0,0.0,0.0,0.0,0.0,14.74,8,1519.0,4,651,651,651,651,66,0,398,185,2,0,0,0,0,0,0,0,0,0,0,0,31,0.621
Course 3,237,76,3.12,0.32,11,100.0,0,0,0,0,0,16,100.0,47.03,149,0.0,0.0,0.0,0.0,0.0,0.0,0.0,0.0,12.11,8,78.0,4,341,345,345,345,52,288,0,0,1,0,4,0,0,0,0,0,0,0,0,0,16,0.435
Course 3,41,19,2.16,0.1,6,100.0,0,0,0,0,0,4,100.0,28.63,62,0.0,0.0,0.0,0.0,0.0,0.0,0.0,0.0,14.42,3,775.0,3,134,134,134,134,6,45,0,83,0,0,0,0,0,0,0,0,0,0,0,0,4,0.498
Course 3,291,109,2.67,0.46,52,100.0,0,0,0,0,0,27,100.0,43.36,394,0.0,0.0,0.0,0.0,0.0,0.0,0.0,0.0,15.38,22,474.0,6,922,931,931,931,290,253,316,0,63,0,2,7,0,0,0,0,0,0,0,0,27,0.609
Course 3,365,124,2.94,0.52,146,100.0,0,0,0,0,0,114,100.0,34.15,2164,0.0,0.0,0.0,0.0,0.0,0.0,0.0,0.0,12.7,70,11153.0,13,4261,4781,5118,5119,370,417,445,1420,1029,580,107,124,289,179,35,123,1,0,0,0,111,0.854
Course 3,127,78,1.63,0.35,50,100.0,0,0,0,0,0,82,100.0,39.42,1457,0.0,0.0,0.0,0.0,0.0,0.0,0.0,0.0,13.9,41,2747.0,10,3080,3388,3464,3464,422,229,329,1382,400,318,247,30,31,76,0,0,0,0,0,0,80,0.801
Course 3,308,94,3.28,0.4,128,100.0,0,0,0,0,0,85,100.0,35.5,1268,0.0,0.0,0.0,0.0,0.0,0.0,0.0,0.0,11.03,46,8699.0,13,2237,2569,2882,2887,247,231,270,697,367,425,323,5,4,135,117,61,5,0,0,0,84,0.748
Course 3,86,53,1.62,0.23,6,100.0,0,0,0,0,0,2,100.0,48.5,40,0.0,0.0,0.0,0.0,0.0,0.0,0.0,0.0,7.0,5,21.0,4,44,69,69,69,0,16,25,3,0,0,25,0,0,0,0,0,0,0,0,0,2,0.261
Course 3,149,61,2.44,0.28,45,100.0,0,0,0,0,0,36,100.0,41.81,599,0.0,0.0,0.0,0.0,0.0,0.0,0.0,0.0,11.53,17,4446.0,6,1397,1398,1398,1398,207,250,197,655,88,0,0,1,0,0,0,0,0,0,0,0,35,0.58
Course 3,169,72,2.35,0.31,34,100.0,0,0,0,0,0,38,100.0,41.43,634,0.0,0.0,0.0,0.0,0.0,0.0,0.0,0.0,13.36,20,2463.0,4,1408,1408,1408,1408,261,316,416,415,0,0,0,0,0,0,0,0,0,0,0,0,38,0.871
Course 3,200,96,2.08,0.41,59,100.0,0,0,0,0,0,47,100.0,38.34,629,0.0,0.0,0.0,0.0,0.0,0.0,0.0,0.0,15.03,31,6074.0,8,1626,1687,1688,1688,365,230,275,347,409,0,2,59,0,1,0,0,0,0,0,0,47,0.644
Course 3,380,142,2.68,0.6,84,100.0,0,0,0,0,0,34,100.0,39.33,547,0.0,0.0,0.0,0.0,0.0,0.0,0.0,0.0,12.96,43,6940.0,13,1217,1229,1266,1271,283,140,201,327,260,6,5,5,2,7,1,29,5,0,0,0,33,0.687
Course 3,104,61,1.7,0.26,2,100.0,0,0,0,0,0,4,100.0,35.75,36,0.0,0.0,0.0,0.0,0.0,0.0,0.0,0.0,3.57,2,43.0,1,103,103,103,103,103,0,0,0,0,0,0,0,0,0,0,0,0,0,0,0,4,0.91
Course 3,611,134,4.56,0.57,101,100.0,0,0,0,0,0,75,100.0,39.94,1785,0.0,0.0,0.0,0.0,0.0,0.0,0.0,0.0,14.64,42,3575.0,11,3693,4061,4065,4066,250,227,383,1773,718,342,357,11,0,3,1,0,1,0,0,0,72,0.759
Course 3,222,99,2.24,0.42,31,100.0,0,0,0,0,0,29,100.0,40.04,387,0.0,0.0,0.0,0.0,0.0,0.0,0.0,0.0,8.51,19,1995.0,6,1022,1026,1026,1026,336,421,263,1,1,0,4,0,0,0,0,0,0,0,0,0,28,0.667
Course 3,219,83,2.64,0.35,47,100.0,0,0,0,0,0,65,100.0,41.14,954,0.0,0.0,0.0,0.0,0.0,0.0,0.0,0.0,16.39,29,1856.0,8,2048,2128,2160,2160,233,347,224,550,625,69,0,80,0,32,0,0,0,0,0,0,64,0.653
Course 3,212,89,2.38,0.38,47,100.0,0,0,0,0,0,43,100.0,42.61,657,0.0,0.0,0.0,0.0,0.0,0.0,0.0,0.0,7.32,28,3122.0,10,1500,1505,1507,1507,90,256,302,480,371,1,2,0,3,1,0,1,0,0,0,0,43,0.623
Course 3,350,113,3.1,0.48,86,100.0,0,0,0,0,0,96,100.0,32.14,1452,0.0,0.0,0.0,0.0,0.0,0.0,0.0,0.0,8.96,58,4758.0,12,2755,3126,3492,3492,221,214,263,903,986,168,201,38,132,64,130,172,0,0,0,0,94,0.815
Course 3,277,103,2.69,0.44,125,100.0,0,0,0,0,0,120,100.0,33.67,1834,0.0,0.0,0.0,0.0,0.0,0.0,0.0,0.0,11.33,57,13078.0,12,2950,3527,4259,4259,559,364,330,935,585,177,312,11,254,109,266,357,0,0,0,0,110,0.824
Course 3,149,82,1.82,0.35,46,100.0,0,0,0,0,0,42,100.0,41.02,590,0.0,0.0,0.0,0.0,0.0,0.0,0.0,0.0,14.14,28,7183.0,10,1283,1288,1321,1321,417,252,229,374,6,5,1,4,0,0,32,1,0,0,0,0,41,0.588
Course 3,340,105,3.24,0.44,72,100.0,0,0,0,0,0,67,100.0,41.73,1165,0.0,0.0,0.0,0.0,0.0,0.0,0.0,0.0,15.62,37,5033.0,8,2692,2693,2693,2694,365,258,341,793,647,288,1,0,0,0,0,0,1,0,0,0,66,0.554
Course 3,178,83,2.14,0.36,83,100.0,0,0,0,0,0,63,100.0,43.04,1015,0.0,0.0,0.0,0.0,0.0,0.0,0.0,0.0,10.47,44,2994.0,11,2329,2397,2464,2464,267,275,361,771,653,2,8,12,48,66,0,1,0,0,0,0,63,0.729
Course 3,249,98,2.54,0.42,45,100.0,0,0,0,0,0,28,100.0,39.13,360,0.0,0.0,0.0,0.0,0.0,0.0,0.0,0.0,13.72,16,2615.0,5,874,881,881,881,233,238,395,8,0,0,7,0,0,0,0,0,0,0,0,0,27,0.616
Course 3,185,77,2.4,0.34,6,100.0,0,0,0,0,0,1,100.0,3.0,4,0.0,0.0,0.0,0.0,0.0,0.0,0.0,0.0,5.57,4,29.0,3,14,15,15,15,0,0,13,0,1,0,0,1,0,0,0,0,0,0,0,0,1,0.149
Course 3,78,40,1.95,0.18,0,0.0,0,0,0,0,0,0,0.0,0.0,0,0.0,0.0,0.0,0.0,0.0,0.0,0.0,0.0,0.0,0,0.0,0,0,0,0,0,0,0,0,0,0,0,0,0,0,0,0,0,0,0,0,0,0,0.0
Course 3,160,84,1.9,0.35,41,100.0,0,0,0,0,0,57,100.0,33.91,780,0.0,0.0,0.0,0.0,0.0,0.0,0.0,0.0,14.93,28,3428.0,9,1458,1707,1780,1780,221,198,148,567,324,0,145,42,62,0,73,0,0,0,0,0,55,0.646
Course 3,213,104,2.05,0.44,62,100.0,0,0,0,0,0,62,100.0,25.76,809,0.0,0.0,0.0,0.0,0.0,0.0,0.0,0.0,12.14,28,3351.0,10,1576,1856,1929,1929,28,62,613,155,573,145,171,109,0,67,6,0,0,0,0,0,52,0.698
Course 3,236,106,2.23,0.45,48,100.0,0,0,0,0,0,60,100.0,37.27,801,0.0,0.0,0.0,0.0,0.0,0.0,0.0,0.0,13.9,28,3987.0,9,1848,1919,2216,2216,239,370,537,701,1,0,0,8,63,244,53,0,0,0,0,0,59,0.639
Course 3,137,69,1.99,0.29,6,100.0,0,0,0,0,0,5,100.0,15.3,39,0.0,0.0,0.0,0.0,0.0,0.0,0.0,0.0,15.45,4,807.0,4,105,109,109,109,75,0,29,0,0,1,4,0,0,0,0,0,0,0,0,0,5,0.278
Course 3,125,64,1.95,0.29,2,0.0,0,0,0,0,0,0,0.0,0.0,0,0.0,0.0,0.0,0.0,0.0,0.0,0.0,0.0,6.51,2,0.0,2,2,2,2,2,1,1,0,0,0,0,0,0,0,0,0,0,0,0,0,0,0,1.0
Course 3,145,75,1.93,0.33,6,100.0,0,0,0,0,0,1,100.0,27.0,9,0.0,0.0,0.0,0.0,0.0,0.0,0.0,0.0,10.02,4,570.0,4,27,27,27,27,1,3,21,0,2,0,0,0,0,0,0,0,0,0,0,0,1,0.225
Course 3,116,55,2.11,0.24,6,100.0,0,0,0,0,0,2,100.0,0.0,21,0.0,0.0,0.0,0.0,0.0,0.0,0.0,0.0,4.95,4,21.0,4,23,35,35,35,4,9,0,0,10,0,12,0,0,0,0,0,0,0,0,0,2,0.19
Course 3,227,111,2.05,0.46,35,100.0,0,0,0,0,0,34,100.0,38.31,360,0.0,0.0,0.0,0.0,0.0,0.0,0.0,0.0,14.31,22,2839.0,6,946,947,949,949,234,337,279,96,0,0,0,0,1,0,2,0,0,0,0,0,34,0.441
Course 3,79,41,1.93,0.21,3,0.0,0,0,0,0,0,0,0.0,0.0,1,0.0,0.0,0.0,0.0,0.0,0.0,0.0,0.0,4.82,2,0.0,2,3,4,4,4,3,0,0,0,0,0,1,0,0,0,0,0,0,0,0,0,0,0.05
Course 3,279,123,2.27,0.52,211,100.0,0,0,0,0,0,129,100.0,35.41,1766,0.0,0.0,0.0,0.0,0.0,0.0,0.0,0.0,11.65,71,9634.0,12,3256,3864,4366,4366,314,237,517,944,722,522,352,63,193,129,179,194,0,0,0,0,123,0.865
Course 3,96,52,1.85,0.22,2,0.0,0,0,0,0,0,0,0.0,0.0,2,0.0,0.0,0.0,0.0,0.0,0.0,0.0,0.0,3.93,1,2.0,1,4,4,4,4,0,4,0,0,0,0,0,0,0,0,0,0,0,0,0,0,0,1.0
Course 3,115,55,2.09,0.24,7,100.0,0,0,0,0,0,1,100.0,26.0,11,0.0,0.0,0.0,0.0,0.0,0.0,0.0,0.0,14.98,4,263.0,2,34,34,34,34,30,0,4,0,0,0,0,0,0,0,0,0,0,0,0,0,1,0.28
Course 3,142,76,1.87,0.33,35,100.0,0,0,0,0,0,31,100.0,35.68,423,0.0,0.0,0.0,0.0,0.0,0.0,0.0,0.0,11.51,23,2646.0,6,1028,1036,1036,1036,246,248,190,344,0,0,2,6,0,0,0,0,0,0,0,0,28,0.628
Course 3,138,81,1.7,0.35,2,100.0,0,0,0,0,0,2,100.0,48.5,23,0.0,0.0,0.0,0.0,0.0,0.0,0.0,0.0,14.6,1,268.0,1,62,62,62,62,0,62,0,0,0,0,0,0,0,0,0,0,0,0,0,0,2,1.0
Course 3,150,86,1.74,0.37,18,100.0,0,0,0,0,0,19,100.0,44.82,161,0.0,0.0,0.0,0.0,0.0,0.0,0.0,0.0,8.72,10,737.0,5,388,388,388,388,118,227,39,3,0,1,0,0,0,0,0,0,0,0,0,0,19,0.5
Course 3,110,46,2.39,0.21,6,100.0,0,0,0,0,0,3,100.0,41.33,38,0.0,0.0,0.0,0.0,0.0,0.0,0.0,0.0,5.4,1,19.0,1,80,80,80,80,0,80,0,0,0,0,0,0,0,0,0,0,0,0,0,0,3,1.0
Course 3,185,96,1.93,0.41,156,100.0,0,0,0,0,0,101,100.0,34.0,1297,0.0,0.0,0.0,0.0,0.0,0.0,0.0,0.0,10.86,59,3946.0,13,2536,2850,3354,3357,302,189,349,808,687,201,106,50,158,102,300,102,3,0,0,0,94,0.806
Course 3,65,35,1.86,0.15,0,0.0,0,0,0,0,0,0,0.0,0.0,0,0.0,0.0,0.0,0.0,0.0,0.0,0.0,0.0,0.0,0,0.0,0,0,0,0,0,0,0,0,0,0,0,0,0,0,0,0,0,0,0,0,0,0,0.0
Course 3,197,103,1.91,0.43,20,100.0,0,0,0,0,0,16,100.0,50.31,212,0.0,0.0,0.0,0.0,0.0,0.0,0.0,0.0,10.32,12,1686.0,5,507,508,508,508,210,295,1,1,0,0,1,0,0,0,0,0,0,0,0,0,16,0.482
Course 3,225,79,2.85,0.34,11,100.0,0,0,0,0,0,6,100.0,39.75,86,0.0,0.0,0.0,0.0,0.0,0.0,0.0,0.0,11.04,7,868.0,5,184,192,192,192,25,94,65,0,0,0,6,2,0,0,0,0,0,0,0,0,6,0.336
Course 3,311,111,2.8,0.47,15,100.0,0,0,0,0,0,25,100.0,47.97,275,0.0,0.0,0.0,0.0,0.0,0.0,0.0,0.0,13.15,12,1085.0,5,729,729,729,729,157,193,334,43,2,0,0,0,0,0,0,0,0,0,0,0,25,0.724
Course 3,289,120,2.41,0.5,123,100.0,0,0,0,0,0,132,100.0,31.45,1738,0.0,0.0,0.0,0.0,0.0,0.0,0.0,0.0,13.99,67,12149.0,12,3460,3937,4523,4523,338,570,473,991,719,369,262,65,150,145,227,214,0,0,0,0,122,0.857
Course 3,132,75,1.76,0.33,38,100.0,0,0,0,0,0,55,100.0,34.98,649,0.0,0.0,0.0,0.0,0.0,0.0,0.0,0.0,11.8,23,3698.0,8,1555,1560,1632,1632,0,436,520,596,3,0,1,4,0,0,33,39,0,0,0,0,51,0.608
Course 3,175,85,2.06,0.36,9,100.0,0,0,0,0,0,2,100.0,45.5,44,0.0,0.0,0.0,0.0,0.0,0.0,0.0,0.0,10.56,8,30.0,7,113,117,117,117,6,0,1,0,103,3,2,1,1,0,0,0,0,0,0,0,2,0.301
Course 3,134,47,2.85,0.21,2,0.0,0,0,0,0,0,0,0.0,0.0,14,0.0,0.0,0.0,0.0,0.0,0.0,0.0,0.0,4.49,2,1.0,2,17,17,17,17,0,0,1,0,16,0,0,0,0,0,0,0,0,0,0,0,0,0.315
Course 3,125,47,2.66,0.2,0,0.0,0,0,0,0,0,0,0.0,0.0,0,0.0,0.0,0.0,0.0,0.0,0.0,0.0,0.0,0.0,0,0.0,0,0,0,0,0,0,0,0,0,0,0,0,0,0,0,0,0,0,0,0,0,0,0.0
Course 3,431,140,3.08,0.59,228,100.0,0,0,0,0,0,140,100.0,30.2,2168,0.0,0.0,0.0,0.0,0.0,0.0,0.0,0.0,10.83,78,15887.0,13,4100,4716,5454,5461,371,573,604,1144,833,575,360,47,209,280,235,223,7,0,0,0,133,0.879
Course 3,149,83,1.8,0.37,34,100.0,0,0,0,0,0,48,100.0,44.16,607,0.0,0.0,0.0,0.0,0.0,0.0,0.0,0.0,13.72,27,2125.0,6,1369,1370,1370,1370,190,235,367,448,129,0,1,0,0,0,0,0,0,0,0,0,47,0.72
Course 3,181,84,2.15,0.36,58,100.0,0,0,0,0,0,30,100.0,20.33,351,0.0,0.0,0.0,0.0,0.0,0.0,0.0,0.0,10.54,23,3115.0,7,929,947,947,947,190,276,281,136,46,0,4,0,14,0,0,0,0,0,0,0,29,0.601
Course 3,84,40,2.1,0.17,0,0.0,0,0,0,0,0,0,0.0,0.0,0,0.0,0.0,0.0,0.0,0.0,0.0,0.0,0.0,0.0,0,0.0,0,0,0,0,0,0,0,0,0,0,0,0,0,0,0,0,0,0,0,0,0,0,0.0
Course 3,108,52,2.08,0.24,1,0.0,0,0,0,0,0,0,0.0,0.0,0,0.0,0.0,0.0,0.0,0.0,0.0,0.0,0.0,14.53,1,0.0,1,0,1,1,1,0,0,0,0,0,0,1,0,0,0,0,0,0,0,0,0,0,0.0
Course 3,172,67,2.57,0.29,8,100.0,0,0,0,0,0,6,100.0,24.0,55,0.0,0.0,0.0,0.0,0.0,0.0,0.0,0.0,12.14,8,402.0,5,127,130,130,130,73,33,20,1,0,0,3,0,0,0,0,0,0,0,0,0,5,0.357
Course 3,138,60,2.3,0.25,5,100.0,0,0,0,0,0,4,100.0,33.13,45,0.0,0.0,0.0,0.0,0.0,0.0,0.0,0.0,16.23,2,54.0,2,106,108,108,108,0,106,0,0,0,0,0,2,0,0,0,0,0,0,0,0,4,0.188
Course 3,160,83,1.93,0.35,54,100.0,0,0,0,0,0,45,100.0,30.43,703,0.0,0.0,0.0,0.0,0.0,0.0,0.0,0.0,14.04,32,5971.0,8,1743,1756,1756,1756,303,348,397,497,148,50,1,12,0,0,0,0,0,0,0,0,43,0.795
Course 3,164,63,2.6,0.27,3,100.0,0,0,0,0,0,1,100.0,0.0,2,0.0,0.0,0.0,0.0,0.0,0.0,0.0,0.0,4.7,3,0.0,2,7,7,7,7,0,1,6,0,0,0,0,0,0,0,0,0,0,0,0,0,1,0.215
Course 3,94,52,1.81,0.23,0,100.0,0,0,0,0,0,3,100.0,15.5,23,0.0,0.0,0.0,0.0,0.0,0.0,0.0,0.0,14.94,1,55.0,1,75,75,75,75,0,0,75,0,0,0,0,0,0,0,0,0,0,0,0,0,3,1.0
Course 3,138,79,1.75,0.33,0,0.0,0,0,0,0,0,0,0.0,0.0,0,0.0,0.0,0.0,0.0,0.0,0.0,0.0,0.0,0.0,0,0.0,0,0,0,0,0,0,0,0,0,0,0,0,0,0,0,0,0,0,0,0,0,0,0.0
Course 3,139,84,1.65,0.36,5,100.0,0,0,0,0,0,2,100.0,38.75,22,0.0,0.0,0.0,0.0,0.0,0.0,0.0,0.0,15.25,3,18.0,2,58,59,59,59,58,0,0,0,0,0,1,0,0,0,0,0,0,0,0,0,2,0.168
Course 3,166,79,2.1,0.34,44,100.0,0,0,0,0,0,25,100.0,26.91,408,0.0,0.0,0.0,0.0,0.0,0.0,0.0,0.0,12.21,19,789.0,8,849,941,941,941,6,9,169,168,497,0,1,11,80,0,0,0,0,0,0,0,23,0.62
Course 3,108,55,1.96,0.24,1,0.0,0,0,0,0,0,0,0.0,0.0,0,0.0,0.0,0.0,0.0,0.0,0.0,0.0,0.0,3.77,1,0.0,1,0,0,1,1,0,0,0,0,0,0,0,0,0,0,0,1,0,0,0,0,0,0.0
Course 3,43,23,1.87,0.12,0,0.0,0,0,0,0,0,0,0.0,0.0,0,0.0,0.0,0.0,0.0,0.0,0.0,0.0,0.0,0.0,0,0.0,0,0,0,0,0,0,0,0,0,0,0,0,0,0,0,0,0,0,0,0,0,0,0.0
Course 3,180,71,2.54,0.31,3,0.0,0,0,0,0,0,0,0.0,0.0,1,0.0,0.0,0.0,0.0,0.0,0.0,0.0,0.0,4.15,1,0.0,1,4,4,4,4,4,0,0,0,0,0,0,0,0,0,0,0,0,0,0,0,0,1.0
Course 3,112,70,1.6,0.3,25,100.0,0,0,0,0,0,33,100.0,33.97,449,0.0,0.0,0.0,0.0,0.0,0.0,0.0,0.0,10.83,20,1324.0,5,1103,1103,1103,1103,316,198,189,265,135,0,0,0,0,0,0,0,0,0,0,0,31,0.809
Course 3,156,93,1.68,0.39,44,100.0,0,0,0,0,0,24,100.0,25.54,324,0.0,0.0,0.0,0.0,0.0,0.0,0.0,0.0,12.7,23,2808.0,9,486,646,708,708,7,14,135,0,106,224,26,9,125,62,0,0,0,0,0,0,23,0.575
Course 3,107,51,2.1,0.22,19,100.0,0,0,0,0,0,17,100.0,43.97,167,0.0,0.0,0.0,0.0,0.0,0.0,0.0,0.0,15.91,12,187.0,5,428,431,433,433,246,174,0,8,0,0,3,0,0,0,2,0,0,0,0,0,17,0.36
Course 3,167,87,1.92,0.37,54,100.0,0,0,0,0,0,41,100.0,35.33,492,0.0,0.0,0.0,0.0,0.0,0.0,0.0,0.0,12.95,26,2331.0,9,1162,1170,1208,1208,163,283,205,365,146,0,0,7,1,0,5,33,0,0,0,0,41,0.573
Course 3,267,107,2.5,0.45,121,100.0,0,0,0,0,0,113,100.0,36.07,1549,0.0,0.0,0.0,0.0,0.0,0.0,0.0,0.0,14.33,63,4628.0,12,3534,3853,4105,4105,330,258,663,1047,792,444,86,97,136,117,64,71,0,0,0,0,106,0.829
Course 3,130,57,2.28,0.24,36,100.0,0,0,0,0,0,18,100.0,42.75,175,0.0,0.0,0.0,0.0,0.0,0.0,0.0,0.0,16.55,11,1846.0,4,497,497,497,497,314,181,1,0,1,0,0,0,0,0,0,0,0,0,0,0,16,0.6
Course 3,135,69,1.96,0.29,6,100.0,0,0,0,0,0,1,100.0,5.0,7,0.0,0.0,0.0,0.0,0.0,0.0,0.0,0.0,3.8,3,11.0,3,31,31,31,31,4,26,0,0,1,0,0,0,0,0,0,0,0,0,0,0,1,0.231
Course 3,205,82,2.5,0.36,2,0.0,0,0,0,0,0,0,0.0,0.0,1,0.0,0.0,0.0,0.0,0.0,0.0,0.0,0.0,4.57,1,0.0,1,0,3,3,3,0,0,0,0,0,0,3,0,0,0,0,0,0,0,0,0,0,1.0
Course 3,123,57,2.16,0.25,1,100.0,0,0,0,0,0,3,100.0,12.33,52,0.0,0.0,0.0,0.0,0.0,0.0,0.0,0.0,6.79,2,16.0,2,69,95,95,95,0,0,0,0,69,0,26,0,0,0,0,0,0,0,0,0,3,0.379
Course 3,216,109,1.98,0.46,50,100.0,0,0,0,0,0,53,100.0,35.2,660,0.0,0.0,0.0,0.0,0.0,0.0,0.0,0.0,10.45,26,4319.0,7,1607,1661,1698,1698,307,332,338,527,103,0,54,0,0,0,37,0,0,0,0,0,51,0.567
Course 3,182,95,1.92,0.4,89,100.0,0,0,0,0,0,82,100.0,34.73,1095,0.0,0.0,0.0,0.0,0.0,0.0,0.0,0.0,14.06,41,4582.0,12,2232,2445,2601,2603,222,310,239,971,489,1,44,102,67,125,0,31,2,0,0,0,77,0.717
Course 3,102,31,3.29,0.42,0,0.0,0,0,0,0,0,0,0.0,0.0,0,0.0,0.0,0.0,0.0,0.0,0.0,0.0,0.0,0.0,0,0.0,0,0,0,0,0,0,0,0,0,0,0,0,0,0,0,0,0,0,0,0,0,0,0.0
Course 3,81,32,2.53,0.15,0,0.0,0,0,0,0,0,0,0.0,0.0,0,0.0,0.0,0.0,0.0,0.0,0.0,0.0,0.0,0.0,0,0.0,0,0,0,0,0,0,0,0,0,0,0,0,0,0,0,0,0,0,0,0,0,0,0.0
Course 3,147,74,1.99,0.31,6,100.0,0,0,0,0,0,4,100.0,47.75,35,0.0,0.0,0.0,0.0,0.0,0.0,0.0,0.0,14.42,3,48.0,1,93,93,93,93,0,93,0,0,0,0,0,0,0,0,0,0,0,0,0,0,4,0.873
Course 3,200,81,2.47,0.34,3,100.0,0,0,0,0,0,3,100.0,41.67,29,0.0,0.0,0.0,0.0,0.0,0.0,0.0,0.0,6.52,2,557.0,2,81,81,81,81,19,0,62,0,0,0,0,0,0,0,0,0,0,0,0,0,3,0.375
Course 3,225,97,2.32,0.41,52,100.0,0,0,0,0,0,27,100.0,39.76,246,0.0,0.0,0.0,0.0,0.0,0.0,0.0,0.0,10.6,14,785.0,5,615,616,616,616,129,278,174,34,0,0,0,0,1,0,0,0,0,0,0,0,27,0.41
Course 3,149,71,2.1,0.3,19,100.0,0,0,0,0,0,14,100.0,18.18,110,0.0,0.0,0.0,0.0,0.0,0.0,0.0,0.0,14.77,16,825.0,6,209,297,297,297,10,120,61,18,0,0,8,0,80,0,0,0,0,0,0,0,13,0.413
Course 3,64,32,2.0,0.14,4,0.0,0,0,0,0,0,0,0.0,0.0,3,0.0,0.0,0.0,0.0,0.0,0.0,0.0,0.0,4.15,1,1.0,1,8,8,8,8,0,0,0,0,0,8,0,0,0,0,0,0,0,0,0,0,0,1.0
Course 3,65,33,1.97,0.14,7,100.0,0,0,0,0,0,3,100.0,17.33,22,0.0,0.0,0.0,0.0,0.0,0.0,0.0,0.0,14.21,2,1534.0,1,79,79,79,79,0,0,79,0,0,0,0,0,0,0,0,0,0,0,0,0,2,0.899
Course 3,111,41,2.71,0.18,0,0.0,0,0,0,0,0,0,0.0,0.0,0,0.0,0.0,0.0,0.0,0.0,0.0,0.0,0.0,0.0,0,0.0,0,0,0,0,0,0,0,0,0,0,0,0,0,0,0,0,0,0,0,0,0,0,0.0
Course 3,221,92,2.4,0.39,106,100.0,0,0,0,0,0,54,100.0,33.86,789,0.0,0.0,0.0,0.0,0.0,0.0,0.0,0.0,11.51,39,5669.0,8,2061,2079,2083,2083,245,302,327,803,384,0,13,5,0,4,0,0,0,0,0,0,54,0.71
Course 3,266,77,3.45,0.34,33,100.0,0,0,0,0,0,48,100.0,41.58,802,0.0,0.0,0.0,0.0,0.0,0.0,0.0,0.0,13.4,23,1825.0,5,1764,1764,1764,1764,21,233,333,777,400,0,0,0,0,0,0,0,0,0,0,0,47,0.87
Course 3,128,68,1.88,0.29,34,100.0,0,0,0,0,0,48,100.0,43.66,780,0.0,0.0,0.0,0.0,0.0,0.0,0.0,0.0,12.45,24,1490.0,7,1723,1811,1811,1811,91,297,151,481,616,87,88,0,0,0,0,0,0,0,0,0,48,0.772
Course 3,188,88,2.14,0.38,55,100.0,0,0,0,0,0,61,100.0,45.57,898,0.0,0.0,0.0,0.0,0.0,0.0,0.0,0.0,12.71,31,2706.0,6,2194,2194,2194,2194,265,330,318,743,533,5,0,0,0,0,0,0,0,0,0,0,59,0.856
Course 3,98,48,2.04,0.22,0,0.0,0,0,0,0,0,0,0.0,0.0,0,0.0,0.0,0.0,0.0,0.0,0.0,0.0,0.0,0.0,0,0.0,0,0,0,0,0,0,0,0,0,0,0,0,0,0,0,0,0,0,0,0,0,0,0.0
Course 3,286,120,2.38,0.5,71,100.0,0,0,0,0,0,66,100.0,43.14,1043,0.0,0.0,0.0,0.0,0.0,0.0,0.0,0.0,9.21,36,7676.0,7,2409,2421,2421,2421,216,334,322,778,669,90,12,0,0,0,0,0,0,0,0,0,66,0.825
Course 3,263,104,2.53,0.44,40,100.0,0,0,0,0,0,42,100.0,42.73,505,0.0,0.0,0.0,0.0,0.0,0.0,0.0,0.0,14.22,19,2959.0,7,1297,1297,1299,1299,153,430,393,319,1,1,0,0,0,2,0,0,0,0,0,0,40,0.526
Course 3,87,42,2.07,0.19,3,0.0,0,0,0,0,0,0,0.0,0.0,3,0.0,0.0,0.0,0.0,0.0,0.0,0.0,0.0,8.07,2,33.0,2,5,6,6,6,0,0,5,0,0,0,1,0,0,0,0,0,0,0,0,0,0,0.094
Course 3,227,92,2.47,0.39,18,100.0,0,0,0,0,0,14,100.0,39.68,152,0.0,0.0,0.0,0.0,0.0,0.0,0.0,0.0,14.35,9,602.0,5,344,345,345,345,69,266,6,3,0,0,0,1,0,0,0,0,0,0,0,0,14,0.406
Course 3,240,102,2.35,0.43,61,100.0,0,0,0,0,0,55,100.0,36.05,746,0.0,0.0,0.0,0.0,0.0,0.0,0.0,0.0,12.05,32,2501.0,8,1575,1576,1680,1680,140,468,266,322,377,2,0,1,0,0,0,104,0,0,0,0,55,0.543
Course 3,134,75,1.79,0.31,1,100.0,0,0,0,0,0,1,100.0,5.0,3,0.0,0.0,0.0,0.0,0.0,0.0,0.0,0.0,5.9,1,8.0,1,10,10,10,10,10,0,0,0,0,0,0,0,0,0,0,0,0,0,0,0,1,1.0
Course 3,171,96,1.78,0.41,48,100.0,0,0,0,0,0,33,100.0,33.0,343,0.0,0.0,0.0,0.0,0.0,0.0,0.0,0.0,14.9,22,1545.0,10,696,783,891,891,304,164,127,0,100,1,4,83,0,30,68,10,0,0,0,0,31,0.559
Course 3,238,83,2.87,0.35,13,100.0,0,0,0,0,0,8,100.0,38.69,90,0.0,0.0,0.0,0.0,0.0,0.0,0.0,0.0,15.02,8,155.0,6,177,196,210,210,81,94,0,2,0,0,0,16,3,14,0,0,0,0,0,0,8,0.307
Course 3,176,99,1.78,0.42,43,100.0,0,0,0,0,0,63,100.0,32.42,652,0.0,0.0,0.0,0.0,0.0,0.0,0.0,0.0,12.87,35,2848.0,10,1110,1427,1607,1607,213,194,296,407,0,0,194,5,118,103,68,9,0,0,0,0,63,0.645
Course 3,49,31,1.58,0.14,1,0.0,0,0,0,0,0,0,0.0,0.0,0,0.0,0.0,0.0,0.0,0.0,0.0,0.0,0.0,6.22,1,0.0,1,1,1,1,1,1,0,0,0,0,0,0,0,0,0,0,0,0,0,0,0,0,0.0
Course 3,142,85,1.67,0.36,52,100.0,0,0,0,0,0,59,100.0,44.06,1227,0.0,0.0,0.0,0.0,0.0,0.0,0.0,0.0,12.07,31,3127.0,5,2937,2937,2937,2937,344,298,288,990,1017,0,0,0,0,0,0,0,0,0,0,0,58,0.898
Course 3,65,42,1.55,0.2,2,0.0,0,0,0,0,0,0,0.0,0.0,0,0.0,0.0,0.0,0.0,0.0,0.0,0.0,0.0,4.17,2,0.0,2,2,2,2,2,0,1,0,0,1,0,0,0,0,0,0,0,0,0,0,0,0,1.0
Course 3,143,76,1.88,0.32,42,100.0,0,0,0,0,0,39,100.0,44.29,457,0.0,0.0,0.0,0.0,0.0,0.0,0.0,0.0,14.56,18,3373.0,4,1235,1235,1235,1235,128,329,547,231,0,0,0,0,0,0,0,0,0,0,0,0,38,0.874
Course 3,203,98,2.07,0.42,46,100.0,0,0,0,0,0,57,100.0,44.48,913,0.0,0.0,0.0,0.0,0.0,0.0,0.0,0.0,14.51,30,4037.0,7,2266,2267,2268,2268,380,272,247,886,481,0,0,0,1,0,0,1,0,0,0,0,54,0.573
Course 3,114,61,1.87,0.26,3,0.0,0,0,0,0,0,0,0.0,0.0,1,0.0,0.0,0.0,0.0,0.0,0.0,0.0,0.0,3.84,2,4.0,1,6,6,6,6,0,6,0,0,0,0,0,0,0,0,0,0,0,0,0,0,0,0.714
Course 3,91,64,1.42,0.27,4,100.0,0,0,0,0,0,4,100.0,2.25,22,0.0,0.0,0.0,0.0,0.0,0.0,0.0,0.0,9.04,1,356.0,1,44,44,44,44,44,0,0,0,0,0,0,0,0,0,0,0,0,0,0,0,2,1.0
Course 3,166,84,1.98,0.36,39,100.0,0,0,0,0,0,44,100.0,42.82,764,0.0,0.0,0.0,0.0,0.0,0.0,0.0,0.0,14.24,24,1612.0,6,1841,1842,1842,1842,93,175,268,717,588,0,1,0,0,0,0,0,0,0,0,0,43,0.729
Course 3,101,67,1.51,0.28,0,0.0,0,0,0,0,0,0,0.0,0.0,0,0.0,0.0,0.0,0.0,0.0,0.0,0.0,0.0,0.0,0,0.0,0,0,0,0,0,0,0,0,0,0,0,0,0,0,0,0,0,0,0,0,0,0,0.0
Course 3,166,91,1.82,0.39,55,100.0,0,0,0,0,0,39,100.0,34.21,831,0.0,0.0,0.0,0.0,0.0,0.0,0.0,0.0,15.57,25,5532.0,8,1898,1917,1936,1936,255,0,239,839,527,38,12,7,0,19,0,0,0,0,0,0,38,0.687
Course 3,105,49,2.14,0.21,1,100.0,0,0,0,0,0,1,100.0,3.0,2,0.0,0.0,0.0,0.0,0.0,0.0,0.0,0.0,4.46,1,28.0,1,0,6,6,6,0,0,0,0,0,0,0,6,0,0,0,0,0,0,0,0,1,1.0
Course 3,280,115,2.43,0.49,128,100.0,0,0,0,0,0,100,100.0,32.94,1601,0.0,0.0,0.0,0.0,0.0,0.0,0.0,0.0,12.51,64,9277.0,13,3364,3764,4102,4107,471,445,494,1069,720,165,136,134,130,204,128,6,5,0,0,0,93,0.841
Course 3,152,80,1.9,0.34,6,100.0,0,0,0,0,0,1,100.0,0.0,9,0.0,0.0,0.0,0.0,0.0,0.0,0.0,0.0,4.13,2,19.0,2,12,18,18,18,12,0,0,0,0,0,0,6,0,0,0,0,0,0,0,0,1,0.083
Course 3,160,92,1.74,0.39,26,100.0,0,0,0,0,0,27,100.0,33.8,393,0.0,0.0,0.0,0.0,0.0,0.0,0.0,0.0,14.61,18,2331.0,6,1049,1051,1051,1051,516,241,287,1,4,0,2,0,0,0,0,0,0,0,0,0,25,0.679
Course 3,137,72,1.9,0.31,63,100.0,0,0,0,0,0,35,100.0,32.86,691,0.0,0.0,0.0,0.0,0.0,0.0,0.0,0.0,14.14,23,2291.0,8,1522,1652,1652,1652,1,74,75,731,641,0,99,28,3,0,0,0,0,0,0,0,34,0.697
Course 3,98,49,2.0,0.21,0,0.0,0,0,0,0,0,0,0.0,0.0,0,0.0,0.0,0.0,0.0,0.0,0.0,0.0,0.0,0.0,0,0.0,0,0,0,0,0,0,0,0,0,0,0,0,0,0,0,0,0,0,0,0,0,0,0.0
Course 3,241,97,2.48,0.41,33,100.0,0,0,0,0,0,28,100.0,40.32,363,0.0,0.0,0.0,0.0,0.0,0.0,0.0,0.0,14.81,14,1565.0,7,821,825,825,825,77,403,223,116,2,0,1,3,0,0,0,0,0,0,0,0,28,0.623
Course 3,207,94,2.2,0.4,45,100.0,0,0,0,0,0,45,100.0,43.49,711,0.0,0.0,0.0,0.0,0.0,0.0,0.0,0.0,14.41,24,6053.0,6,1586,1586,1586,1586,412,272,209,385,296,12,0,0,0,0,0,0,0,0,0,0,43,0.826
Course 3,219,95,2.31,0.41,47,100.0,0,0,0,0,0,72,100.0,41.88,1174,0.0,0.0,0.0,0.0,0.0,0.0,0.0,0.0,12.14,44,2490.0,10,2568,2642,2679,2679,291,218,310,785,587,377,8,0,66,1,36,0,0,0,0,0,71,0.748
Course 3,163,87,1.87,0.37,6,100.0,0,0,0,0,0,2,100.0,4.5,25,0.0,0.0,0.0,0.0,0.0,0.0,0.0,0.0,13.8,3,831.0,3,59,63,63,63,58,0,0,1,0,0,0,4,0,0,0,0,0,0,0,0,2,0.184
Course 3,114,77,1.48,0.33,3,100.0,0,0,0,0,0,4,100.0,9.0,44,0.0,0.0,0.0,0.0,0.0,0.0,0.0,0.0,15.19,4,328.0,3,60,109,109,109,0,51,0,0,9,0,0,0,49,0,0,0,0,0,0,0,4,0.229
Course 3,119,54,2.2,0.23,0,0.0,0,0,0,0,0,0,0.0,0.0,0,0.0,0.0,0.0,0.0,0.0,0.0,0.0,0.0,0.0,0,0.0,0,0,0,0,0,0,0,0,0,0,0,0,0,0,0,0,0,0,0,0,0,0,0.0
Course 3,142,76,1.87,0.32,30,100.0,0,0,0,0,0,56,100.0,44.37,901,0.0,0.0,0.0,0.0,0.0,0.0,0.0,0.0,13.76,23,5003.0,6,2038,2038,2038,2038,175,255,367,656,581,4,0,0,0,0,0,0,0,0,0,0,56,0.824
Course 3,126,75,1.68,0.32,7,100.0,0,0,0,0,0,8,100.0,37.66,73,0.0,0.0,0.0,0.0,0.0,0.0,0.0,0.0,15.17,4,91.0,2,190,190,190,190,37,0,153,0,0,0,0,0,0,0,0,0,0,0,0,0,8,0.527
Course 3,66,39,1.69,0.17,0,0.0,0,0,0,0,0,0,0.0,0.0,0,0.0,0.0,0.0,0.0,0.0,0.0,0.0,0.0,0.0,0,0.0,0,0,0,0,0,0,0,0,0,0,0,0,0,0,0,0,0,0,0,0,0,0,0.0
Course 3,180,86,2.09,0.36,9,100.0,0,0,0,0,0,9,100.0,18.11,55,0.0,0.0,0.0,0.0,0.0,0.0,0.0,0.0,14.72,5,858.0,4,135,151,151,151,37,96,2,0,0,0,0,0,16,0,0,0,0,0,0,0,9,0.226
Course 3,85,54,1.57,0.23,4,0.0,0,0,0,0,0,0,0.0,0.0,17,0.0,0.0,0.0,0.0,0.0,0.0,0.0,0.0,4.07,3,4.0,3,27,28,28,28,0,0,0,24,3,0,1,0,0,0,0,0,0,0,0,0,0,0.256
Course 3,181,74,2.45,0.32,2,100.0,0,0,0,0,0,1,100.0,28.0,14,0.0,0.0,0.0,0.0,0.0,0.0,0.0,0.0,6.93,2,9.0,2,22,26,26,26,22,0,0,0,0,0,0,4,0,0,0,0,0,0,0,0,1,0.088
Course 3,167,81,2.06,0.34,24,100.0,0,0,0,0,0,12,100.0,28.71,168,0.0,0.0,0.0,0.0,0.0,0.0,0.0,0.0,12.39,9,865.0,5,394,394,394,394,70,168,142,13,1,0,0,0,0,0,0,0,0,0,0,0,10,0.644
Course 3,151,81,1.86,0.34,8,100.0,0,0,0,0,0,7,100.0,36.14,71,0.0,0.0,0.0,0.0,0.0,0.0,0.0,0.0,12.1,4,631.0,2,211,211,211,211,27,184,0,0,0,0,0,0,0,0,0,0,0,0,0,0,5,0.671
Course 3,212,101,2.1,0.43,50,100.0,0,0,0,0,0,45,100.0,33.03,706,0.0,0.0,0.0,0.0,0.0,0.0,0.0,0.0,14.35,26,3003.0,7,1662,1666,1666,1666,349,152,297,683,181,0,2,2,0,0,0,0,0,0,0,0,40,0.71
Course 3,103,68,1.51,0.29,0,0.0,0,0,0,0,0,0,0.0,0.0,0,0.0,0.0,0.0,0.0,0.0,0.0,0.0,0.0,0.0,0,0.0,0,0,0,0,0,0,0,0,0,0,0,0,0,0,0,0,0,0,0,0,0,0,0.0
Course 3,158,75,2.11,0.32,12,100.0,0,0,0,0,0,13,100.0,46.42,112,0.0,0.0,0.0,0.0,0.0,0.0,0.0,0.0,7.58,7,672.0,3,287,287,287,287,75,163,49,0,0,0,0,0,0,0,0,0,0,0,0,0,13,0.701
Course 3,142,80,1.78,0.34,1,0.0,0,0,0,0,0,0,0.0,0.0,0,0.0,0.0,0.0,0.0,0.0,0.0,0.0,0.0,4.12,1,0.0,1,1,1,1,1,1,0,0,0,0,0,0,0,0,0,0,0,0,0,0,0,0,0.0
Course 3,112,74,1.51,0.32,14,100.0,0,0,0,0,0,38,100.0,40.92,402,0.0,0.0,0.0,0.0,0.0,0.0,0.0,0.0,14.13,12,1130.0,3,1006,1006,1006,1006,0,372,301,333,0,0,0,0,0,0,0,0,0,0,0,0,36,0.895
Course 3,128,59,2.17,0.25,0,0.0,0,0,0,0,0,0,0.0,0.0,0,0.0,0.0,0.0,0.0,0.0,0.0,0.0,0.0,0.0,0,0.0,0,0,0,0,0,0,0,0,0,0,0,0,0,0,0,0,0,0,0,0,0,0,0.0
Course 3,215,80,2.69,0.34,8,0.0,0,0,0,0,0,0,0.0,0.0,7,0.0,0.0,0.0,0.0,0.0,0.0,0.0,0.0,5.61,3,2.0,3,15,15,15,15,5,3,7,0,0,0,0,0,0,0,0,0,0,0,0,0,0,0.27
Course 3,144,58,2.48,0.25,4,0.0,0,0,0,0,0,0,0.0,0.0,9,0.0,0.0,0.0,0.0,0.0,0.0,0.0,0.0,8.26,3,731.0,3,8,14,14,14,5,3,0,0,0,0,6,0,0,0,0,0,0,0,0,0,0,0.101
Course 3,142,82,1.73,0.35,25,100.0,0,0,0,0,0,28,100.0,28.32,357,0.0,0.0,0.0,0.0,0.0,0.0,0.0,0.0,13.18,17,1445.0,5,1043,1043,1043,1043,190,267,430,153,3,0,0,0,0,0,0,0,0,0,0,0,28,0.77
Course 3,181,83,2.18,0.35,21,100.0,0,0,0,0,0,25,100.0,16.74,385,0.0,0.0,0.0,0.0,0.0,0.0,0.0,0.0,14.87,14,1185.0,6,962,963,963,963,162,113,87,274,326,0,0,1,0,0,0,0,0,0,0,0,24,0.575
Course 3,257,109,2.36,0.47,54,100.0,0,0,0,0,0,71,100.0,44.3,1151,0.0,0.0,0.0,0.0,0.0,0.0,0.0,0.0,11.86,42,2638.0,8,2679,2804,2804,2804,247,447,338,823,725,99,57,68,0,0,0,0,0,0,0,0,70,0.849
Course 3,114,70,1.63,0.3,2,100.0,0,0,0,0,0,2,100.0,39.0,24,0.0,0.0,0.0,0.0,0.0,0.0,0.0,0.0,16.21,2,15.0,2,58,58,58,58,57,1,0,0,0,0,0,0,0,0,0,0,0,0,0,0,2,0.409
Course 3,202,83,2.43,0.35,46,100.0,0,0,0,0,0,55,100.0,27.83,662,0.0,0.0,0.0,0.0,0.0,0.0,0.0,0.0,10.03,20,2817.0,6,1639,1640,1640,1640,27,91,452,773,296,0,0,0,1,0,0,0,0,0,0,0,52,0.557
Course 3,200,103,1.94,0.44,23,100.0,0,0,0,0,0,34,100.0,35.74,393,0.0,0.0,0.0,0.0,0.0,0.0,0.0,0.0,12.97,18,1474.0,4,1120,1120,1120,1120,316,416,302,86,0,0,0,0,0,0,0,0,0,0,0,0,34,0.862
Course 3,161,75,2.15,0.32,22,100.0,0,0,0,0,0,15,100.0,46.07,212,0.0,0.0,0.0,0.0,0.0,0.0,0.0,0.0,14.53,13,1715.0,5,541,541,542,542,305,3,149,84,0,0,0,0,0,0,0,1,0,0,0,0,15,0.281
Course 3,123,78,1.58,0.33,1,0.0,0,0,0,0,0,0,0.0,0.0,0,0.0,0.0,0.0,0.0,0.0,0.0,0.0,0.0,5.52,1,0.0,1,1,1,1,1,1,0,0,0,0,0,0,0,0,0,0,0,0,0,0,0,0,0.0
Course 3,133,72,1.85,0.31,4,100.0,0,0,0,0,0,3,100.0,8.0,15,0.0,0.0,0.0,0.0,0.0,0.0,0.0,0.0,6.51,3,20.0,2,40,40,40,40,35,5,0,0,0,0,0,0,0,0,0,0,0,0,0,0,3,0.44
Course 3,216,97,2.23,0.41,58,100.0,0,0,0,0,0,40,100.0,42.0,502,0.0,0.0,0.0,0.0,0.0,0.0,0.0,0.0,10.79,26,4825.0,5,1369,1372,1372,1372,465,327,317,260,0,0,3,0,0,0,0,0,0,0,0,0,38,0.675
Course 3,153,84,1.82,0.36,30,100.0,0,0,0,0,0,34,100.0,43.22,364,0.0,0.0,0.0,0.0,0.0,0.0,0.0,0.0,10.7,20,3347.0,4,1054,1055,1055,1055,327,347,380,0,0,0,0,1,0,0,0,0,0,0,0,0,34,0.517
Course 3,172,94,1.83,0.4,25,100.0,0,0,0,0,0,32,100.0,43.0,394,0.0,0.0,0.0,0.0,0.0,0.0,0.0,0.0,15.88,19,1045.0,4,1151,1151,1152,1152,416,393,342,0,0,0,0,0,0,1,0,0,0,0,0,0,32,0.404
Course 3,148,77,1.92,0.33,2,100.0,0,0,0,0,0,4,100.0,44.28,36,0.0,0.0,0.0,0.0,0.0,0.0,0.0,0.0,16.57,2,726.0,1,100,100,100,100,100,0,0,0,0,0,0,0,0,0,0,0,0,0,0,0,4,0.909
Course 3,320,116,2.76,0.49,103,100.0,0,0,0,0,0,98,100.0,35.74,1434,0.0,0.0,0.0,0.0,0.0,0.0,0.0,0.0,14.33,53,6346.0,10,3223,3575,3576,3576,434,354,386,869,643,537,136,79,137,0,1,0,0,0,0,0,93,0.812
Course 3,106,56,1.89,0.24,0,0.0,0,0,0,0,0,0,0.0,0.0,0,0.0,0.0,0.0,0.0,0.0,0.0,0.0,0.0,0.0,0,0.0,0,0,0,0,0,0,0,0,0,0,0,0,0,0,0,0,0,0,0,0,0,0,0.0
Course 3,95,50,1.9,0.22,9,100.0,0,0,0,0,0,3,100.0,40.33,55,0.0,0.0,0.0,0.0,0.0,0.0,0.0,0.0,14.52,6,67.0,4,10,137,137,137,8,0,0,2,0,0,0,25,102,0,0,0,0,0,0,0,3,0.269
Course 3,278,98,2.84,0.42,106,100.0,0,0,0,0,0,94,100.0,38.03,1341,0.0,0.0,0.0,0.0,0.0,0.0,0.0,0.0,15.5,50,5922.0,9,2830,3170,3170,3170,337,286,309,785,654,459,123,80,137,0,0,0,0,0,0,0,92,0.849
Course 3,80,55,1.45,0.24,10,100.0,0,0,0,0,0,9,100.0,12.67,45,0.0,0.0,0.0,0.0,0.0,0.0,0.0,0.0,4.94,6,139.0,4,152,153,153,153,94,8,50,0,0,0,0,0,1,0,0,0,0,0,0,0,7,0.219
Course 3,113,63,1.79,0.27,0,0.0,0,0,0,0,0,0,0.0,0.0,0,0.0,0.0,0.0,0.0,0.0,0.0,0.0,0.0,0.0,0,0.0,0,0,0,0,0,0,0,0,0,0,0,0,0,0,0,0,0,0,0,0,0,0,0.0
Course 3,59,39,1.51,0.18,1,0.0,0,0,0,0,0,0,0.0,0.0,15,0.0,0.0,0.0,0.0,0.0,0.0,0.0,0.0,4.45,3,26.0,3,14,16,16,16,13,1,0,0,0,0,0,2,0,0,0,0,0,0,0,0,0,0.087
Course 3,213,102,2.09,0.43,67,100.0,0,0,0,0,0,79,100.0,42.54,1391,0.0,0.0,0.0,0.0,0.0,0.0,0.0,0.0,14.6,39,3439.0,9,3273,3376,3414,3414,120,302,682,930,759,480,8,95,0,38,0,0,0,0,0,0,78,0.8
Course 3,92,59,1.56,0.25,0,0.0,0,0,0,0,0,0,0.0,0.0,0,0.0,0.0,0.0,0.0,0.0,0.0,0.0,0.0,0.0,0,0.0,0,0,0,0,0,0,0,0,0,0,0,0,0,0,0,0,0,0,0,0,0,0,0.0
Course 3,130,87,1.49,0.37,18,100.0,0,0,0,0,0,31,100.0,38.23,406,0.0,0.0,0.0,0.0,0.0,0.0,0.0,0.0,14.96,12,1879.0,5,943,943,943,943,123,18,517,284,1,0,0,0,0,0,0,0,0,0,0,0,31,0.709
Course 3,128,80,1.6,0.34,18,100.0,0,0,0,0,0,32,100.0,44.42,423,0.0,0.0,0.0,0.0,0.0,0.0,0.0,0.0,15.29,14,1793.0,6,1053,1053,1058,1058,170,223,646,13,1,0,0,0,0,0,0,5,0,0,0,0,31,0.379
Course 3,164,79,2.08,0.33,6,100.0,0,0,0,0,0,8,100.0,45.25,73,0.0,0.0,0.0,0.0,0.0,0.0,0.0,0.0,15.63,5,720.0,2,188,188,189,189,188,0,0,0,0,0,0,0,0,1,0,0,0,0,0,0,8,0.177
Course 3,156,73,2.14,0.31,15,100.0,0,0,0,0,0,21,100.0,15.64,212,0.0,0.0,0.0,0.0,0.0,0.0,0.0,0.0,13.19,9,672.0,5,46,382,519,519,46,0,0,0,0,0,81,136,119,137,0,0,0,0,0,0,21,0.344
Course 3,100,55,1.82,0.24,6,100.0,0,0,0,0,0,3,100.0,28.33,47,0.0,0.0,0.0,0.0,0.0,0.0,0.0,0.0,9.88,5,68.0,4,91,91,91,91,3,0,0,37,50,1,0,0,0,0,0,0,0,0,0,0,3,0.291
Course 3,183,86,2.13,0.36,47,100.0,0,0,0,0,0,41,100.0,43.49,557,0.0,0.0,0.0,0.0,0.0,0.0,0.0,0.0,15.24,18,3305.0,5,1346,1347,1347,1347,198,217,333,598,0,0,0,1,0,0,0,0,0,0,0,0,40,0.552
Course 3,125,58,2.16,0.25,0,0.0,0,0,0,0,0,0,0.0,0.0,0,0.0,0.0,0.0,0.0,0.0,0.0,0.0,0.0,0.0,0,0.0,0,0,0,0,0,0,0,0,0,0,0,0,0,0,0,0,0,0,0,0,0,0,0.0
Course 3,137,75,1.83,0.32,8,100.0,0,0,0,0,0,7,100.0,41.36,54,0.0,0.0,0.0,0.0,0.0,0.0,0.0,0.0,14.63,4,653.0,2,141,141,141,141,61,80,0,0,0,0,0,0,0,0,0,0,0,0,0,0,6,0.659
Course 3,154,81,1.9,0.34,5,100.0,0,0,0,0,0,10,100.0,41.6,101,0.0,0.0,0.0,0.0,0.0,0.0,0.0,0.0,12.83,3,59.0,2,236,236,236,236,77,0,159,0,0,0,0,0,0,0,0,0,0,0,0,0,10,0.541
Course 3,123,55,2.24,0.24,9,0.0,0,0,0,0,0,0,0.0,0.0,7,0.0,0.0,0.0,0.0,0.0,0.0,0.0,0.0,9.44,5,483.0,5,23,24,24,24,10,1,0,6,6,0,0,0,1,0,0,0,0,0,0,0,0,0.136
Course 3,328,120,2.73,0.51,67,100.0,0,0,0,0,0,59,100.0,22.97,668,0.0,0.0,0.0,0.0,0.0,0.0,0.0,0.0,14.76,40,2000.0,10,1509,1747,1788,1788,71,266,383,489,300,0,70,77,91,40,1,0,0,0,0,0,53,0.704
Course 3,121,54,2.24,0.23,1,100.0,0,0,0,0,0,2,100.0,12.5,7,0.0,0.0,0.0,0.0,0.0,0.0,0.0,0.0,15.62,1,17.0,1,23,23,23,23,23,0,0,0,0,0,0,0,0,0,0,0,0,0,0,0,2,1.0
Course 3,135,72,1.88,0.31,7,100.0,0,0,0,0,0,3,100.0,0.0,21,0.0,0.0,0.0,0.0,0.0,0.0,0.0,0.0,11.08,4,659.0,2,59,59,59,59,24,0,35,0,0,0,0,0,0,0,0,0,0,0,0,0,3,0.354
Course 3,179,93,1.92,0.39,4,100.0,0,0,0,0,0,2,100.0,31.5,27,0.0,0.0,0.0,0.0,0.0,0.0,0.0,0.0,13.42,2,42.0,2,76,76,76,76,60,16,0,0,0,0,0,0,0,0,0,0,0,0,0,0,2,0.592
Course 3,194,92,2.11,0.39,27,100.0,0,0,0,0,0,24,100.0,33.88,286,0.0,0.0,0.0,0.0,0.0,0.0,0.0,0.0,12.98,10,968.0,3,756,756,756,756,181,114,461,0,0,0,0,0,0,0,0,0,0,0,0,0,24,0.757
Course 3,207,98,2.11,0.42,31,100.0,0,0,0,0,0,19,100.0,32.16,163,0.0,0.0,0.0,0.0,0.0,0.0,0.0,0.0,10.49,15,1545.0,3,521,521,521,521,179,281,61,0,0,0,0,0,0,0,0,0,0,0,0,0,19,0.822
Course 3,185,91,2.03,0.39,13,100.0,0,0,0,0,0,11,100.0,46.05,156,0.0,0.0,0.0,0.0,0.0,0.0,0.0,0.0,14.4,10,1516.0,5,392,396,411,411,234,5,153,0,0,0,4,0,0,15,0,0,0,0,0,0,11,0.354
Course 3,126,85,1.48,0.36,0,0.0,0,0,0,0,0,0,0.0,0.0,0,0.0,0.0,0.0,0.0,0.0,0.0,0.0,0.0,0.0,0,0.0,0,0,0,0,0,0,0,0,0,0,0,0,0,0,0,0,0,0,0,0,0,0,0.0
Course 3,179,95,1.88,0.4,15,100.0,0,0,0,0,0,28,100.0,42.84,361,0.0,0.0,0.0,0.0,0.0,0.0,0.0,0.0,15.61,14,1167.0,4,990,995,995,995,328,219,443,0,0,0,0,5,0,0,0,0,0,0,0,0,28,0.513
Course 3,325,109,2.98,0.46,55,100.0,0,0,0,0,0,25,100.0,23.2,414,0.0,0.0,0.0,0.0,0.0,0.0,0.0,0.0,15.18,33,4013.0,12,993,1026,1084,1086,7,112,417,243,212,2,31,2,0,23,5,30,2,0,0,0,24,0.586
Course 3,364,114,3.19,0.48,478,100.0,0,0,0,0,0,147,100.0,27.28,1908,0.0,0.0,0.0,0.0,0.0,0.0,0.0,0.0,9.86,83,31020.0,13,3420,4275,5011,5016,295,341,450,894,699,741,468,160,227,221,258,257,5,0,0,0,134,0.886
Course 3,95,51,1.86,0.22,50,100.0,0,0,0,0,0,41,100.0,24.67,523,0.0,0.0,0.0,0.0,0.0,0.0,0.0,0.0,14.59,28,2373.0,8,928,1300,1390,1390,143,0,3,782,0,0,160,46,166,40,50,0,0,0,0,0,39,0.612
Course 3,104,69,1.51,0.29,0,0.0,0,0,0,0,0,0,0.0,0.0,0,0.0,0.0,0.0,0.0,0.0,0.0,0.0,0.0,0.0,0,0.0,0,0,0,0,0,0,0,0,0,0,0,0,0,0,0,0,0,0,0,0,0,0,0.0
Course 3,36,18,2.0,0.09,2,100.0,0,0,0,0,0,1,100.0,26.0,7,0.0,0.0,0.0,0.0,0.0,0.0,0.0,0.0,13.69,2,26.0,2,24,25,25,25,0,0,24,0,0,0,1,0,0,0,0,0,0,0,0,0,1,0.147
Course 3,177,86,2.06,0.36,43,100.0,0,0,0,0,0,49,100.0,27.01,366,0.0,0.0,0.0,0.0,0.0,0.0,0.0,0.0,12.69,23,2045.0,8,383,383,946,949,6,318,55,0,0,4,0,0,0,178,181,204,3,0,0,0,42,0.456
Course 3,103,56,1.84,0.24,25,100.0,0,0,0,0,0,8,100.0,33.06,87,0.0,0.0,0.0,0.0,0.0,0.0,0.0,0.0,15.91,7,2312.0,3,246,247,247,247,170,76,0,0,0,0,1,0,0,0,0,0,0,0,0,0,8,0.316
Course 3,90,45,2.0,0.19,8,100.0,0,0,0,0,0,3,100.0,18.0,20,0.0,0.0,0.0,0.0,0.0,0.0,0.0,0.0,14.94,4,51.0,3,66,66,66,66,3,1,62,0,0,0,0,0,0,0,0,0,0,0,0,0,3,0.486
Course 3,28,12,2.33,0.05,0,0.0,0,0,0,0,0,0,0.0,0.0,0,0.0,0.0,0.0,0.0,0.0,0.0,0.0,0.0,0.0,0,0.0,0,0,0,0,0,0,0,0,0,0,0,0,0,0,0,0,0,0,0,0,0,0,0.0
Course 3,96,48,2.0,0.21,2,100.0,0,0,0,0,0,1,100.0,0.0,4,0.0,0.0,0.0,0.0,0.0,0.0,0.0,0.0,16.61,2,0.0,2,7,8,8,8,0,0,0,7,0,0,1,0,0,0,0,0,0,0,0,0,1,0.106
Course 3,77,41,1.88,0.18,7,100.0,0,0,0,0,0,7,100.0,21.36,141,0.0,0.0,0.0,0.0,0.0,0.0,0.0,0.0,15.7,5,235.0,4,269,303,303,303,0,72,31,166,0,0,0,34,0,0,0,0,0,0,0,0,7,0.347
Course 3,96,49,1.96,0.21,15,100.0,0,0,0,0,0,31,100.0,35.02,297,0.0,0.0,0.0,0.0,0.0,0.0,0.0,0.0,14.8,10,1742.0,4,663,663,676,676,115,274,274,0,0,0,0,0,0,0,13,0,0,0,0,0,29,0.32
Course 3,79,44,1.8,0.19,28,100.0,0,0,0,0,0,28,100.0,32.32,263,0.0,0.0,0.0,0.0,0.0,0.0,0.0,0.0,10.66,6,1041.0,3,574,574,603,603,0,286,288,0,0,0,0,0,0,0,29,0,0,0,0,0,28,0.29
Course 3,50,27,1.85,0.14,63,100.0,0,0,0,0,0,32,100.0,37.42,704,0.0,0.0,0.0,0.0,0.0,0.0,0.0,0.0,15.39,13,984.0,3,1506,1506,1506,1506,0,0,437,446,623,0,0,0,0,0,0,0,0,0,0,0,32,0.857
Course 3,56,27,2.07,0.13,10,100.0,0,0,0,0,0,5,100.0,16.2,54,0.0,0.0,0.0,0.0,0.0,0.0,0.0,0.0,13.08,3,48.0,1,117,117,117,117,0,0,117,0,0,0,0,0,0,0,0,0,0,0,0,0,5,0.885
Course 3,101,67,1.51,0.28,1,100.0,0,0,0,0,0,2,100.0,13.0,13,0.0,0.0,0.0,0.0,0.0,0.0,0.0,0.0,5.62,1,759.0,1,35,35,35,35,0,35,0,0,0,0,0,0,0,0,0,0,0,0,0,0,2,1.0
Course 3,82,43,1.91,0.18,1,0.0,0,0,0,0,0,0,0.0,0.0,0,0.0,0.0,0.0,0.0,0.0,0.0,0.0,0.0,5.33,1,0.0,1,1,1,1,1,0,1,0,0,0,0,0,0,0,0,0,0,0,0,0,0,0,0.0
Course 3,99,63,1.57,0.27,1,0.0,0,0,0,0,0,0,0.0,0.0,2,0.0,0.0,0.0,0.0,0.0,0.0,0.0,0.0,4.16,2,0.0,2,2,3,3,3,2,0,0,0,0,0,0,1,0,0,0,0,0,0,0,0,0,0.039
Course 3,78,53,1.47,0.23,14,100.0,0,0,0,0,0,29,100.0,42.7,301,0.0,0.0,0.0,0.0,0.0,0.0,0.0,0.0,14.95,11,1386.0,3,721,721,721,721,0,380,199,142,0,0,0,0,0,0,0,0,0,0,0,0,29,0.855
Course 3,42,13,3.23,0.08,0,0.0,0,0,0,0,0,0,0.0,0.0,0,0.0,0.0,0.0,0.0,0.0,0.0,0.0,0.0,0.0,0,0.0,0,0,0,0,0,0,0,0,0,0,0,0,0,0,0,0,0,0,0,0,0,0,0.0
Course 3,120,75,1.6,0.32,46,100.0,0,0,0,0,0,57,100.0,39.33,763,0.0,0.0,0.0,0.0,0.0,0.0,0.0,0.0,15.37,30,3682.0,10,1747,1757,1836,1836,5,418,447,392,481,4,9,0,1,34,45,0,0,0,0,0,55,0.682
Course 3,102,56,1.82,0.25,27,100.0,0,0,0,0,0,27,100.0,37.04,208,0.0,0.0,0.0,0.0,0.0,0.0,0.0,0.0,14.18,12,1574.0,5,425,471,570,570,38,344,43,0,0,0,0,0,46,0,99,0,0,0,0,0,26,0.35
Course 3,97,46,2.11,0.2,0,0.0,0,0,0,0,0,0,0.0,0.0,0,0.0,0.0,0.0,0.0,0.0,0.0,0.0,0.0,0.0,0,0.0,0,0,0,0,0,0,0,0,0,0,0,0,0,0,0,0,0,0,0,0,0,0,0.0
Course 3,99,63,1.57,0.28,7,100.0,0,0,0,0,0,4,100.0,38.5,36,0.0,0.0,0.0,0.0,0.0,0.0,0.0,0.0,6.14,5,43.0,4,83,83,83,83,3,67,0,8,5,0,0,0,0,0,0,0,0,0,0,0,4,0.349
Course 3,102,43,2.37,0.18,11,100.0,0,0,0,0,0,26,100.0,45.56,220,0.0,0.0,0.0,0.0,0.0,0.0,0.0,0.0,16.4,9,136.0,3,547,547,547,547,1,423,123,0,0,0,0,0,0,0,0,0,0,0,0,0,26,0.749
Course 3,151,82,1.84,0.34,314,100.0,0,0,0,0,0,27,100.0,28.62,814,0.0,0.0,0.0,0.0,0.0,0.0,0.0,0.0,14.52,27,2940.0,9,1048,1830,1833,1899,7,0,10,0,0,1031,541,224,17,1,2,0,66,0,0,0,25,0.597
Course 3,55,27,2.04,0.12,0,0.0,0,0,0,0,0,0,0.0,0.0,0,0.0,0.0,0.0,0.0,0.0,0.0,0.0,0.0,0.0,0,0.0,0,0,0,0,0,0,0,0,0,0,0,0,0,0,0,0,0,0,0,0,0,0,0.0
Course 3,90,49,1.84,0.21,18,100.0,0,0,0,0,0,31,100.0,38.95,332,0.0,0.0,0.0,0.0,0.0,0.0,0.0,0.0,15.9,11,1649.0,3,790,790,790,790,0,381,248,161,0,0,0,0,0,0,0,0,0,0,0,0,31,0.819
Course 3,44,17,2.59,0.08,0,0.0,0,0,0,0,0,0,0.0,0.0,0,0.0,0.0,0.0,0.0,0.0,0.0,0.0,0.0,0.0,0,0.0,0,0,0,0,0,0,0,0,0,0,0,0,0,0,0,0,0,0,0,0,0,0,0.0
Course 3,47,23,2.04,0.1,0,0.0,0,0,0,0,0,0,0.0,0.0,0,0.0,0.0,0.0,0.0,0.0,0.0,0.0,0.0,0.0,0,0.0,0,0,0,0,0,0,0,0,0,0,0,0,0,0,0,0,0,0,0,0,0,0,0.0
Course 3,102,57,1.79,0.25,8,100.0,0,0,0,0,0,2,100.0,42.5,21,0.0,0.0,0.0,0.0,0.0,0.0,0.0,0.0,12.8,5,702.0,3,64,64,64,64,16,0,47,0,1,0,0,0,0,0,0,0,0,0,0,0,2,0.279
Course 3,131,66,1.98,0.28,33,100.0,0,0,0,0,0,41,100.0,28.53,315,0.0,0.0,0.0,0.0,0.0,0.0,0.0,0.0,15.21,20,2295.0,10,620,625,854,854,1,328,196,89,0,6,4,1,0,88,78,63,0,0,0,0,39,0.55
Course 3,105,63,1.67,0.27,26,100.0,0,0,0,0,0,2,100.0,10.0,30,0.0,0.0,0.0,0.0,0.0,0.0,0.0,0.0,6.55,15,889.0,8,12,46,88,88,1,0,8,2,1,0,0,31,3,41,0,1,0,0,0,0,2,0.26
Course 3,161,74,2.18,0.31,16,100.0,0,0,0,0,0,28,100.0,44.88,298,0.0,0.0,0.0,0.0,0.0,0.0,0.0,0.0,16.18,13,371.0,4,746,746,746,746,219,319,205,3,0,0,0,0,0,0,0,0,0,0,0,0,28,0.813
Course 3,119,66,1.8,0.28,27,100.0,0,0,0,0,0,27,100.0,42.54,336,0.0,0.0,0.0,0.0,0.0,0.0,0.0,0.0,13.18,16,1852.0,4,838,838,838,838,362,227,248,1,0,0,0,0,0,0,0,0,0,0,0,0,27,0.779
Course 3,78,50,1.56,0.22,9,100.0,0,0,0,0,0,1,100.0,24.0,5,0.0,0.0,0.0,0.0,0.0,0.0,0.0,0.0,4.21,9,5.0,8,20,23,26,26,17,1,1,1,0,0,2,1,0,2,1,0,0,0,0,0,1,0.163
Course 3,241,100,2.41,0.42,38,100.0,0,0,0,0,0,30,100.0,18.78,470,0.0,0.0,0.0,0.0,0.0,0.0,0.0,0.0,14.04,28,3565.0,9,1048,1073,1196,1196,126,168,123,251,380,0,4,0,21,91,0,32,0,0,0,0,30,0.606
Course 3,68,33,2.06,0.15,5,100.0,0,0,0,0,0,9,100.0,21.22,82,0.0,0.0,0.0,0.0,0.0,0.0,0.0,0.0,10.59,5,180.0,2,240,240,240,240,0,113,127,0,0,0,0,0,0,0,0,0,0,0,0,0,9,0.746
Course 3,73,47,1.55,0.2,0,0.0,0,0,0,0,0,0,0.0,0.0,0,0.0,0.0,0.0,0.0,0.0,0.0,0.0,0.0,0.0,0,0.0,0,0,0,0,0,0,0,0,0,0,0,0,0,0,0,0,0,0,0,0,0,0,0.0
Course 3,103,61,1.69,0.27,2,0.0,0,0,0,0,0,0,0.0,0.0,0,0.0,0.0,0.0,0.0,0.0,0.0,0.0,0.0,5.16,2,0.0,2,1,2,2,2,1,0,0,0,0,0,0,0,1,0,0,0,0,0,0,0,0,1.0
Course 3,64,40,1.6,0.17,0,0.0,0,0,0,0,0,0,0.0,0.0,0,0.0,0.0,0.0,0.0,0.0,0.0,0.0,0.0,0.0,0,0.0,0,0,0,0,0,0,0,0,0,0,0,0,0,0,0,0,0,0,0,0,0,0,0.0
Course 3,119,60,1.98,0.25,28,100.0,0,0,0,0,0,1,100.0,29.0,15,0.0,0.0,0.0,0.0,0.0,0.0,0.0,0.0,10.1,10,44.0,5,57,57,65,65,17,25,7,0,8,0,0,0,0,0,8,0,0,0,0,0,1,0.164
Course 3,117,57,2.05,0.24,3,100.0,0,0,0,0,0,1,100.0,21.0,7,0.0,0.0,0.0,0.0,0.0,0.0,0.0,0.0,6.96,3,4.0,3,7,7,24,24,3,4,0,0,0,0,0,0,0,0,0,17,0,0,0,0,1,0.064
Course 3,234,79,2.96,0.33,24,100.0,0,0,0,0,0,46,100.0,27.58,387,0.0,0.0,0.0,0.0,0.0,0.0,0.0,0.0,14.55,23,2418.0,7,595,614,897,897,32,352,211,0,0,0,19,0,0,137,137,9,0,0,0,0,42,0.486
Course 3,175,81,2.16,0.34,26,100.0,0,0,0,0,0,30,100.0,42.32,298,0.0,0.0,0.0,0.0,0.0,0.0,0.0,0.0,13.24,15,573.0,5,700,700,700,700,111,251,330,1,0,7,0,0,0,0,0,0,0,0,0,0,30,0.633
Course 3,143,71,2.01,0.31,8,100.0,0,0,0,0,0,2,100.0,13.0,31,0.0,0.0,0.0,0.0,0.0,0.0,0.0,0.0,5.4,4,736.0,3,64,65,65,65,13,0,51,0,0,0,1,0,0,0,0,0,0,0,0,0,2,0.214
Course 3,55,22,2.5,0.1,0,0.0,0,0,0,0,0,0,0.0,0.0,0,0.0,0.0,0.0,0.0,0.0,0.0,0.0,0.0,0.0,0,0.0,0,0,0,0,0,0,0,0,0,0,0,0,0,0,0,0,0,0,0,0,0,0,0.0
Course 3,47,20,2.35,0.1,2,100.0,0,0,0,0,0,2,100.0,11.5,9,0.0,0.0,0.0,0.0,0.0,0.0,0.0,0.0,17.67,1,65.0,1,37,37,37,37,0,37,0,0,0,0,0,0,0,0,0,0,0,0,0,0,2,1.0
Course 3,100,63,1.59,0.27,6,100.0,0,0,0,0,0,1,100.0,26.0,9,0.0,0.0,0.0,0.0,0.0,0.0,0.0,0.0,5.8,4,16.0,3,26,26,26,26,3,21,2,0,0,0,0,0,0,0,0,0,0,0,0,0,1,0.317
Course 3,166,78,2.13,0.33,65,100.0,0,0,0,0,0,47,100.0,24.57,734,0.0,0.0,0.0,0.0,0.0,0.0,0.0,0.0,16.21,39,1541.0,10,728,1039,1753,1759,3,0,0,0,481,244,76,10,225,225,261,228,6,0,0,0,45,0.59
Course 3,140,77,1.82,0.33,25,100.0,0,0,0,0,0,9,100.0,5.89,77,0.0,0.0,0.0,0.0,0.0,0.0,0.0,0.0,10.19,9,1027.0,5,161,176,176,176,44,6,101,10,0,0,0,15,0,0,0,0,0,0,0,0,9,0.312
Course 3,125,68,1.84,0.29,12,100.0,0,0,0,0,0,9,100.0,38.44,158,0.0,0.0,0.0,0.0,0.0,0.0,0.0,0.0,12.69,8,144.0,6,318,350,350,350,3,119,58,137,1,0,0,32,0,0,0,0,0,0,0,0,9,0.42
Course 3,222,90,2.47,0.38,30,100.0,0,0,0,0,0,32,100.0,33.43,506,0.0,0.0,0.0,0.0,0.0,0.0,0.0,0.0,12.8,17,3707.0,6,1148,1148,1214,1214,4,80,380,680,4,0,0,0,0,0,66,0,0,0,0,0,31,0.45
Course 3,103,62,1.66,0.27,2,0.0,0,0,0,0,0,0,0.0,0.0,1,0.0,0.0,0.0,0.0,0.0,0.0,0.0,0.0,9.25,2,0.0,2,2,4,4,4,2,0,0,0,0,0,2,0,0,0,0,0,0,0,0,0,0,0.045
Course 3,48,24,2.0,0.1,0,0.0,0,0,0,0,0,0,0.0,0.0,0,0.0,0.0,0.0,0.0,0.0,0.0,0.0,0.0,0.0,0,0.0,0,0,0,0,0,0,0,0,0,0,0,0,0,0,0,0,0,0,0,0,0,0,0.0
Course 3,125,69,1.81,0.29,2,100.0,0,0,0,0,0,2,100.0,6.5,11,0.0,0.0,0.0,0.0,0.0,0.0,0.0,0.0,12.76,2,55.0,2,40,40,40,40,2,38,0,0,0,0,0,0,0,0,0,0,0,0,0,0,2,0.513
Course 3,152,77,1.97,0.34,20,100.0,0,0,0,0,0,31,100.0,40.8,317,0.0,0.0,0.0,0.0,0.0,0.0,0.0,0.0,14.41,15,659.0,4,799,799,799,799,353,206,159,81,0,0,0,0,0,0,0,0,0,0,0,0,30,0.806
Course 3,90,51,1.76,0.21,2,0.0,0,0,0,0,0,0,0.0,0.0,0,0.0,0.0,0.0,0.0,0.0,0.0,0.0,0.0,8.65,1,0.0,1,2,2,2,2,0,0,2,0,0,0,0,0,0,0,0,0,0,0,0,0,0,1.0
Course 3,132,61,2.16,0.26,40,100.0,0,0,0,0,0,13,100.0,14.31,180,0.0,0.0,0.0,0.0,0.0,0.0,0.0,0.0,8.3,11,1076.0,7,441,441,464,464,46,2,139,1,253,0,0,0,0,5,18,0,0,0,0,0,12,0.365
Course 3,114,60,1.9,0.26,30,100.0,0,0,0,0,0,25,100.0,34.15,497,0.0,0.0,0.0,0.0,0.0,0.0,0.0,0.0,10.09,19,1879.0,6,1126,1128,1128,1128,28,191,327,413,167,0,2,0,0,0,0,0,0,0,0,0,25,0.704
Course 3,124,73,1.7,0.31,46,100.0,0,0,0,0,0,28,100.0,31.46,447,0.0,0.0,0.0,0.0,0.0,0.0,0.0,0.0,16.05,20,2661.0,6,1109,1114,1114,1114,284,164,389,190,82,0,0,5,0,0,0,0,0,0,0,0,27,0.61
Course 3,238,92,2.59,0.39,47,100.0,0,0,0,0,0,54,100.0,43.27,934,0.0,0.0,0.0,0.0,0.0,0.0,0.0,0.0,15.92,30,3019.0,9,2142,2151,2157,2157,350,234,381,790,301,86,9,0,0,1,0,5,0,0,0,0,54,0.634
Course 3,50,25,2.0,0.12,11,100.0,0,0,0,0,0,3,100.0,9.67,18,0.0,0.0,0.0,0.0,0.0,0.0,0.0,0.0,10.33,3,58.0,2,32,60,60,60,32,0,0,0,0,0,28,0,0,0,0,0,0,0,0,0,3,0.15
Course 3,112,66,1.7,0.28,18,100.0,0,0,0,0,0,2,100.0,2.0,18,0.0,0.0,0.0,0.0,0.0,0.0,0.0,0.0,14.18,8,1203.0,5,15,51,55,55,3,0,12,0,0,0,34,2,0,4,0,0,0,0,0,0,2,0.173
Course 3,120,55,2.18,0.24,2,0.0,0,0,0,0,0,0,0.0,0.0,1,0.0,0.0,0.0,0.0,0.0,0.0,0.0,0.0,8.18,1,0.0,1,4,4,4,4,4,0,0,0,0,0,0,0,0,0,0,0,0,0,0,0,0,1.0
Course 3,75,31,2.42,0.13,17,100.0,0,0,0,0,0,10,100.0,33.25,73,0.0,0.0,0.0,0.0,0.0,0.0,0.0,0.0,13.86,6,828.0,2,186,186,219,219,0,0,186,0,0,0,0,0,0,33,0,0,0,0,0,0,9,0.243
Course 3,247,119,2.08,0.5,166,100.0,0,0,0,0,0,131,100.0,34.05,1579,0.0,0.0,0.0,0.0,0.0,0.0,0.0,0.0,9.75,76,10114.0,13,2823,3327,3909,3912,208,175,469,773,683,515,161,115,228,184,186,212,3,0,0,0,127,0.861
Course 3,47,24,1.96,0.1,2,0.0,0,0,0,0,0,0,0.0,0.0,1,0.0,0.0,0.0,0.0,0.0,0.0,0.0,0.0,6.09,1,0.0,1,0,0,3,3,0,0,0,0,0,0,0,0,0,0,0,3,0,0,0,0,0,1.0
Course 3,91,51,1.78,0.22,2,100.0,0,0,0,0,0,1,100.0,1.0,7,0.0,0.0,0.0,0.0,0.0,0.0,0.0,0.0,6.27,3,0.0,3,11,11,12,12,0,1,0,0,10,0,0,0,0,0,1,0,0,0,0,0,1,0.074
Course 3,42,15,2.8,0.08,13,100.0,0,0,0,0,0,12,100.0,6.92,91,0.0,0.0,0.0,0.0,0.0,0.0,0.0,0.0,12.86,2,113.0,1,173,173,173,173,0,0,173,0,0,0,0,0,0,0,0,0,0,0,0,0,12,0.868
Course 3,61,29,2.1,0.13,0,0.0,0,0,0,0,0,0,0.0,0.0,0,0.0,0.0,0.0,0.0,0.0,0.0,0.0,0.0,0.0,0,0.0,0,0,0,0,0,0,0,0,0,0,0,0,0,0,0,0,0,0,0,0,0,0,0.0
Course 3,96,56,1.71,0.25,8,100.0,0,0,0,0,0,3,100.0,9.33,68,0.0,0.0,0.0,0.0,0.0,0.0,0.0,0.0,8.64,6,114.0,3,136,136,136,136,0,20,31,85,0,0,0,0,0,0,0,0,0,0,0,0,3,0.576
Course 3,82,48,1.71,0.21,2,0.0,0,0,0,0,0,0,0.0,0.0,0,0.0,0.0,0.0,0.0,0.0,0.0,0.0,0.0,5.56,2,0.0,2,0,2,2,2,0,0,0,0,0,0,1,1,0,0,0,0,0,0,0,0,0,1.0
Course 3,15,8,1.88,0.15,0,0.0,0,0,0,0,0,0,0.0,0.0,0,0.0,0.0,0.0,0.0,0.0,0.0,0.0,0.0,0.0,0,0.0,0,0,0,0,0,0,0,0,0,0,0,0,0,0,0,0,0,0,0,0,0,0,0.0
Course 3,134,57,2.35,0.24,17,100.0,0,0,0,0,0,27,100.0,45.15,243,0.0,0.0,0.0,0.0,0.0,0.0,0.0,0.0,15.74,10,1075.0,3,608,608,608,608,153,366,89,0,0,0,0,0,0,0,0,0,0,0,0,0,24,0.789
Course 3,108,66,1.64,0.28,9,100.0,0,0,0,0,0,2,100.0,11.0,16,0.0,0.0,0.0,0.0,0.0,0.0,0.0,0.0,12.21,5,16.0,4,9,12,45,45,8,0,0,0,1,0,3,0,0,33,0,0,0,0,0,0,2,0.156
Course 3,101,60,1.68,0.25,12,100.0,0,0,0,0,0,4,100.0,31.5,57,0.0,0.0,0.0,0.0,0.0,0.0,0.0,0.0,14.56,5,99.0,4,130,130,130,137,57,0,55,18,0,0,0,0,0,0,0,0,7,0,0,0,4,0.163
Course 3,120,56,2.14,0.25,7,100.0,0,0,0,0,0,2,100.0,12.0,38,0.0,0.0,0.0,0.0,0.0,0.0,0.0,0.0,11.81,2,540.0,2,96,96,96,96,93,0,3,0,0,0,0,0,0,0,0,0,0,0,0,0,2,0.352
Course 3,103,47,2.19,0.2,8,100.0,0,0,0,0,0,5,100.0,29.0,53,0.0,0.0,0.0,0.0,0.0,0.0,0.0,0.0,15.45,5,91.0,4,96,96,130,130,32,58,6,0,0,0,0,0,0,0,34,0,0,0,0,0,5,0.167
Course 3,34,16,2.13,0.08,0,0.0,0,0,0,0,0,0,0.0,0.0,0,0.0,0.0,0.0,0.0,0.0,0.0,0.0,0.0,0.0,0,0.0,0,0,0,0,0,0,0,0,0,0,0,0,0,0,0,0,0,0,0,0,0,0,0.0
Course 3,50,28,1.79,0.13,4,100.0,0,0,0,0,0,1,100.0,0.0,4,0.0,0.0,0.0,0.0,0.0,0.0,0.0,0.0,5.32,1,37.0,1,11,11,11,11,0,0,0,11,0,0,0,0,0,0,0,0,0,0,0,0,1,1.0
Course 3,61,36,1.69,0.18,25,100.0,0,0,0,0,0,14,100.0,22.64,172,0.0,0.0,0.0,0.0,0.0,0.0,0.0,0.0,12.97,13,1071.0,5,194,465,466,466,0,0,0,0,194,0,208,7,56,1,0,0,0,0,0,0,14,0.602
Course 3,59,38,1.55,0.16,13,100.0,0,0,0,0,0,14,100.0,13.71,212,0.0,0.0,0.0,0.0,0.0,0.0,0.0,0.0,16.68,12,199.0,4,505,505,505,505,58,0,68,52,327,0,0,0,0,0,0,0,0,0,0,0,14,0.638
Course 3,164,87,1.89,0.37,9,100.0,0,0,0,0,0,2,100.0,45.58,49,0.0,0.0,0.0,0.0,0.0,0.0,0.0,0.0,13.76,4,61.0,2,121,121,121,121,12,0,0,0,109,0,0,0,0,0,0,0,0,0,0,0,2,0.282
Course 3,91,35,2.6,0.16,3,100.0,0,0,0,0,0,6,100.0,43.33,137,0.0,0.0,0.0,0.0,0.0,0.0,0.0,0.0,13.69,1,160.0,1,298,298,298,298,0,0,0,298,0,0,0,0,0,0,0,0,0,0,0,0,6,1.0
Course 3,44,29,1.52,0.13,0,0.0,0,0,0,0,0,0,0.0,0.0,0,0.0,0.0,0.0,0.0,0.0,0.0,0.0,0.0,0.0,0,0.0,0,0,0,0,0,0,0,0,0,0,0,0,0,0,0,0,0,0,0,0,0,0,0.0
Course 3,161,77,2.09,0.33,44,100.0,0,0,0,0,0,32,100.0,25.64,448,0.0,0.0,0.0,0.0,0.0,0.0,0.0,0.0,12.49,25,3633.0,8,857,1115,1118,1118,0,77,167,130,483,0,149,40,69,0,3,0,0,0,0,0,30,0.646
Course 3,224,110,2.04,0.46,151,100.0,0,0,0,0,0,112,100.0,28.32,1791,0.0,0.0,0.0,0.0,0.0,0.0,0.0,0.0,13.23,69,19065.0,13,2882,3638,4467,4470,185,337,455,769,799,337,138,222,396,329,269,231,3,0,0,0,109,0.863
Course 3,148,76,1.95,0.34,47,100.0,0,0,0,0,0,31,100.0,32.61,613,0.0,0.0,0.0,0.0,0.0,0.0,0.0,0.0,9.54,22,2727.0,7,1344,1383,1383,1383,6,194,180,124,840,0,0,36,3,0,0,0,0,0,0,0,30,0.621
Course 3,146,81,1.8,0.34,43,100.0,0,0,0,0,0,48,100.0,38.19,583,0.0,0.0,0.0,0.0,0.0,0.0,0.0,0.0,12.33,28,3613.0,9,1135,1255,1342,1342,55,275,237,4,564,0,6,114,0,12,75,0,0,0,0,0,47,0.613
Course 3,45,16,2.81,0.08,0,0.0,0,0,0,0,0,0,0.0,0.0,0,0.0,0.0,0.0,0.0,0.0,0.0,0.0,0.0,0.0,0,0.0,0,0,0,0,0,0,0,0,0,0,0,0,0,0,0,0,0,0,0,0,0,0,0.0
Course 3,143,83,1.72,0.35,4,100.0,0,0,0,0,0,12,100.0,21.53,137,0.0,0.0,0.0,0.0,0.0,0.0,0.0,0.0,15.26,8,349.0,6,239,332,378,378,2,0,0,0,237,0,50,0,43,2,0,44,0,0,0,0,11,0.331
Course 3,157,83,1.89,0.36,38,100.0,0,0,0,0,0,35,100.0,31.98,508,0.0,0.0,0.0,0.0,0.0,0.0,0.0,0.0,13.08,23,2206.0,8,1123,1126,1161,1161,21,156,214,145,581,6,3,0,0,35,0,0,0,0,0,0,35,0.607
Course 3,182,84,2.17,0.36,26,100.0,0,0,0,0,0,15,100.0,39.57,331,0.0,0.0,0.0,0.0,0.0,0.0,0.0,0.0,13.79,19,2266.0,8,702,717,721,721,74,0,0,0,623,5,5,7,3,1,0,3,0,0,0,0,15,0.475
Course 3,48,25,1.92,0.11,2,100.0,0,0,0,0,0,2,100.0,28.08,54,0.0,0.0,0.0,0.0,0.0,0.0,0.0,0.0,15.19,2,38.0,2,120,121,121,121,0,0,0,0,120,0,1,0,0,0,0,0,0,0,0,0,2,0.44
Course 3,100,48,2.08,0.2,23,100.0,0,0,0,0,0,10,100.0,41.42,242,0.0,0.0,0.0,0.0,0.0,0.0,0.0,0.0,12.6,9,278.0,4,562,564,564,564,85,0,2,0,475,0,0,2,0,0,0,0,0,0,0,0,10,0.479
Course 3,90,49,1.84,0.21,4,0.0,0,0,0,0,0,0,0.0,0.0,0,0.0,0.0,0.0,0.0,0.0,0.0,0.0,0.0,13.88,4,0.0,3,4,4,4,4,1,0,0,0,2,1,0,0,0,0,0,0,0,0,0,0,0,0.095
Course 3,58,27,2.15,0.37,0,0.0,0,0,0,0,0,0,0.0,0.0,0,0.0,0.0,0.0,0.0,0.0,0.0,0.0,0.0,0.0,0,0.0,0,0,0,0,0,0,0,0,0,0,0,0,0,0,0,0,0,0,0,0,0,0,0.0
Course 3,45,28,1.61,0.12,1,0.0,0,0,0,0,0,0,0.0,0.0,0,0.0,0.0,0.0,0.0,0.0,0.0,0.0,0.0,16.53,1,0.0,1,1,1,1,1,0,0,0,0,1,0,0,0,0,0,0,0,0,0,0,0,0,0.0
Course 3,186,96,1.94,0.4,57,100.0,0,0,0,0,0,54,100.0,33.21,772,0.0,0.0,0.0,0.0,0.0,0.0,0.0,0.0,12.59,41,6646.0,13,1443,1688,1883,1884,136,228,368,25,685,1,74,134,37,64,17,114,1,0,0,0,54,0.73
Course 3,57,33,1.73,0.15,5,100.0,0,0,0,0,0,2,100.0,31.0,53,0.0,0.0,0.0,0.0,0.0,0.0,0.0,0.0,15.9,3,33.0,3,112,118,118,118,0,0,0,1,111,0,6,0,0,0,0,0,0,0,0,0,2,0.408
Course 3,65,36,1.81,0.16,2,0.0,0,0,0,0,0,0,0.0,0.0,4,0.0,0.0,0.0,0.0,0.0,0.0,0.0,0.0,3.32,1,0.0,1,6,6,6,6,0,0,0,0,6,0,0,0,0,0,0,0,0,0,0,0,0,1.0
Course 3,44,21,2.1,0.11,0,0.0,0,0,0,0,0,0,0.0,0.0,0,0.0,0.0,0.0,0.0,0.0,0.0,0.0,0.0,0.0,0,0.0,0,0,0,0,0,0,0,0,0,0,0,0,0,0,0,0,0,0,0,0,0,0,0.0
Course 3,81,38,2.13,0.16,2,100.0,0,0,0,0,0,4,100.0,18.25,122,0.0,0.0,0.0,0.0,0.0,0.0,0.0,0.0,12.39,3,75.0,1,265,265,265,265,0,0,0,0,265,0,0,0,0,0,0,0,0,0,0,0,4,0.879
Course 3,244,106,2.3,0.45,328,100.0,0,0,0,0,0,109,100.0,35.3,1791,0.0,0.0,0.0,0.0,0.0,0.0,0.0,0.0,12.69,64,15892.0,12,3379,3832,4301,4301,410,478,560,1005,808,118,272,105,76,84,246,139,0,0,0,0,104,0.847
Course 3,89,51,1.75,0.26,6,100.0,0,0,0,0,0,6,100.0,40.36,137,0.0,0.0,0.0,0.0,0.0,0.0,0.0,0.0,17.01,6,114.0,3,331,331,331,331,68,0,0,1,262,0,0,0,0,0,0,0,0,0,0,0,6,0.508
Course 3,81,43,1.88,0.19,4,100.0,0,0,0,0,0,4,100.0,21.0,80,0.0,0.0,0.0,0.0,0.0,0.0,0.0,0.0,17.53,3,53.0,2,190,190,190,190,0,0,0,0,189,1,0,0,0,0,0,0,0,0,0,0,4,0.631
Course 3,121,69,1.75,0.29,22,100.0,0,0,0,0,0,33,100.0,36.46,398,0.0,0.0,0.0,0.0,0.0,0.0,0.0,0.0,10.73,14,832.0,6,881,882,882,882,9,178,499,7,188,0,0,1,0,0,0,0,0,0,0,0,33,0.537
Course 3,70,41,1.71,0.18,7,100.0,0,0,0,0,0,5,100.0,41.07,131,0.0,0.0,0.0,0.0,0.0,0.0,0.0,0.0,16.22,4,66.0,2,288,288,288,288,0,1,0,0,287,0,0,0,0,0,0,0,0,0,0,0,5,0.496
Course 3,60,32,1.88,0.13,1,0.0,0,0,0,0,0,0,0.0,0.0,0,0.0,0.0,0.0,0.0,0.0,0.0,0.0,0.0,12.78,1,0.0,1,1,1,1,1,0,0,0,0,1,0,0,0,0,0,0,0,0,0,0,0,0,0.0
Course 3,127,74,1.72,0.31,18,100.0,0,0,0,0,0,34,100.0,44.97,536,0.0,0.0,0.0,0.0,0.0,0.0,0.0,0.0,12.67,11,1144.0,5,1179,1221,1221,1221,0,75,520,1,583,0,0,42,0,0,0,0,0,0,0,0,34,0.655
Course 3,155,76,2.04,0.32,49,100.0,0,0,0,0,0,19,100.0,31.94,335,0.0,0.0,0.0,0.0,0.0,0.0,0.0,0.0,9.71,16,1722.0,8,751,819,819,819,45,165,161,104,276,0,2,22,44,0,0,0,0,0,0,0,19,0.584
Course 3,68,40,1.7,0.18,5,100.0,0,0,0,0,0,4,100.0,47.79,96,0.0,0.0,0.0,0.0,0.0,0.0,0.0,0.0,13.14,2,539.0,1,219,219,219,219,0,0,0,0,219,0,0,0,0,0,0,0,0,0,0,0,4,0.937
Course 3,211,92,2.29,0.39,28,100.0,0,0,0,0,0,19,100.0,6.76,232,0.0,0.0,0.0,0.0,0.0,0.0,0.0,0.0,10.95,16,112.0,7,468,540,540,540,32,77,1,5,353,0,38,34,0,0,0,0,0,0,0,0,19,0.55
Course 3,107,61,1.75,0.28,19,100.0,0,0,0,0,0,12,100.0,28.25,231,0.0,0.0,0.0,0.0,0.0,0.0,0.0,0.0,12.32,10,1165.0,4,569,570,570,570,0,0,90,10,469,0,1,0,0,0,0,0,0,0,0,0,12,0.649
Course 3,141,76,1.86,0.32,12,100.0,0,0,0,0,0,12,100.0,35.75,178,0.0,0.0,0.0,0.0,0.0,0.0,0.0,0.0,13.73,12,1600.0,6,280,390,390,390,79,77,0,6,118,0,89,21,0,0,0,0,0,0,0,0,12,0.495
Course 3,29,14,2.07,0.07,0,0.0,0,0,0,0,0,0,0.0,0.0,0,0.0,0.0,0.0,0.0,0.0,0.0,0.0,0.0,0.0,0,0.0,0,0,0,0,0,0,0,0,0,0,0,0,0,0,0,0,0,0,0,0,0,0,0.0
Course 3,83,53,1.57,0.24,23,100.0,0,0,0,0,0,33,100.0,43.48,418,0.0,0.0,0.0,0.0,0.0,0.0,0.0,0.0,11.41,16,815.0,6,953,953,953,953,52,322,228,83,267,1,0,0,0,0,0,0,0,0,0,0,33,0.729
Course 3,44,26,1.69,0.13,3,0.0,0,0,0,0,0,0,0.0,0.0,0,0.0,0.0,0.0,0.0,0.0,0.0,0.0,0.0,6.02,1,0.0,1,0,3,3,3,0,0,0,0,0,0,3,0,0,0,0,0,0,0,0,0,0,1.0
Course 3,96,59,1.63,0.27,30,100.0,0,0,0,0,0,21,100.0,36.15,324,0.0,0.0,0.0,0.0,0.0,0.0,0.0,0.0,10.01,15,1271.0,5,711,711,711,711,10,174,67,21,439,0,0,0,0,0,0,0,0,0,0,0,20,0.732
Course 3,48,27,1.78,0.11,2,100.0,0,0,0,0,0,1,100.0,28.0,7,0.0,0.0,0.0,0.0,0.0,0.0,0.0,0.0,8.27,2,5.0,2,19,19,19,19,0,1,18,0,0,0,0,0,0,0,0,0,0,0,0,0,1,0.522
Course 3,76,52,1.46,0.25,22,100.0,0,0,0,0,0,13,100.0,34.1,230,0.0,0.0,0.0,0.0,0.0,0.0,0.0,0.0,11.8,9,795.0,5,493,505,505,505,11,16,0,0,466,0,9,3,0,0,0,0,0,0,0,0,12,0.462
Course 3,90,50,1.8,0.21,8,100.0,0,0,0,0,0,4,100.0,21.29,84,0.0,0.0,0.0,0.0,0.0,0.0,0.0,0.0,16.76,4,104.0,2,208,208,208,208,0,0,1,0,207,0,0,0,0,0,0,0,0,0,0,0,4,0.506
Course 3,98,53,1.85,0.23,33,100.0,0,0,0,0,0,10,100.0,47.65,216,0.0,0.0,0.0,0.0,0.0,0.0,0.0,0.0,16.43,16,934.0,4,478,489,495,495,0,0,0,0,478,0,6,0,5,6,0,0,0,0,0,0,10,0.582
Course 3,245,109,2.25,0.46,149,100.0,0,0,0,0,0,66,100.0,25.32,999,0.0,0.0,0.0,0.0,0.0,0.0,0.0,0.0,13.93,53,17727.0,13,1443,2123,2360,2363,265,184,197,344,444,9,164,15,501,233,2,2,3,0,0,0,66,0.779
Course 3,54,25,2.16,0.11,0,0.0,0,0,0,0,0,0,0.0,0.0,0,0.0,0.0,0.0,0.0,0.0,0.0,0.0,0.0,0.0,0,0.0,0,0,0,0,0,0,0,0,0,0,0,0,0,0,0,0,0,0,0,0,0,0,0.0
Course 3,155,81,1.91,0.34,48,100.0,0,0,0,0,0,51,100.0,13.92,752,0.0,0.0,0.0,0.0,0.0,0.0,0.0,0.0,12.65,26,6065.0,10,1284,1574,1628,1628,108,149,97,209,721,0,12,16,262,47,7,0,0,0,0,0,46,0.679
Course 3,93,46,2.02,0.19,17,100.0,0,0,0,0,0,13,100.0,24.23,157,0.0,0.0,0.0,0.0,0.0,0.0,0.0,0.0,14.21,8,619.0,3,194,384,384,384,0,0,0,0,194,0,188,2,0,0,0,0,0,0,0,0,12,0.613
Course 3,160,80,2.0,0.34,33,100.0,0,0,0,0,0,22,100.0,21.49,276,0.0,0.0,0.0,0.0,0.0,0.0,0.0,0.0,9.95,14,2573.0,7,490,719,719,719,8,62,0,2,313,105,140,89,0,0,0,0,0,0,0,0,22,0.583
Course 3,159,89,1.79,0.38,18,100.0,0,0,0,0,0,24,100.0,36.74,310,0.0,0.0,0.0,0.0,0.0,0.0,0.0,0.0,11.16,14,807.0,7,648,682,726,726,0,143,277,5,223,0,2,32,0,0,0,44,0,0,0,0,24,0.424
Course 3,224,95,2.36,0.4,23,100.0,0,0,0,0,0,16,100.0,47.46,197,0.0,0.0,0.0,0.0,0.0,0.0,0.0,0.0,13.81,13,1448.0,6,472,476,477,477,219,50,1,0,202,0,0,4,0,1,0,0,0,0,0,0,16,0.412
Course 3,40,21,1.9,0.1,5,100.0,0,0,0,0,0,1,100.0,7.0,14,0.0,0.0,0.0,0.0,0.0,0.0,0.0,0.0,8.69,2,7.0,2,32,32,32,32,0,0,31,0,1,0,0,0,0,0,0,0,0,0,0,0,1,0.261
Course 3,175,84,2.08,0.36,22,100.0,0,0,0,0,0,30,100.0,39.71,469,0.0,0.0,0.0,0.0,0.0,0.0,0.0,0.0,10.71,16,1490.0,6,1093,1096,1096,1096,66,141,139,252,495,0,0,3,0,0,0,0,0,0,0,0,29,0.612
Course 3,117,73,1.6,0.31,14,100.0,0,0,0,0,0,10,100.0,34.6,116,0.0,0.0,0.0,0.0,0.0,0.0,0.0,0.0,6.87,6,140.0,4,290,290,290,290,7,106,161,0,16,0,0,0,0,0,0,0,0,0,0,0,10,0.525
Course 3,101,48,2.1,0.2,6,100.0,0,0,0,0,0,4,100.0,45.33,109,0.0,0.0,0.0,0.0,0.0,0.0,0.0,0.0,15.94,5,244.0,4,232,232,232,232,0,5,4,2,221,0,0,0,0,0,0,0,0,0,0,0,4,0.568
Course 3,45,25,1.8,0.13,3,100.0,0,0,0,0,0,2,100.0,41.08,53,0.0,0.0,0.0,0.0,0.0,0.0,0.0,0.0,17.08,1,33.0,1,125,125,125,125,0,0,0,0,125,0,0,0,0,0,0,0,0,0,0,0,2,1.0
Course 3,64,39,1.64,0.17,2,0.0,0,0,0,0,0,0,0.0,0.0,0,0.0,0.0,0.0,0.0,0.0,0.0,0.0,0.0,3.74,2,0.0,2,1,2,2,2,0,0,1,0,0,0,1,0,0,0,0,0,0,0,0,0,0,1.0
Course 3,265,90,2.94,0.38,58,100.0,0,0,0,0,0,76,100.0,25.75,760,0.0,0.0,0.0,0.0,0.0,0.0,0.0,0.0,8.31,32,2803.0,11,1199,1399,1778,1778,0,120,469,86,523,1,7,109,84,100,106,173,0,0,0,0,73,0.703
Course 3,177,89,1.99,0.38,35,100.0,0,0,0,0,0,39,100.0,33.45,523,0.0,0.0,0.0,0.0,0.0,0.0,0.0,0.0,9.68,29,364.0,13,994,1103,1251,1253,41,129,134,14,586,90,7,55,47,1,43,104,2,0,0,0,39,0.643
Course 3,120,62,1.94,0.26,5,100.0,0,0,0,0,0,8,100.0,47.67,173,0.0,0.0,0.0,0.0,0.0,0.0,0.0,0.0,16.21,4,247.0,1,402,402,402,402,0,0,0,0,402,0,0,0,0,0,0,0,0,0,0,0,8,0.921
Course 3,120,67,1.79,0.28,28,100.0,0,0,0,0,0,15,100.0,46.06,244,0.0,0.0,0.0,0.0,0.0,0.0,0.0,0.0,12.52,13,869.0,6,560,595,595,595,59,93,0,0,408,0,3,12,20,0,0,0,0,0,0,0,15,0.501
Course 3,68,38,1.79,0.18,35,100.0,0,0,0,0,0,12,100.0,22.74,159,0.0,0.0,0.0,0.0,0.0,0.0,0.0,0.0,13.23,10,1051.0,5,344,403,403,403,1,0,73,58,212,0,0,0,59,0,0,0,0,0,0,0,12,0.41
Course 3,49,32,1.53,0.16,8,100.0,0,0,0,0,0,7,100.0,14.86,186,0.0,0.0,0.0,0.0,0.0,0.0,0.0,0.0,12.56,5,118.0,2,431,431,431,431,0,0,0,0,430,1,0,0,0,0,0,0,0,0,0,0,7,0.857
Course 3,128,62,2.06,0.26,10,100.0,0,0,0,0,0,9,100.0,26.8,127,0.0,0.0,0.0,0.0,0.0,0.0,0.0,0.0,9.91,4,467.0,3,219,294,294,294,0,0,0,3,216,0,0,75,0,0,0,0,0,0,0,0,7,0.443
Course 3,122,74,1.65,0.31,46,100.0,0,0,0,0,0,36,100.0,32.96,458,0.0,0.0,0.0,0.0,0.0,0.0,0.0,0.0,10.04,24,1130.0,11,889,983,1043,1043,60,293,154,1,380,1,25,35,34,20,40,0,0,0,0,0,35,0.654
Course 3,125,68,1.84,0.29,10,100.0,0,0,0,0,0,5,100.0,1.4,34,0.0,0.0,0.0,0.0,0.0,0.0,0.0,0.0,14.04,5,83.0,4,54,91,91,91,0,0,2,1,51,0,0,0,37,0,0,0,0,0,0,0,5,0.229
Course 3,56,29,1.93,0.15,2,100.0,0,0,0,0,0,2,100.0,11.5,45,0.0,0.0,0.0,0.0,0.0,0.0,0.0,0.0,18.0,1,37.0,1,104,104,104,104,0,0,0,0,104,0,0,0,0,0,0,0,0,0,0,0,2,1.0
Course 3,176,95,1.85,0.41,7,100.0,0,0,0,0,0,1,100.0,24.0,9,0.0,0.0,0.0,0.0,0.0,0.0,0.0,0.0,4.44,4,18.0,4,33,34,34,34,4,28,0,1,0,0,1,0,0,0,0,0,0,0,0,0,1,0.187
Course 3,61,37,1.65,0.17,14,100.0,0,0,0,0,0,9,100.0,39.87,173,0.0,0.0,0.0,0.0,0.0,0.0,0.0,0.0,15.64,5,463.0,3,408,408,408,408,8,0,89,0,311,0,0,0,0,0,0,0,0,0,0,0,9,0.541
Course 3,277,118,2.35,0.5,228,100.0,0,0,0,0,0,96,100.0,31.37,2073,0.0,0.0,0.0,0.0,0.0,0.0,0.0,0.0,9.75,68,17621.0,12,3786,4501,4649,4649,398,499,486,933,1038,432,361,119,235,94,11,43,0,0,0,0,95,0.854
Course 3,233,97,2.4,0.41,34,100.0,0,0,0,0,0,23,100.0,32.67,406,0.0,0.0,0.0,0.0,0.0,0.0,0.0,0.0,15.55,19,2278.0,8,986,1040,1040,1040,233,23,97,1,592,40,0,6,48,0,0,0,0,0,0,0,23,0.631
Course 3,55,36,1.53,0.16,6,100.0,0,0,0,0,0,4,100.0,10.5,18,0.0,0.0,0.0,0.0,0.0,0.0,0.0,0.0,8.39,2,418.0,2,29,29,58,58,29,0,0,0,0,0,0,0,0,0,29,0,0,0,0,0,4,0.103
Course 3,112,58,1.93,0.25,21,100.0,0,0,0,0,0,10,100.0,46.57,199,0.0,0.0,0.0,0.0,0.0,0.0,0.0,0.0,13.67,11,655.0,7,472,476,476,476,6,6,123,2,332,3,0,4,0,0,0,0,0,0,0,0,10,0.526
Course 3,124,62,2.0,0.26,13,100.0,0,0,0,0,0,4,100.0,32.75,53,0.0,0.0,0.0,0.0,0.0,0.0,0.0,0.0,6.39,6,591.0,3,119,119,119,119,0,61,56,2,0,0,0,0,0,0,0,0,0,0,0,0,4,0.636
Course 3,95,53,1.79,0.23,8,100.0,0,0,0,0,0,3,100.0,10.0,42,0.0,0.0,0.0,0.0,0.0,0.0,0.0,0.0,14.29,6,10.0,4,90,90,94,94,11,1,0,0,78,0,0,0,0,0,0,4,0,0,0,0,3,0.152
Course 3,59,26,2.27,0.11,1,0.0,0,0,0,0,0,0,0.0,0.0,0,0.0,0.0,0.0,0.0,0.0,0.0,0.0,0.0,3.38,1,0.0,1,1,1,1,1,0,0,0,1,0,0,0,0,0,0,0,0,0,0,0,0,0,0.0
Course 3,102,61,1.67,0.26,16,100.0,0,0,0,0,0,32,100.0,28.07,461,0.0,0.0,0.0,0.0,0.0,0.0,0.0,0.0,14.38,20,484.0,8,914,1156,1162,1162,0,0,9,504,401,0,177,2,63,5,1,0,0,0,0,0,30,0.667
Course 3,100,55,1.82,0.24,2,100.0,0,0,0,0,0,2,100.0,10.0,39,0.0,0.0,0.0,0.0,0.0,0.0,0.0,0.0,4.51,1,62.0,1,95,95,95,95,0,0,0,95,0,0,0,0,0,0,0,0,0,0,0,0,2,1.0
Course 3,79,35,2.26,0.18,1,100.0,0,0,0,0,0,2,100.0,4.5,37,0.0,0.0,0.0,0.0,0.0,0.0,0.0,0.0,13.81,1,8.0,1,84,84,84,84,0,0,0,0,84,0,0,0,0,0,0,0,0,0,0,0,2,1.0
Course 3,21,8,2.63,0.05,0,0.0,0,0,0,0,0,0,0.0,0.0,0,0.0,0.0,0.0,0.0,0.0,0.0,0.0,0.0,0.0,0,0.0,0,0,0,0,0,0,0,0,0,0,0,0,0,0,0,0,0,0,0,0,0,0,0.0
Course 3,113,71,1.59,0.31,19,100.0,0,0,0,0,0,21,100.0,29.29,182,0.0,0.0,0.0,0.0,0.0,0.0,0.0,0.0,13.86,15,391.0,7,258,303,454,454,130,47,0,0,81,0,5,40,0,106,45,0,0,0,0,0,19,0.44
Course 3,123,48,2.56,0.21,13,100.0,0,0,0,0,0,7,100.0,9.07,31,0.0,0.0,0.0,0.0,0.0,0.0,0.0,0.0,6.94,5,88.0,4,24,24,105,105,23,0,0,1,0,0,0,0,0,3,0,78,0,0,0,0,6,0.168
Course 3,74,41,1.8,0.19,6,100.0,0,0,0,0,0,1,100.0,3.0,26,0.0,0.0,0.0,0.0,0.0,0.0,0.0,0.0,8.24,4,9.0,3,42,42,42,42,1,1,0,40,0,0,0,0,0,0,0,0,0,0,0,0,1,0.325
Course 3,105,56,1.88,0.24,37,100.0,0,0,0,0,0,29,100.0,35.63,681,0.0,0.0,0.0,0.0,0.0,0.0,0.0,0.0,11.75,22,3683.0,6,1510,1516,1516,1516,0,1,162,825,515,7,6,0,0,0,0,0,0,0,0,0,29,0.792
Course 3,95,30,3.17,0.13,0,0.0,0,0,0,0,0,0,0.0,0.0,0,0.0,0.0,0.0,0.0,0.0,0.0,0.0,0.0,0.0,0,0.0,0,0,0,0,0,0,0,0,0,0,0,0,0,0,0,0,0,0,0,0,0,0,0.0
Course 3,111,48,2.31,0.21,5,0.0,0,0,0,0,0,0,0.0,0.0,4,0.0,0.0,0.0,0.0,0.0,0.0,0.0,0.0,5.63,1,1.0,1,11,11,11,11,0,0,11,0,0,0,0,0,0,0,0,0,0,0,0,0,0,1.0
Course 3,43,25,1.72,0.11,1,100.0,0,0,0,0,0,1,100.0,0.0,13,0.0,0.0,0.0,0.0,0.0,0.0,0.0,0.0,14.9,1,211.0,1,24,24,24,24,24,0,0,0,0,0,0,0,0,0,0,0,0,0,0,0,1,1.0
Course 3,62,33,1.88,0.15,0,0.0,0,0,0,0,0,0,0.0,0.0,0,0.0,0.0,0.0,0.0,0.0,0.0,0.0,0.0,0.0,0,0.0,0,0,0,0,0,0,0,0,0,0,0,0,0,0,0,0,0,0,0,0,0,0,0.0
Course 3,77,21,3.67,0.11,0,0.0,0,0,0,0,0,0,0.0,0.0,0,0.0,0.0,0.0,0.0,0.0,0.0,0.0,0.0,0.0,0,0.0,0,0,0,0,0,0,0,0,0,0,0,0,0,0,0,0,0,0,0,0,0,0,0.0
Course 3,102,57,1.79,0.25,6,100.0,0,0,0,0,0,2,100.0,16.5,41,0.0,0.0,0.0,0.0,0.0,0.0,0.0,0.0,11.05,6,9.0,6,63,67,69,69,1,54,3,5,0,0,4,0,0,0,2,0,0,0,0,0,2,0.174
Course 3,125,62,2.02,0.27,7,100.0,0,0,0,0,0,2,100.0,26.0,172,0.0,0.0,0.0,0.0,0.0,0.0,0.0,0.0,7.6,5,56.0,4,356,356,356,356,2,0,1,141,212,0,0,0,0,0,0,0,0,0,0,0,2,0.538
Course 3,95,43,2.21,0.2,0,0.0,0,0,0,0,0,0,0.0,0.0,0,0.0,0.0,0.0,0.0,0.0,0.0,0.0,0.0,0.0,0,0.0,0,0,0,0,0,0,0,0,0,0,0,0,0,0,0,0,0,0,0,0,0,0,0.0
Course 3,46,18,2.56,0.11,0,0.0,0,0,0,0,0,0,0.0,0.0,0,0.0,0.0,0.0,0.0,0.0,0.0,0.0,0.0,0.0,0,0.0,0,0,0,0,0,0,0,0,0,0,0,0,0,0,0,0,0,0,0,0,0,0,0.0
Course 3,69,33,2.09,0.17,1,0.0,0,0,0,0,0,0,0.0,0.0,0,0.0,0.0,0.0,0.0,0.0,0.0,0.0,0.0,3.18,1,0.0,1,1,1,1,1,0,0,0,0,1,0,0,0,0,0,0,0,0,0,0,0,0,0.0
Course 3,47,33,1.42,0.17,1,0.0,0,0,0,0,0,0,0.0,0.0,1,0.0,0.0,0.0,0.0,0.0,0.0,0.0,0.0,6.37,2,0.0,2,2,2,2,2,1,0,1,0,0,0,0,0,0,0,0,0,0,0,0,0,0,1.0
Course 3,72,37,1.95,0.16,0,0.0,0,0,0,0,0,0,0.0,0.0,0,0.0,0.0,0.0,0.0,0.0,0.0,0.0,0.0,0.0,0,0.0,0,0,0,0,0,0,0,0,0,0,0,0,0,0,0,0,0,0,0,0,0,0,0.0
Course 3,76,39,1.95,0.17,3,100.0,0,0,0,0,0,2,100.0,11.0,50,0.0,0.0,0.0,0.0,0.0,0.0,0.0,0.0,3.71,3,35.0,2,110,110,110,110,0,0,1,109,0,0,0,0,0,0,0,0,0,0,0,0,2,0.661
Course 3,211,110,1.92,0.5,10,100.0,0,0,0,0,0,10,100.0,2.5,44,0.0,0.0,0.0,0.0,0.0,0.0,0.0,0.0,5.03,6,404.0,4,120,120,120,120,50,18,7,0,45,0,0,0,0,0,0,0,0,0,0,0,9,0.371
Course 3,97,53,1.83,0.23,0,0.0,0,0,0,0,0,0,0.0,0.0,0,0.0,0.0,0.0,0.0,0.0,0.0,0.0,0.0,0.0,0,0.0,0,0,0,0,0,0,0,0,0,0,0,0,0,0,0,0,0,0,0,0,0,0,0.0
Course 3,61,25,2.44,0.17,0,0.0,0,0,0,0,0,0,0.0,0.0,0,0.0,0.0,0.0,0.0,0.0,0.0,0.0,0.0,0.0,0,0.0,0,0,0,0,0,0,0,0,0,0,0,0,0,0,0,0,0,0,0,0,0,0,0.0
Course 3,32,20,1.6,0.09,0,0.0,0,0,0,0,0,0,0.0,0.0,0,0.0,0.0,0.0,0.0,0.0,0.0,0.0,0.0,0.0,0,0.0,0,0,0,0,0,0,0,0,0,0,0,0,0,0,0,0,0,0,0,0,0,0,0.0
Course 3,38,17,2.24,0.24,0,0.0,0,0,0,0,0,0,0.0,0.0,0,0.0,0.0,0.0,0.0,0.0,0.0,0.0,0.0,0.0,0,0.0,0,0,0,0,0,0,0,0,0,0,0,0,0,0,0,0,0,0,0,0,0,0,0.0
Course 3,34,20,1.7,0.13,0,0.0,0,0,0,0,0,0,0.0,0.0,0,0.0,0.0,0.0,0.0,0.0,0.0,0.0,0.0,0.0,0,0.0,0,0,0,0,0,0,0,0,0,0,0,0,0,0,0,0,0,0,0,0,0,0,0.0
Course 3,125,62,2.02,0.27,10,100.0,0,0,0,0,0,5,100.0,4.6,52,0.0,0.0,0.0,0.0,0.0,0.0,0.0,0.0,4.55,5,16.0,3,106,106,112,112,3,0,0,103,0,0,0,0,0,0,0,6,0,0,0,0,5,0.155
Course 3,81,32,2.53,0.16,0,0.0,0,0,0,0,0,0,0.0,0.0,0,0.0,0.0,0.0,0.0,0.0,0.0,0.0,0.0,0.0,0,0.0,0,0,0,0,0,0,0,0,0,0,0,0,0,0,0,0,0,0,0,0,0,0,0.0
Course 3,36,20,1.8,0.09,0,0.0,0,0,0,0,0,0,0.0,0.0,0,0.0,0.0,0.0,0.0,0.0,0.0,0.0,0.0,0.0,0,0.0,0,0,0,0,0,0,0,0,0,0,0,0,0,0,0,0,0,0,0,0,0,0,0.0
Course 3,10,5,2.0,0.03,0,0.0,0,0,0,0,0,0,0.0,0.0,0,0.0,0.0,0.0,0.0,0.0,0.0,0.0,0.0,0.0,0,0.0,0,0,0,0,0,0,0,0,0,0,0,0,0,0,0,0,0,0,0,0,0,0,0.0
Course 3,181,92,1.97,0.39,101,100.0,0,0,0,0,0,58,100.0,34.59,790,0.0,0.0,0.0,0.0,0.0,0.0,0.0,0.0,11.94,35,3652.0,11,1899,2033,2035,2035,218,293,195,403,788,2,32,70,32,0,1,1,0,0,0,0,54,0.679
Course 3,102,58,1.76,0.25,24,100.0,0,0,0,0,0,15,100.0,10.2,146,0.0,0.0,0.0,0.0,0.0,0.0,0.0,0.0,10.76,12,543.0,8,205,274,361,361,2,0,24,47,132,0,36,33,0,25,62,0,0,0,0,0,14,0.412
Course 3,5,5,1.0,0.07,0,0.0,0,0,0,0,0,0,0.0,0.0,0,0.0,0.0,0.0,0.0,0.0,0.0,0.0,0.0,0.0,0,0.0,0,0,0,0,0,0,0,0,0,0,0,0,0,0,0,0,0,0,0,0,0,0,0.0
Course 3,90,56,1.61,0.27,0,0.0,0,0,0,0,0,0,0.0,0.0,0,0.0,0.0,0.0,0.0,0.0,0.0,0.0,0.0,0.0,0,0.0,0,0,0,0,0,0,0,0,0,0,0,0,0,0,0,0,0,0,0,0,0,0,0.0
Course 3,169,90,1.88,0.39,6,0.0,0,0,0,0,0,0,0.0,0.0,7,0.0,0.0,0.0,0.0,0.0,0.0,0.0,0.0,12.39,3,1.0,3,4,4,15,15,0,0,0,2,2,0,0,0,0,0,0,11,0,0,0,0,0,0.074
Course 3,127,67,1.9,0.29,19,100.0,0,0,0,0,0,13,100.0,8.14,151,0.0,0.0,0.0,0.0,0.0,0.0,0.0,0.0,8.18,9,2144.0,3,386,386,386,386,230,126,30,0,0,0,0,0,0,0,0,0,0,0,0,0,9,0.757
Course 3,78,33,2.36,0.15,1,100.0,0,0,0,0,0,1,100.0,0.0,2,0.0,0.0,0.0,0.0,0.0,0.0,0.0,0.0,10.76,2,0.0,2,5,5,5,5,4,0,0,1,0,0,0,0,0,0,0,0,0,0,0,0,1,0.099
Course 3,54,30,1.8,0.15,0,0.0,0,0,0,0,0,0,0.0,0.0,0,0.0,0.0,0.0,0.0,0.0,0.0,0.0,0.0,0.0,0,0.0,0,0,0,0,0,0,0,0,0,0,0,0,0,0,0,0,0,0,0,0,0,0,0.0
Course 3,67,40,1.68,0.18,0,0.0,0,0,0,0,0,0,0.0,0.0,0,0.0,0.0,0.0,0.0,0.0,0.0,0.0,0.0,0.0,0,0.0,0,0,0,0,0,0,0,0,0,0,0,0,0,0,0,0,0,0,0,0,0,0,0.0
Course 3,99,23,4.3,0.1,0,0.0,0,0,0,0,0,0,0.0,0.0,0,0.0,0.0,0.0,0.0,0.0,0.0,0.0,0.0,0.0,0,0.0,0,0,0,0,0,0,0,0,0,0,0,0,0,0,0,0,0,0,0,0,0,0,0.0
Course 3,85,42,2.02,0.19,0,0.0,0,0,0,0,0,0,0.0,0.0,0,0.0,0.0,0.0,0.0,0.0,0.0,0.0,0.0,0.0,0,0.0,0,0,0,0,0,0,0,0,0,0,0,0,0,0,0,0,0,0,0,0,0,0,0.0
Course 3,35,17,2.06,0.08,0,0.0,0,0,0,0,0,0,0.0,0.0,0,0.0,0.0,0.0,0.0,0.0,0.0,0.0,0.0,0.0,0,0.0,0,0,0,0,0,0,0,0,0,0,0,0,0,0,0,0,0,0,0,0,0,0,0.0
Course 3,45,20,2.25,0.12,0,0.0,0,0,0,0,0,0,0.0,0.0,0,0.0,0.0,0.0,0.0,0.0,0.0,0.0,0.0,0.0,0,0.0,0,0,0,0,0,0,0,0,0,0,0,0,0,0,0,0,0,0,0,0,0,0,0.0
Course 3,69,34,2.03,0.15,0,0.0,0,0,0,0,0,0,0.0,0.0,0,0.0,0.0,0.0,0.0,0.0,0.0,0.0,0.0,0.0,0,0.0,0,0,0,0,0,0,0,0,0,0,0,0,0,0,0,0,0,0,0,0,0,0,0.0
Course 3,45,21,2.14,0.09,15,100.0,0,0,0,0,0,6,100.0,19.83,200,0.0,0.0,0.0,0.0,0.0,0.0,0.0,0.0,4.13,5,351.0,2,415,415,415,415,0,0,0,176,239,0,0,0,0,0,0,0,0,0,0,0,6,0.855
Course 3,91,44,2.07,0.19,2,100.0,0,0,0,0,0,1,100.0,17.0,36,0.0,0.0,0.0,0.0,0.0,0.0,0.0,0.0,3.31,2,34.0,2,80,80,80,80,1,0,0,79,0,0,0,0,0,0,0,0,0,0,0,0,1,0.309
Course 3,176,104,1.69,0.44,123,100.0,0,0,0,0,0,103,100.0,13.12,1375,0.0,0.0,0.0,0.0,0.0,0.0,0.0,0.0,13.79,65,6390.0,11,1973,2461,3115,3120,0,0,46,802,618,507,171,109,208,225,207,222,5,0,0,0,103,0.862
Course 3,147,78,1.88,0.34,5,100.0,0,0,0,0,0,46,100.0,23.28,504,0.0,0.0,0.0,0.0,0.0,0.0,0.0,0.0,10.82,25,3016.0,11,860,1073,1260,1260,147,73,0,292,290,58,88,101,24,75,74,38,0,0,0,0,45,0.628
Course 3,131,85,1.54,0.36,20,100.0,0,0,0,0,0,16,100.0,37.83,361,0.0,0.0,0.0,0.0,0.0,0.0,0.0,0.0,4.81,13,890.0,6,739,792,792,792,7,0,0,325,407,0,3,3,47,0,0,0,0,0,0,0,16,0.543
Course 3,80,51,1.57,0.22,12,100.0,0,0,0,0,0,36,100.0,30.28,563,0.0,0.0,0.0,0.0,0.0,0.0,0.0,0.0,11.77,13,355.0,6,1195,1267,1267,1267,188,216,154,220,417,0,0,72,0,0,0,0,0,0,0,0,34,0.604
Course 3,99,47,2.11,0.2,22,100.0,0,0,0,0,0,10,100.0,48.55,177,0.0,0.0,0.0,0.0,0.0,0.0,0.0,0.0,9.71,7,874.0,5,389,389,389,389,2,52,46,3,286,0,0,0,0,0,0,0,0,0,0,0,10,0.566
Course 3,213,112,1.9,0.48,86,100.0,0,0,0,0,0,107,100.0,27.97,1335,0.0,0.0,0.0,0.0,0.0,0.0,0.0,0.0,10.45,60,6174.0,12,2580,2806,3276,3276,68,342,267,744,702,457,72,45,109,124,184,162,0,0,0,0,103,0.822
Course 3,215,100,2.15,0.44,192,100.0,0,0,0,0,0,75,100.0,18.8,1219,0.0,0.0,0.0,0.0,0.0,0.0,0.0,0.0,8.75,44,9072.0,11,1951,2569,3142,3143,1,0,0,275,1185,490,384,63,171,96,214,263,1,0,0,0,73,0.707
Course 3,109,44,2.48,0.19,2,0.0,0,0,0,0,0,0,0.0,0.0,7,0.0,0.0,0.0,0.0,0.0,0.0,0.0,0.0,12.17,1,2.0,1,15,15,15,15,0,0,0,15,0,0,0,0,0,0,0,0,0,0,0,0,0,1.0
Course 3,98,48,2.04,0.22,4,100.0,0,0,0,0,0,2,100.0,6.5,40,0.0,0.0,0.0,0.0,0.0,0.0,0.0,0.0,12.82,2,32.0,2,89,89,89,89,0,1,0,88,0,0,0,0,0,0,0,0,0,0,0,0,2,0.44
Course 3,100,52,1.92,0.27,7,100.0,0,0,0,0,0,2,100.0,45.5,25,0.0,0.0,0.0,0.0,0.0,0.0,0.0,0.0,6.93,4,21.0,3,63,63,63,63,27,34,0,2,0,0,0,0,0,0,0,0,0,0,0,0,2,0.365
Course 3,84,41,2.05,0.17,1,0.0,0,0,0,0,0,0,0.0,0.0,2,0.0,0.0,0.0,0.0,0.0,0.0,0.0,0.0,3.88,1,0.0,1,3,3,3,3,0,0,0,3,0,0,0,0,0,0,0,0,0,0,0,0,0,1.0
Course 3,127,79,1.61,0.34,68,100.0,0,0,0,0,0,73,100.0,29.48,1319,0.0,0.0,0.0,0.0,0.0,0.0,0.0,0.0,9.86,39,4569.0,12,1941,2575,3013,3013,1,100,119,788,711,222,352,62,220,107,156,175,0,0,0,0,71,0.77
Course 3,105,57,1.84,0.24,14,100.0,0,0,0,0,0,7,100.0,14.0,113,0.0,0.0,0.0,0.0,0.0,0.0,0.0,0.0,13.64,7,629.0,4,238,238,238,238,13,101,43,81,0,0,0,0,0,0,0,0,0,0,0,0,7,0.58
Course 3,105,39,2.69,0.17,0,0.0,0,0,0,0,0,0,0.0,0.0,0,0.0,0.0,0.0,0.0,0.0,0.0,0.0,0.0,0.0,0,0.0,0,0,0,0,0,0,0,0,0,0,0,0,0,0,0,0,0,0,0,0,0,0,0.0
Course 3,62,29,2.14,0.15,0,0.0,0,0,0,0,0,0,0.0,0.0,0,0.0,0.0,0.0,0.0,0.0,0.0,0.0,0.0,0.0,0,0.0,0,0,0,0,0,0,0,0,0,0,0,0,0,0,0,0,0,0,0,0,0,0,0.0
Course 3,111,44,2.52,0.19,11,100.0,0,0,0,0,0,10,100.0,46.05,97,0.0,0.0,0.0,0.0,0.0,0.0,0.0,0.0,7.29,6,371.0,4,224,224,224,224,103,119,1,0,1,0,0,0,0,0,0,0,0,0,0,0,10,0.462
Course 3,79,46,1.72,0.2,8,100.0,0,0,0,0,0,3,100.0,36.0,26,0.0,0.0,0.0,0.0,0.0,0.0,0.0,0.0,12.8,2,798.0,1,65,65,65,65,65,0,0,0,0,0,0,0,0,0,0,0,0,0,0,0,3,0.668
Course 3,111,60,1.85,0.27,0,0.0,0,0,0,0,0,0,0.0,0.0,0,0.0,0.0,0.0,0.0,0.0,0.0,0.0,0.0,0.0,0,0.0,0,0,0,0,0,0,0,0,0,0,0,0,0,0,0,0,0,0,0,0,0,0,0.0
Course 3,58,26,2.23,0.13,7,100.0,0,0,0,0,0,2,100.0,12.0,44,0.0,0.0,0.0,0.0,0.0,0.0,0.0,0.0,3.64,2,39.0,2,101,106,106,106,0,0,0,101,0,0,5,0,0,0,0,0,0,0,0,0,2,0.319
Course 3,65,42,1.55,0.18,0,0.0,0,0,0,0,0,0,0.0,0.0,1,0.0,0.0,0.0,0.0,0.0,0.0,0.0,0.0,4.18,1,0.0,1,1,1,1,1,1,0,0,0,0,0,0,0,0,0,0,0,0,0,0,0,0,0.0
Course 3,57,27,2.11,0.13,0,0.0,0,0,0,0,0,0,0.0,0.0,0,0.0,0.0,0.0,0.0,0.0,0.0,0.0,0.0,0.0,0,0.0,0,0,0,0,0,0,0,0,0,0,0,0,0,0,0,0,0,0,0,0,0,0,0.0
Course 3,87,43,2.02,0.19,1,100.0,0,0,0,0,0,3,100.0,17.67,21,0.0,0.0,0.0,0.0,0.0,0.0,0.0,0.0,12.85,1,41.0,1,0,0,65,65,0,0,0,0,0,0,0,0,0,0,65,0,0,0,0,0,3,1.0
Course 3,165,66,2.5,0.28,81,100.0,0,0,0,0,0,41,100.0,29.53,598,0.0,0.0,0.0,0.0,0.0,0.0,0.0,0.0,10.39,21,4745.0,6,1356,1368,1369,1369,0,68,368,688,232,0,12,0,0,0,0,1,0,0,0,0,41,0.518
Course 3,137,66,2.08,0.28,142,100.0,0,0,0,0,0,62,100.0,36.42,1060,0.0,0.0,0.0,0.0,0.0,0.0,0.0,0.0,12.3,29,3759.0,10,1865,2262,2408,2408,0,0,348,805,617,95,348,8,41,26,29,91,0,0,0,0,62,0.728
Course 3,131,55,2.38,0.23,74,100.0,0,0,0,0,0,55,100.0,34.91,867,0.0,0.0,0.0,0.0,0.0,0.0,0.0,0.0,14.0,25,3213.0,7,1809,2004,2004,2004,0,91,544,784,390,0,165,29,1,0,0,0,0,0,0,0,53,0.723
Course 3,221,79,2.8,0.33,118,100.0,0,0,0,0,0,96,100.0,35.66,1252,0.0,0.0,0.0,0.0,0.0,0.0,0.0,0.0,10.55,36,8632.0,11,2238,2583,2810,2810,0,94,633,847,585,79,310,26,9,30,84,113,0,0,0,0,92,0.777
Course 3,279,109,2.56,0.46,263,100.0,0,0,0,0,0,130,100.0,28.61,1849,0.0,0.0,0.0,0.0,0.0,0.0,0.0,0.0,12.07,61,18039.0,12,3253,3755,4363,4364,0,231,1051,871,734,366,188,172,142,180,183,245,1,0,0,0,119,0.864
Course 3,168,78,2.15,0.33,99,100.0,0,0,0,0,0,95,100.0,35.88,1134,0.0,0.0,0.0,0.0,0.0,0.0,0.0,0.0,11.13,40,5481.0,12,2080,2423,2698,2698,1,12,655,696,634,82,191,32,120,79,58,138,0,0,0,0,94,0.732
Course 3,350,91,3.85,0.39,275,100.0,0,0,0,0,0,124,100.0,31.34,2425,0.0,0.0,0.0,0.0,0.0,0.0,0.0,0.0,13.13,43,10124.0,11,3177,4590,5056,5056,0,61,1100,1107,819,90,258,600,555,235,164,67,0,0,0,0,109,0.826
Course 3,215,106,2.03,0.45,108,100.0,0,0,0,0,0,113,100.0,32.98,1500,0.0,0.0,0.0,0.0,0.0,0.0,0.0,0.0,11.09,52,5865.0,13,2801,3431,3728,3732,87,238,753,902,704,117,460,38,132,142,154,1,4,0,0,0,104,0.804
Course 3,225,82,2.74,0.36,73,100.0,0,0,0,0,0,67,100.0,34.27,1242,0.0,0.0,0.0,0.0,0.0,0.0,0.0,0.0,12.36,34,6209.0,9,2828,2839,2841,2841,181,106,695,1154,690,2,10,0,1,0,2,0,0,0,0,0,54,0.714
Course 3,175,85,2.06,0.36,156,100.0,0,0,0,0,0,108,100.0,34.81,1410,0.0,0.0,0.0,0.0,0.0,0.0,0.0,0.0,13.1,43,4737.0,12,2596,3125,3394,3394,202,114,580,945,660,95,287,42,200,82,43,144,0,0,0,0,104,0.765
Course 3,273,105,2.6,0.44,253,100.0,0,0,0,0,0,127,100.0,33.9,1700,0.0,0.0,0.0,0.0,0.0,0.0,0.0,0.0,9.22,62,17092.0,12,2888,3567,4094,4095,0,142,950,958,663,175,431,43,205,148,226,153,1,0,0,0,122,0.852
Course 3,193,98,1.97,0.42,139,100.0,0,0,0,0,0,103,100.0,31.32,1325,0.0,0.0,0.0,0.0,0.0,0.0,0.0,0.0,10.22,50,7539.0,12,2148,2772,3238,3238,8,85,409,864,696,86,266,96,262,129,131,206,0,0,0,0,103,0.766
Course 3,214,107,2.0,0.45,162,100.0,0,0,0,0,0,122,100.0,32.85,1648,0.0,0.0,0.0,0.0,0.0,0.0,0.0,0.0,9.83,58,9825.0,12,2794,3373,4027,4027,322,331,489,866,691,95,172,129,278,230,184,240,0,0,0,0,120,0.825
Course 3,486,136,3.57,0.57,283,100.0,0,0,0,0,0,135,100.0,30.97,1997,0.0,0.0,0.0,0.0,0.0,0.0,0.0,0.0,10.32,73,15169.0,13,3572,4355,4953,4958,309,421,637,1035,783,387,375,131,277,237,179,182,5,0,0,0,126,0.863
Course 3,307,107,2.87,0.45,169,100.0,0,0,0,0,0,126,100.0,28.84,1331,0.0,0.0,0.0,0.0,0.0,0.0,0.0,0.0,11.89,59,5357.0,12,2169,2667,3179,3180,160,148,379,827,655,0,273,51,174,151,171,190,1,0,0,0,123,0.79
Course 3,105,51,2.06,0.22,50,100.0,0,0,0,0,0,47,100.0,37.44,800,0.0,0.0,0.0,0.0,0.0,0.0,0.0,0.0,13.17,22,1965.0,7,1652,1701,1769,1769,0,0,451,635,561,5,34,0,15,0,0,68,0,0,0,0,47,0.614
Course 3,266,106,2.51,0.45,120,100.0,0,0,0,0,0,99,100.0,30.11,1250,0.0,0.0,0.0,0.0,0.0,0.0,0.0,0.0,10.24,53,8680.0,11,2441,2797,3044,3044,80,273,668,877,543,0,217,45,94,52,66,129,0,0,0,0,92,0.786
Course 3,142,71,2.0,0.3,49,100.0,0,0,0,0,0,71,100.0,36.88,1061,0.0,0.0,0.0,0.0,0.0,0.0,0.0,0.0,13.69,25,3091.0,12,2137,2320,2479,2479,3,22,916,669,430,97,143,10,30,82,26,51,0,0,0,0,70,0.695
Course 3,198,95,2.08,0.4,136,100.0,0,0,0,0,0,121,100.0,32.73,1328,0.0,0.0,0.0,0.0,0.0,0.0,0.0,0.0,11.03,49,4093.0,11,2237,2730,3122,3122,0,62,732,768,596,79,278,28,187,152,115,125,0,0,0,0,115,0.789
Course 3,237,106,2.24,0.45,222,100.0,0,0,0,0,0,120,100.0,33.77,1660,0.0,0.0,0.0,0.0,0.0,0.0,0.0,0.0,11.87,53,6118.0,12,2768,3358,4026,4026,92,106,778,893,794,105,403,51,136,271,229,168,0,0,0,0,113,0.8
Course 3,181,99,1.83,0.42,103,100.0,0,0,0,0,0,103,100.0,31.82,1474,0.0,0.0,0.0,0.0,0.0,0.0,0.0,0.0,11.34,54,6865.0,13,2612,3119,3444,3446,200,80,721,917,693,1,112,145,250,144,114,67,2,0,0,0,101,0.817
Course 3,194,91,2.13,0.39,130,100.0,0,0,0,0,0,106,100.0,28.52,1352,0.0,0.0,0.0,0.0,0.0,0.0,0.0,0.0,9.31,58,8661.0,11,2224,2770,3445,3445,0,48,282,903,722,269,323,48,175,197,249,229,0,0,0,0,105,0.845
Course 3,273,105,2.6,0.44,282,100.0,0,0,0,0,0,118,100.0,32.59,1679,0.0,0.0,0.0,0.0,0.0,0.0,0.0,0.0,12.73,55,7793.0,13,3073,3532,3967,3975,242,570,526,903,682,150,181,24,254,125,117,193,8,0,0,0,111,0.799
Course 3,195,90,2.17,0.38,216,100.0,0,0,0,0,0,122,100.0,32.2,1458,0.0,0.0,0.0,0.0,0.0,0.0,0.0,0.0,10.99,53,8164.0,12,2399,3036,3416,3424,0,403,398,846,670,82,338,51,248,127,85,168,8,0,0,0,116,0.807
Course 3,237,111,2.14,0.47,137,100.0,0,0,0,0,0,107,100.0,29.81,1387,0.0,0.0,0.0,0.0,0.0,0.0,0.0,0.0,9.78,57,7477.0,13,2332,2896,3457,3459,7,134,386,923,790,92,113,55,396,134,237,190,2,0,0,0,104,0.817
Course 3,217,97,2.24,0.41,243,100.0,0,0,0,0,0,127,100.0,33.5,1648,0.0,0.0,0.0,0.0,0.0,0.0,0.0,0.0,9.48,55,9887.0,12,2597,3234,3850,3850,1,170,706,765,746,209,383,56,198,198,196,222,0,0,0,0,120,0.8
Course 3,281,104,2.7,0.44,149,100.0,0,0,0,0,0,119,100.0,30.84,1660,0.0,0.0,0.0,0.0,0.0,0.0,0.0,0.0,12.15,56,10163.0,12,3204,3667,4123,4123,98,464,879,1020,655,88,182,66,215,132,168,156,0,0,0,0,115,0.819
Course 3,168,78,2.15,0.33,95,100.0,0,0,0,0,0,102,100.0,34.61,1248,0.0,0.0,0.0,0.0,0.0,0.0,0.0,0.0,11.22,37,6509.0,11,2270,2632,2913,2913,0,81,701,827,582,79,267,28,67,91,43,147,0,0,0,0,99,0.752
Course 3,275,113,2.43,0.48,417,100.0,0,0,0,0,0,132,100.0,33.76,2381,0.0,0.0,0.0,0.0,0.0,0.0,0.0,0.0,8.38,66,20281.0,12,2874,3845,4947,5164,0,108,735,887,707,437,473,137,361,634,257,211,217,0,0,0,128,0.881
Course 3,236,103,2.29,0.43,203,100.0,0,0,0,0,0,130,100.0,31.95,1587,0.0,0.0,0.0,0.0,0.0,0.0,0.0,0.0,10.01,57,11245.0,12,2471,2926,3346,3348,0,170,758,860,602,81,167,86,202,110,153,157,2,0,0,0,125,0.82
Course 3,134,66,2.03,0.28,72,100.0,0,0,0,0,0,92,100.0,27.21,1128,0.0,0.0,0.0,0.0,0.0,0.0,0.0,0.0,12.47,30,2270.0,9,2068,2324,2484,2484,0,46,683,749,503,87,130,0,126,0,75,85,0,0,0,0,84,0.716
Course 3,278,103,2.7,0.44,416,100.0,0,0,0,0,0,106,100.0,33.75,1587,0.0,0.0,0.0,0.0,0.0,0.0,0.0,0.0,9.7,50,7185.0,12,3161,3738,4052,4052,1,73,1200,1010,780,97,308,51,218,75,92,147,0,0,0,0,102,0.795
Course 3,319,135,2.36,0.57,133,100.0,0,0,0,0,0,128,100.0,32.15,1704,0.0,0.0,0.0,0.0,0.0,0.0,0.0,0.0,11.22,68,7504.0,13,3002,3559,4126,4129,247,306,528,1016,711,194,265,30,262,154,219,194,3,0,0,0,124,0.836
Course 3,163,91,1.79,0.39,138,100.0,0,0,0,0,0,82,100.0,30.72,1027,0.0,0.0,0.0,0.0,0.0,0.0,0.0,0.0,13.35,43,3823.0,11,1866,2163,2529,2529,0,195,411,732,444,84,161,35,101,138,158,70,0,0,0,0,78,0.78
Course 3,280,122,2.3,0.51,146,100.0,0,0,0,0,0,158,100.0,29.5,1648,0.0,0.0,0.0,0.0,0.0,0.0,0.0,0.0,10.86,67,7196.0,13,2663,3260,4297,4299,99,88,620,884,762,210,270,51,276,323,366,348,2,0,0,0,126,0.84
Course 3,245,110,2.23,0.47,177,100.0,0,0,0,0,0,129,100.0,33.05,1514,0.0,0.0,0.0,0.0,0.0,0.0,0.0,0.0,10.02,59,13525.0,11,2611,3079,3504,3504,0,123,689,876,660,263,242,38,188,129,153,143,0,0,0,0,126,0.841
Course 3,126,63,2.0,0.27,63,100.0,0,0,0,0,0,63,100.0,31.08,918,0.0,0.0,0.0,0.0,0.0,0.0,0.0,0.0,12.89,26,2657.0,8,1789,1983,2056,2056,0,0,445,651,680,13,175,0,19,35,38,0,0,0,0,0,59,0.715
Course 3,180,86,2.09,0.37,122,100.0,0,0,0,0,0,100,100.0,35.86,1199,0.0,0.0,0.0,0.0,0.0,0.0,0.0,0.0,10.92,41,5864.0,11,2227,2563,2845,2845,0,86,634,777,645,85,186,56,94,102,23,157,0,0,0,0,100,0.778
Course 3,128,66,1.94,0.28,65,100.0,0,0,0,0,0,66,100.0,23.25,666,0.0,0.0,0.0,0.0,0.0,0.0,0.0,0.0,12.69,23,1773.0,8,1444,1445,1619,1619,0,5,654,542,243,0,0,0,1,58,60,56,0,0,0,0,64,0.588
Course 3,137,60,2.28,0.26,98,100.0,0,0,0,0,0,61,100.0,26.05,800,0.0,0.0,0.0,0.0,0.0,0.0,0.0,0.0,11.05,31,5506.0,9,1658,1840,1954,1954,0,27,325,797,509,0,124,0,58,36,28,50,0,0,0,0,57,0.694
Course 3,205,91,2.25,0.39,91,100.0,0,0,0,0,0,110,100.0,32.37,1625,0.0,0.0,0.0,0.0,0.0,0.0,0.0,0.0,13.57,45,3526.0,13,2673,3129,3628,3663,117,287,413,674,1178,4,316,4,136,173,80,246,35,0,0,0,105,0.786
Course 3,259,106,2.44,0.45,143,100.0,0,0,0,0,0,112,100.0,34.09,1458,0.0,0.0,0.0,0.0,0.0,0.0,0.0,0.0,11.11,49,7933.0,12,2577,3081,3427,3431,0,110,726,994,652,95,165,109,230,102,124,120,4,0,0,0,109,0.826
Course 3,235,102,2.3,0.43,173,100.0,0,0,0,0,0,130,100.0,30.97,1814,0.0,0.0,0.0,0.0,0.0,0.0,0.0,0.0,11.61,51,8633.0,11,3080,3698,4163,4163,0,63,883,1347,786,1,234,35,349,190,101,174,0,0,0,0,114,0.837
Course 3,178,89,2.0,0.38,117,100.0,0,0,0,0,0,94,100.0,35.9,1306,0.0,0.0,0.0,0.0,0.0,0.0,0.0,0.0,10.86,45,6579.0,11,2589,2905,3118,3118,198,210,527,948,706,0,251,30,35,84,70,59,0,0,0,0,94,0.762
Course 3,215,84,2.56,0.36,112,100.0,0,0,0,0,0,93,100.0,30.29,1343,0.0,0.0,0.0,0.0,0.0,0.0,0.0,0.0,10.47,37,5905.0,9,2446,2824,2901,2901,0,61,760,897,728,0,195,64,119,69,0,8,0,0,0,0,87,0.734
Course 3,199,87,2.29,0.37,193,100.0,0,0,0,0,0,109,100.0,35.96,1501,0.0,0.0,0.0,0.0,0.0,0.0,0.0,0.0,11.55,46,6700.0,11,2594,3157,3545,3545,0,97,763,819,726,189,197,44,322,111,136,141,0,0,0,0,107,0.806
Course 3,253,93,2.72,0.39,495,100.0,0,0,0,0,0,96,100.0,33.97,1785,0.0,0.0,0.0,0.0,0.0,0.0,0.0,0.0,11.04,46,10010.0,11,3422,3922,4157,4157,0,218,1189,996,770,249,318,112,70,16,64,155,0,0,0,0,94,0.808
Course 3,381,126,3.02,0.53,148,100.0,0,0,0,0,0,130,100.0,30.68,2091,0.0,0.0,0.0,0.0,0.0,0.0,0.0,0.0,11.51,60,5695.0,13,3277,3985,4715,4717,27,109,991,1135,921,94,347,37,324,225,251,254,2,0,0,0,124,0.813
Course 3,253,108,2.34,0.46,198,100.0,0,0,0,0,0,125,100.0,31.3,1469,0.0,0.0,0.0,0.0,0.0,0.0,0.0,0.0,10.59,56,9030.0,11,2484,2907,3405,3405,0,176,745,851,625,87,194,56,173,155,191,152,0,0,0,0,118,0.821
Course 3,266,102,2.61,0.43,112,100.0,0,0,0,0,0,97,100.0,31.76,1354,0.0,0.0,0.0,0.0,0.0,0.0,0.0,0.0,11.37,45,6899.0,12,2697,3010,3241,3241,94,253,716,936,649,49,160,88,65,80,62,89,0,0,0,0,94,0.771
Course 3,119,62,1.92,0.26,59,100.0,0,0,0,0,0,62,100.0,32.65,706,0.0,0.0,0.0,0.0,0.0,0.0,0.0,0.0,12.76,27,2780.0,9,1301,1595,1656,1656,0,0,422,410,359,110,172,27,95,33,28,0,0,0,0,0,61,0.727
Course 3,310,112,2.77,0.47,268,100.0,0,0,0,0,0,135,100.0,31.59,2059,0.0,0.0,0.0,0.0,0.0,0.0,0.0,0.0,9.94,66,13270.0,13,3190,4045,4715,4720,86,384,735,993,767,225,466,50,339,229,212,229,5,0,0,0,123,0.853
Course 3,203,94,2.16,0.4,149,100.0,0,0,0,0,0,123,100.0,32.94,1448,0.0,0.0,0.0,0.0,0.0,0.0,0.0,0.0,11.49,53,8125.0,11,2521,2939,3500,3500,0,98,686,845,693,199,251,42,125,172,186,203,0,0,0,0,119,0.832
Course 3,317,122,2.6,0.51,183,100.0,0,0,0,0,0,134,100.0,28.61,1555,0.0,0.0,0.0,0.0,0.0,0.0,0.0,0.0,10.72,67,9572.0,13,2762,3269,3899,3902,107,213,584,921,662,275,328,39,140,211,217,202,3,0,0,0,127,0.843
Course 3,200,85,2.35,0.36,72,100.0,0,0,0,0,0,100,100.0,29.4,1121,0.0,0.0,0.0,0.0,0.0,0.0,0.0,0.0,10.05,42,4054.0,10,2033,2356,2669,2669,15,40,633,805,540,0,234,0,89,69,128,116,0,0,0,0,98,0.732
Course 3,143,68,2.1,0.29,110,100.0,0,0,0,0,0,58,100.0,36.36,1347,0.0,0.0,0.0,0.0,0.0,0.0,0.0,0.0,11.31,29,3372.0,7,2586,2964,2964,2964,0,79,564,1096,847,0,218,61,99,0,0,0,0,0,0,0,57,0.809
Course 3,414,141,2.94,0.59,266,100.0,0,0,0,0,0,131,100.0,29.99,1573,0.0,0.0,0.0,0.0,0.0,0.0,0.0,0.0,8.23,71,21989.0,13,2878,3436,3872,3874,342,255,381,861,846,193,393,29,136,181,105,150,2,0,0,0,118,0.838
Course 3,267,106,2.52,0.45,245,100.0,0,0,0,0,0,108,100.0,34.17,1607,0.0,0.0,0.0,0.0,0.0,0.0,0.0,0.0,10.91,62,8999.0,12,2901,3246,3822,3822,315,429,561,871,723,2,190,38,117,129,189,258,0,0,0,0,104,0.824
Course 3,207,83,2.49,0.35,72,100.0,0,0,0,0,0,93,100.0,23.35,1478,0.0,0.0,0.0,0.0,0.0,0.0,0.0,0.0,13.47,42,3272.0,12,3219,3491,3595,3595,10,378,928,1042,777,84,115,30,127,31,39,34,0,0,0,0,84,0.783
Course 3,271,118,2.3,0.5,186,100.0,0,0,0,0,0,137,100.0,32.71,2322,0.0,0.0,0.0,0.0,0.0,0.0,0.0,0.0,11.29,69,12919.0,12,4129,4796,5423,5423,362,372,444,1563,1042,346,387,39,241,229,216,182,0,0,0,0,129,0.864
Course 3,381,132,2.89,0.55,162,100.0,0,0,0,0,0,131,100.0,31.65,1538,0.0,0.0,0.0,0.0,0.0,0.0,0.0,0.0,9.7,71,11753.0,13,2913,3392,3978,3980,116,420,366,982,751,278,280,41,158,181,203,202,2,0,0,0,126,0.841
Course 3,204,93,2.19,0.4,139,100.0,0,0,0,0,0,88,100.0,32.73,1030,0.0,0.0,0.0,0.0,0.0,0.0,0.0,0.0,11.05,42,4392.0,10,1827,2233,2532,2532,0,51,451,814,511,0,261,29,116,130,85,84,0,0,0,0,86,0.762
Course 3,282,101,2.79,0.43,233,100.0,0,0,0,0,0,119,100.0,32.56,1708,0.0,0.0,0.0,0.0,0.0,0.0,0.0,0.0,10.49,56,14072.0,12,3052,3688,4165,4165,43,577,571,940,746,175,460,46,130,119,145,213,0,0,0,0,112,0.816
Course 3,119,67,1.78,0.31,55,100.0,0,0,0,0,0,49,100.0,28.07,535,0.0,0.0,0.0,0.0,0.0,0.0,0.0,0.0,11.42,17,2053.0,6,1253,1286,1286,1286,0,16,615,495,127,0,0,6,27,0,0,0,0,0,0,0,45,0.636
Course 3,316,126,2.51,0.53,179,100.0,0,0,0,0,0,137,100.0,29.57,1843,0.0,0.0,0.0,0.0,0.0,0.0,0.0,0.0,9.51,69,11393.0,13,3327,3930,4487,4489,240,369,362,1185,867,304,408,34,161,157,189,211,2,0,0,0,123,0.85
Course 3,215,90,2.39,0.39,130,100.0,0,0,0,0,0,87,100.0,36.26,1227,0.0,0.0,0.0,0.0,0.0,0.0,0.0,0.0,10.98,39,8333.0,12,2341,2671,2811,2811,27,57,628,917,622,90,182,39,109,71,33,36,0,0,0,0,83,0.762
Course 3,206,91,2.26,0.39,91,100.0,0,0,0,0,0,92,100.0,32.33,1325,0.0,0.0,0.0,0.0,0.0,0.0,0.0,0.0,11.24,43,5512.0,12,2414,2883,3106,3106,14,77,631,915,719,58,284,77,108,86,33,104,0,0,0,0,89,0.772
Course 3,202,105,1.92,0.44,119,100.0,0,0,0,0,0,118,100.0,32.9,1543,0.0,0.0,0.0,0.0,0.0,0.0,0.0,0.0,12.58,51,4876.0,13,2617,3154,3795,3796,30,192,806,874,638,77,330,33,174,163,237,241,1,0,0,0,115,0.774
Course 3,226,103,2.19,0.44,135,100.0,0,0,0,0,0,121,100.0,28.96,1566,0.0,0.0,0.0,0.0,0.0,0.0,0.0,0.0,12.41,56,5398.0,12,2805,3330,3827,3827,317,167,537,1087,586,111,322,31,172,121,216,160,0,0,0,0,113,0.806
Course 3,129,66,1.95,0.28,85,100.0,0,0,0,0,0,60,100.0,37.92,1047,0.0,0.0,0.0,0.0,0.0,0.0,0.0,0.0,11.74,27,2832.0,9,2121,2294,2323,2323,1,84,396,958,599,83,159,14,0,0,0,29,0,0,0,0,58,0.6
Course 3,246,112,2.2,0.47,138,100.0,0,0,0,0,0,130,100.0,32.89,2060,0.0,0.0,0.0,0.0,0.0,0.0,0.0,0.0,10.76,68,9282.0,13,3792,4362,4894,4899,340,515,579,925,811,622,380,42,148,140,176,216,5,0,0,0,123,0.853
Course 3,300,127,2.36,0.54,141,100.0,0,0,0,0,0,120,100.0,32.35,1461,0.0,0.0,0.0,0.0,0.0,0.0,0.0,0.0,11.94,64,7302.0,13,2580,3007,3580,3581,248,223,406,930,686,87,254,30,143,156,211,206,1,0,0,0,119,0.811
Course 3,158,94,1.68,0.4,76,100.0,0,0,0,0,0,102,100.0,32.37,1162,0.0,0.0,0.0,0.0,0.0,0.0,0.0,0.0,11.28,51,3592.0,12,2151,2598,2901,2902,186,285,390,819,471,0,239,31,177,92,143,68,1,0,0,0,101,0.768
Course 3,166,79,2.1,0.33,125,100.0,0,0,0,0,0,92,100.0,37.5,1293,0.0,0.0,0.0,0.0,0.0,0.0,0.0,0.0,11.18,33,3255.0,10,2540,2971,3093,3093,0,66,708,882,654,230,362,32,37,90,32,0,0,0,0,0,89,0.775
Course 3,258,91,2.84,0.39,230,100.0,0,0,0,0,0,99,100.0,18.84,1241,0.0,0.0,0.0,0.0,0.0,0.0,0.0,0.0,10.26,51,5370.0,12,2128,2582,2982,2982,39,36,417,888,680,68,280,41,133,90,141,169,0,0,0,0,96,0.768
Course 3,135,61,2.21,0.26,104,100.0,0,0,0,0,0,81,100.0,37.48,1081,0.0,0.0,0.0,0.0,0.0,0.0,0.0,0.0,12.5,34,3329.0,12,2166,2511,2529,2529,1,100,596,771,611,87,192,34,119,14,3,1,0,0,0,0,81,0.701
Course 3,148,81,1.83,0.35,111,100.0,0,0,0,0,0,76,100.0,23.79,838,0.0,0.0,0.0,0.0,0.0,0.0,0.0,0.0,12.41,35,3444.0,11,1589,1807,2020,2020,0,77,459,483,569,1,151,18,49,77,70,66,0,0,0,0,72,0.719
Course 3,165,86,1.92,0.37,143,100.0,0,0,0,0,0,95,100.0,30.85,1222,0.0,0.0,0.0,0.0,0.0,0.0,0.0,0.0,11.86,42,5157.0,11,2291,2668,2989,2989,22,240,448,959,622,0,242,40,95,126,85,110,0,0,0,0,91,0.748
Course 3,226,90,2.51,0.38,149,100.0,0,0,0,0,0,101,100.0,34.37,1450,0.0,0.0,0.0,0.0,0.0,0.0,0.0,0.0,11.94,52,7640.0,13,2635,3080,3395,3399,192,186,612,923,719,3,260,29,156,137,35,143,4,0,0,0,101,0.798
Course 3,225,101,2.23,0.43,170,100.0,0,0,0,0,0,127,100.0,32.2,1489,0.0,0.0,0.0,0.0,0.0,0.0,0.0,0.0,9.68,57,9670.0,11,2601,3103,3621,3621,0,186,620,844,676,275,313,58,131,180,144,194,0,0,0,0,122,0.826
Course 3,288,114,2.53,0.48,231,100.0,0,0,0,0,0,127,100.0,32.77,1676,0.0,0.0,0.0,0.0,0.0,0.0,0.0,0.0,9.7,59,9453.0,13,2912,3407,4150,4151,219,104,664,1013,725,187,272,42,181,209,266,268,1,0,0,0,124,0.818
Course 3,266,104,2.56,0.44,133,100.0,0,0,0,0,0,117,100.0,33.43,1300,0.0,0.0,0.0,0.0,0.0,0.0,0.0,0.0,11.82,54,8589.0,12,2260,2701,3186,3186,4,105,635,758,662,96,247,36,158,160,136,189,0,0,0,0,117,0.798
Course 3,96,43,2.23,0.22,42,100.0,0,0,0,0,0,42,100.0,28.98,618,0.0,0.0,0.0,0.0,0.0,0.0,0.0,0.0,12.97,16,910.0,4,1450,1485,1485,1485,0,0,497,788,165,0,35,0,0,0,0,0,0,0,0,0,42,0.745
Course 3,168,73,2.3,0.31,76,100.0,0,0,0,0,0,56,100.0,33.36,758,0.0,0.0,0.0,0.0,0.0,0.0,0.0,0.0,12.57,28,4037.0,8,1673,1800,1899,1899,0,64,453,791,365,0,50,0,77,68,0,31,0,0,0,0,55,0.671
Course 3,173,90,1.92,0.38,205,100.0,0,0,0,0,0,98,100.0,31.81,1387,0.0,0.0,0.0,0.0,0.0,0.0,0.0,0.0,13.44,43,4599.0,12,2229,2938,3405,3405,11,239,451,816,695,17,233,3,473,127,132,208,0,0,0,0,98,0.754
Course 3,121,63,1.92,0.29,94,100.0,0,0,0,0,0,73,100.0,21.95,836,0.0,0.0,0.0,0.0,0.0,0.0,0.0,0.0,12.73,30,3050.0,9,1803,1983,2101,2101,0,53,674,635,441,0,122,0,58,66,4,48,0,0,0,0,73,0.704
Course 3,185,77,2.4,0.33,37,100.0,0,0,0,0,0,35,100.0,35.62,474,0.0,0.0,0.0,0.0,0.0,0.0,0.0,0.0,14.02,18,1322.0,7,937,1066,1125,1125,0,18,364,453,0,102,36,0,93,59,0,0,0,0,0,0,34,0.611
Course 3,132,53,2.49,0.25,105,100.0,0,0,0,0,0,78,100.0,36.19,1198,0.0,0.0,0.0,0.0,0.0,0.0,0.0,0.0,14.09,29,3602.0,9,2319,2569,2679,2679,0,103,516,918,694,88,176,0,74,31,0,79,0,0,0,0,77,0.7
Course 3,214,95,2.25,0.41,109,100.0,0,0,0,0,0,78,100.0,37.79,1098,0.0,0.0,0.0,0.0,0.0,0.0,0.0,0.0,11.88,31,4885.0,11,2104,2408,2557,2557,10,73,676,793,552,0,77,1,226,74,37,38,0,0,0,0,78,0.726
Course 3,161,50,3.22,0.22,115,100.0,0,0,0,0,0,64,100.0,36.86,921,0.0,0.0,0.0,0.0,0.0,0.0,0.0,0.0,12.22,20,2473.0,6,1914,1995,2070,2070,0,104,737,702,371,0,0,0,81,0,0,75,0,0,0,0,61,0.579
Course 3,188,96,1.96,0.41,87,100.0,0,0,0,0,0,94,100.0,30.35,1148,0.0,0.0,0.0,0.0,0.0,0.0,0.0,0.0,10.15,51,5907.0,12,2164,2406,2721,2721,1,326,332,798,624,83,142,31,69,105,62,148,0,0,0,0,90,0.761
Course 3,128,67,1.91,0.29,60,100.0,0,0,0,0,0,80,100.0,32.15,959,0.0,0.0,0.0,0.0,0.0,0.0,0.0,0.0,12.07,27,2871.0,7,2016,2078,2344,2344,0,0,733,831,452,0,0,0,62,63,52,151,0,0,0,0,76,0.623
Course 3,99,58,1.71,0.25,52,100.0,0,0,0,0,0,39,100.0,35.65,620,0.0,0.0,0.0,0.0,0.0,0.0,0.0,0.0,15.57,18,1865.0,6,1354,1390,1468,1468,0,58,292,632,372,0,0,0,36,0,0,78,0,0,0,0,38,0.528
Course 3,276,108,2.56,0.46,105,100.0,0,0,0,0,0,109,100.0,28.46,1272,0.0,0.0,0.0,0.0,0.0,0.0,0.0,0.0,11.81,63,8739.0,13,2222,2716,3150,3152,162,260,326,741,644,89,206,122,166,102,170,162,2,0,0,0,109,0.823
Course 3,140,66,2.12,0.29,49,100.0,0,0,0,0,0,79,100.0,29.19,1021,0.0,0.0,0.0,0.0,0.0,0.0,0.0,0.0,12.54,28,2975.0,8,2051,2347,2374,2374,0,144,587,712,608,0,239,33,24,27,0,0,0,0,0,0,78,0.747
Course 3,158,75,2.11,0.32,119,100.0,0,0,0,0,0,104,100.0,33.23,1265,0.0,0.0,0.0,0.0,0.0,0.0,0.0,0.0,10.95,50,7329.0,11,2119,2612,2998,2998,0,138,474,757,659,91,148,48,297,103,103,180,0,0,0,0,101,0.8
Course 3,142,67,2.12,0.3,119,100.0,0,0,0,0,0,67,100.0,24.86,937,0.0,0.0,0.0,0.0,0.0,0.0,0.0,0.0,12.52,32,3575.0,9,1915,2122,2186,2186,0,152,275,837,566,85,118,0,89,32,0,32,0,0,0,0,61,0.678
Course 3,2,2,1.0,0.67,0,0.0,0,0,0,0,0,0,0.0,0.0,0,0.0,0.0,0.0,0.0,0.0,0.0,0.0,0.0,0.0,0,0.0,0,0,0,0,0,0,0,0,0,0,0,0,0,0,0,0,0,0,0,0,0,0,0.0
Course 3,133,60,2.22,0.26,23,98.55,0,0,0,0,0,68,98.55,20.47,560,0.0,0.0,0.0,0.0,0.0,0.0,0.0,0.0,12.5,28,4176.0,10,1168,1231,1336,1336,0,55,542,426,121,24,5,0,58,25,2,78,0,0,0,0,68,0.635
Course 3,201,70,2.87,0.31,77,100.0,0,0,0,0,0,84,100.0,36.76,1232,0.0,0.0,0.0,0.0,0.0,0.0,0.0,0.0,12.27,30,1477.0,10,2508,2757,2814,2814,0,85,715,847,680,181,155,33,61,27,30,0,0,0,0,0,83,0.745
Course 3,161,97,1.66,0.41,90,100.0,0,0,0,0,0,123,100.0,27.91,1461,0.0,0.0,0.0,0.0,0.0,0.0,0.0,0.0,12.86,57,4039.0,13,2683,3068,3579,3581,159,181,435,964,687,257,230,32,123,156,160,195,2,0,0,0,117,0.812
Course 3,170,66,2.58,0.28,67,100.0,0,0,0,0,0,75,100.0,30.59,932,0.0,0.0,0.0,0.0,0.0,0.0,0.0,0.0,13.13,26,1718.0,9,1765,2087,2184,2184,0,145,436,680,504,0,158,0,164,64,32,1,0,0,0,0,74,0.678
Course 3,166,76,2.18,0.32,177,100.0,0,0,0,0,0,108,100.0,24.18,1154,0.0,0.0,0.0,0.0,0.0,0.0,0.0,0.0,10.63,51,4970.0,12,2008,2572,2855,2855,1,173,465,709,576,84,265,3,296,131,74,78,0,0,0,0,106,0.767
Course 3,144,72,2.0,0.32,116,100.0,0,0,0,0,0,65,100.0,35.08,1026,0.0,0.0,0.0,0.0,0.0,0.0,0.0,0.0,13.18,34,4681.0,10,1983,2204,2323,2323,6,119,351,827,679,1,95,34,92,119,0,0,0,0,0,0,63,0.74
Course 3,176,91,1.93,0.38,97,100.0,0,0,0,0,0,87,100.0,29.98,1205,0.0,0.0,0.0,0.0,0.0,0.0,0.0,0.0,14.25,44,3294.0,13,2305,2532,2787,2790,246,177,284,912,616,70,153,1,73,62,83,110,3,0,0,0,81,0.764
Course 3,180,80,2.25,0.34,85,100.0,0,0,0,0,0,82,100.0,31.93,1029,0.0,0.0,0.0,0.0,0.0,0.0,0.0,0.0,14.52,43,1921.0,12,2257,2369,2662,2662,8,203,596,853,595,2,74,2,36,97,71,125,0,0,0,0,81,0.745
Course 3,225,67,3.36,0.29,124,100.0,0,0,0,0,0,94,100.0,33.57,1269,0.0,0.0,0.0,0.0,0.0,0.0,0.0,0.0,12.02,36,2666.0,11,2353,2718,2945,2945,0,210,625,829,601,88,176,118,71,36,80,111,0,0,0,0,90,0.766
Course 3,211,92,2.29,0.39,101,100.0,0,0,0,0,0,59,100.0,27.9,871,0.0,0.0,0.0,0.0,0.0,0.0,0.0,0.0,10.95,38,5282.0,11,1600,1888,2031,2038,4,49,245,764,538,0,172,0,116,40,3,100,7,0,0,0,57,0.696
Course 3,254,86,2.95,0.37,80,100.0,0,0,0,0,0,93,100.0,36.44,1395,0.0,0.0,0.0,0.0,0.0,0.0,0.0,0.0,13.41,41,5481.0,12,2454,2736,2908,2908,9,97,731,817,645,155,130,24,128,83,30,59,0,0,0,0,91,0.774
Course 3,148,73,2.03,0.31,69,100.0,0,0,0,0,0,97,100.0,29.24,1263,0.0,0.0,0.0,0.0,0.0,0.0,0.0,0.0,11.18,42,6086.0,11,2274,2637,2845,2845,0,77,627,833,641,96,232,8,123,76,30,102,0,0,0,0,93,0.788
Course 3,203,88,2.31,0.39,77,100.0,0,0,0,0,0,94,100.0,37.32,1478,0.0,0.0,0.0,0.0,0.0,0.0,0.0,0.0,13.79,40,4324.0,10,2977,3474,3586,3586,162,370,514,1099,747,85,158,58,281,112,0,0,0,0,0,0,90,0.811
Course 3,222,84,2.64,0.36,134,100.0,0,0,0,0,0,59,100.0,28.55,1171,0.0,0.0,0.0,0.0,0.0,0.0,0.0,0.0,12.2,31,4132.0,11,2326,2611,2692,2692,1,67,389,1295,574,0,194,4,87,35,7,39,0,0,0,0,53,0.717
Course 3,204,56,3.64,0.26,75,100.0,0,0,0,0,0,63,100.0,31.87,817,0.0,0.0,0.0,0.0,0.0,0.0,0.0,0.0,10.52,27,1458.0,9,1697,1834,1897,1897,68,85,383,652,509,0,64,11,62,0,0,63,0,0,0,0,62,0.622
Course 3,120,62,1.94,0.27,104,100.0,0,0,0,0,0,91,100.0,28.5,1127,0.0,0.0,0.0,0.0,0.0,0.0,0.0,0.0,14.43,31,3279.0,9,1985,2515,2636,2636,0,8,733,605,639,0,212,1,317,32,0,89,0,0,0,0,87,0.706
Course 3,137,81,1.69,0.35,56,100.0,0,0,0,0,0,87,100.0,33.91,1275,0.0,0.0,0.0,0.0,0.0,0.0,0.0,0.0,11.88,37,3924.0,11,2514,2776,3033,3033,0,145,700,860,710,99,155,33,74,140,34,83,0,0,0,0,87,0.762
Course 3,322,96,3.35,0.41,68,100.0,0,0,0,0,0,61,100.0,27.94,1025,0.0,0.0,0.0,0.0,0.0,0.0,0.0,0.0,11.89,33,5560.0,10,1881,2078,2123,2123,0,95,237,958,590,1,140,1,56,20,0,25,0,0,0,0,61,0.669
Course 3,196,78,2.51,0.33,103,100.0,0,0,0,0,0,76,100.0,32.35,1059,0.0,0.0,0.0,0.0,0.0,0.0,0.0,0.0,12.36,33,4489.0,12,2106,2353,2507,2507,2,100,626,791,586,1,189,2,56,33,14,107,0,0,0,0,76,0.715
Course 3,252,92,2.74,0.39,114,100.0,0,0,0,0,0,108,100.0,33.09,1291,0.0,0.0,0.0,0.0,0.0,0.0,0.0,0.0,10.91,46,6293.0,11,2446,2717,3109,3109,0,67,665,984,642,88,106,34,131,121,108,163,0,0,0,0,103,0.802
Course 3,269,89,3.02,0.38,140,100.0,0,0,0,0,0,101,100.0,36.69,1571,0.0,0.0,0.0,0.0,0.0,0.0,0.0,0.0,11.74,42,4667.0,12,2893,3337,3536,3536,93,151,796,839,829,185,251,33,160,97,35,67,0,0,0,0,96,0.772
Course 3,212,89,2.38,0.38,133,100.0,0,0,0,0,0,106,100.0,33.85,1359,0.0,0.0,0.0,0.0,0.0,0.0,0.0,0.0,10.36,52,2658.0,12,2413,2827,3178,3181,78,265,657,782,631,0,251,22,141,58,154,139,3,0,0,0,104,0.781
Course 3,145,72,2.01,0.31,47,100.0,0,0,0,0,0,77,100.0,36.84,1072,0.0,0.0,0.0,0.0,0.0,0.0,0.0,0.0,12.85,29,5044.0,9,2202,2393,2466,2466,0,200,590,788,623,1,120,0,71,34,0,39,0,0,0,0,73,0.692
Course 3,73,34,2.15,0.16,24,100.0,0,0,0,0,0,26,100.0,18.73,410,0.0,0.0,0.0,0.0,0.0,0.0,0.0,0.0,14.35,14,1382.0,5,945,947,947,947,0,30,215,527,173,0,0,2,0,0,0,0,0,0,0,0,26,0.583
Course 3,132,66,2.0,0.29,80,100.0,0,0,0,0,0,79,100.0,37.99,1201,0.0,0.0,0.0,0.0,0.0,0.0,0.0,0.0,11.74,32,3069.0,9,2479,2708,2739,2739,0,145,716,846,697,75,150,3,76,31,0,0,0,0,0,0,76,0.783
Course 3,156,77,2.03,0.33,76,100.0,0,0,0,0,0,74,100.0,33.25,871,0.0,0.0,0.0,0.0,0.0,0.0,0.0,0.0,13.36,32,1928.0,10,1800,2040,2073,2073,0,190,588,630,388,4,173,4,63,32,0,1,0,0,0,0,73,0.701
Course 3,134,56,2.39,0.25,65,100.0,0,0,0,0,0,43,100.0,29.41,670,0.0,0.0,0.0,0.0,0.0,0.0,0.0,0.0,16.42,17,1718.0,5,1405,1507,1507,1507,0,154,325,571,355,0,102,0,0,0,0,0,0,0,0,0,42,0.764
Course 3,144,66,2.18,0.28,72,100.0,0,0,0,0,0,49,100.0,27.88,795,0.0,0.0,0.0,0.0,0.0,0.0,0.0,0.0,11.81,22,2043.0,5,1646,1785,1785,1785,0,0,434,761,451,0,93,0,46,0,0,0,0,0,0,0,47,0.709
Course 3,168,78,2.15,0.33,89,100.0,0,0,0,0,0,92,100.0,34.11,1274,0.0,0.0,0.0,0.0,0.0,0.0,0.0,0.0,13.91,41,3553.0,11,2326,2789,3059,3059,1,192,503,938,692,0,209,6,248,76,61,133,0,0,0,0,92,0.747
Course 3,165,75,2.2,0.32,151,100.0,0,0,0,0,0,89,100.0,35.79,1222,0.0,0.0,0.0,0.0,0.0,0.0,0.0,0.0,12.33,39,3153.0,11,2465,2732,2944,2944,0,109,647,846,639,224,159,34,74,111,35,66,0,0,0,0,86,0.767
Course 3,207,78,2.65,0.34,185,100.0,0,0,0,0,0,93,100.0,28.51,1482,0.0,0.0,0.0,0.0,0.0,0.0,0.0,0.0,13.66,38,4982.0,10,2496,3193,3352,3352,0,289,527,912,673,95,187,223,287,117,0,42,0,0,0,0,90,0.764
Course 3,211,75,2.81,0.33,155,100.0,0,0,0,0,0,92,100.0,28.17,1382,0.0,0.0,0.0,0.0,0.0,0.0,0.0,0.0,10.22,40,5285.0,12,2584,2884,3081,3081,10,255,563,876,701,179,199,32,69,132,31,34,0,0,0,0,90,0.772
Course 3,217,85,2.55,0.36,151,100.0,0,0,0,0,0,104,100.0,31.64,1366,0.0,0.0,0.0,0.0,0.0,0.0,0.0,0.0,11.06,42,11435.0,12,2526,2813,3242,3245,0,164,642,884,660,176,165,85,37,200,107,122,3,0,0,0,98,0.782
Course 3,291,114,2.55,0.48,129,100.0,0,0,0,0,0,114,100.0,34.79,2430,0.0,0.0,0.0,0.0,0.0,0.0,0.0,0.0,11.14,62,6385.0,12,4665,5063,5639,5639,214,437,691,1617,1265,441,249,62,87,239,168,169,0,0,0,0,111,0.85
Course 3,193,97,1.99,0.41,115,100.0,0,0,0,0,0,92,100.0,35.34,1367,0.0,0.0,0.0,0.0,0.0,0.0,0.0,0.0,12.88,37,7146.0,10,2701,3089,3134,3134,0,460,307,1075,694,165,125,52,211,43,0,2,0,0,0,0,84,0.751
Course 3,140,77,1.82,0.33,159,100.0,0,0,0,0,0,79,100.0,26.33,1095,0.0,0.0,0.0,0.0,0.0,0.0,0.0,0.0,11.79,39,4236.0,10,1844,2320,2579,2579,0,58,310,605,686,185,176,52,248,146,0,113,0,0,0,0,76,0.743
Course 3,253,103,2.46,0.44,130,100.0,0,0,0,0,0,103,100.0,20.78,1698,0.0,0.0,0.0,0.0,0.0,0.0,0.0,0.0,9.28,52,4263.0,12,3035,3635,4017,4017,8,236,366,1402,707,316,249,281,70,151,113,118,0,0,0,0,99,0.81
Course 3,222,118,1.88,0.5,221,100.0,0,0,0,0,0,117,100.0,25.05,1795,0.0,0.0,0.0,0.0,0.0,0.0,0.0,0.0,13.17,68,6057.0,13,3060,3700,4255,4257,5,64,807,1061,740,383,340,43,257,187,198,170,2,0,0,0,113,0.865
Course 3,117,68,1.72,0.29,49,100.0,0,0,0,0,0,75,100.0,25.6,1105,0.0,0.0,0.0,0.0,0.0,0.0,0.0,0.0,12.29,31,2899.0,10,2322,2489,2592,2592,0,142,628,815,637,100,94,40,33,33,0,70,0,0,0,0,71,0.707
Course 3,352,104,3.38,0.44,111,100.0,0,0,0,0,0,88,100.0,36.31,1397,0.0,0.0,0.0,0.0,0.0,0.0,0.0,0.0,12.24,42,8685.0,11,3034,3422,3482,3482,161,472,578,925,810,88,172,37,179,44,0,16,0,0,0,0,86,0.758
Course 3,293,97,3.02,0.41,101,100.0,0,0,0,0,0,89,100.0,34.76,1274,0.0,0.0,0.0,0.0,0.0,0.0,0.0,0.0,11.33,46,2943.0,11,2327,2798,2998,2998,1,234,434,880,689,89,294,34,143,143,57,0,0,0,0,0,88,0.798
Course 3,131,72,1.82,0.31,112,100.0,0,0,0,0,0,96,100.0,34.67,1254,0.0,0.0,0.0,0.0,0.0,0.0,0.0,0.0,10.02,38,3572.0,11,2352,2696,2888,2888,0,138,601,825,607,181,214,35,95,132,32,28,0,0,0,0,92,0.754
Course 3,139,55,2.53,0.24,93,100.0,0,0,0,0,0,63,100.0,37.88,1251,0.0,0.0,0.0,0.0,0.0,0.0,0.0,0.0,14.11,28,1805.0,9,2427,2689,2730,2730,1,88,451,820,647,420,211,0,51,0,0,41,0,0,0,0,60,0.661
Course 3,222,99,2.24,0.42,153,100.0,0,0,0,0,0,122,100.0,32.48,1541,0.0,0.0,0.0,0.0,0.0,0.0,0.0,0.0,9.49,53,8302.0,12,2734,3192,3802,3802,5,238,711,937,674,169,266,97,95,211,188,211,0,0,0,0,114,0.812
Course 3,168,72,2.33,0.31,177,100.0,0,0,0,0,0,100,100.0,32.86,1274,0.0,0.0,0.0,0.0,0.0,0.0,0.0,0.0,11.29,38,4171.0,11,2180,2780,3046,3046,0,84,503,755,628,210,237,125,238,143,34,89,0,0,0,0,98,0.77
Course 3,183,65,2.82,0.29,97,100.0,0,0,0,0,0,90,100.0,34.06,1333,0.0,0.0,0.0,0.0,0.0,0.0,0.0,0.0,11.95,35,1587.0,10,2588,2984,3050,3050,0,91,732,871,706,188,246,35,115,35,31,0,0,0,0,0,86,0.781
Course 3,238,89,2.67,0.38,203,100.0,0,0,0,0,0,106,100.0,33.73,1327,0.0,0.0,0.0,0.0,0.0,0.0,0.0,0.0,9.22,53,8866.0,12,2342,2876,3141,3141,14,210,492,792,569,265,364,35,135,99,98,68,0,0,0,0,105,0.814
Course 3,160,77,2.08,0.33,161,100.0,0,0,0,0,0,93,100.0,36.63,1269,0.0,0.0,0.0,0.0,0.0,0.0,0.0,0.0,9.92,37,3578.0,10,2482,2810,2936,2936,0,146,619,886,648,183,171,93,64,93,0,33,0,0,0,0,91,0.742
Course 3,179,90,1.99,0.38,67,100.0,0,0,0,0,0,97,100.0,31.04,1282,0.0,0.0,0.0,0.0,0.0,0.0,0.0,0.0,12.86,44,3632.0,11,2230,2778,3276,3276,0,267,330,867,666,100,178,34,336,170,157,171,0,0,0,0,97,0.788
Course 3,212,82,2.59,0.35,112,100.0,0,0,0,0,0,102,100.0,36.85,2290,0.0,0.0,0.0,0.0,0.0,0.0,0.0,0.0,9.62,41,5395.0,12,4243,4704,5068,5068,213,179,679,1668,1191,313,264,37,160,161,114,89,0,0,0,0,98,0.794
Course 3,86,50,1.72,0.22,24,100.0,0,0,0,0,0,50,100.0,36.32,634,0.0,0.0,0.0,0.0,0.0,0.0,0.0,0.0,14.61,15,1051.0,6,1415,1596,1632,1632,0,24,575,422,394,0,0,0,181,0,0,36,0,0,0,0,50,0.537
Course 3,267,93,2.87,0.4,161,100.0,0,0,0,0,0,99,100.0,32.06,1516,0.0,0.0,0.0,0.0,0.0,0.0,0.0,0.0,12.44,57,5892.0,12,2561,3059,3591,3591,84,126,440,969,756,186,179,86,233,200,187,145,0,0,0,0,97,0.81
Course 3,310,98,3.16,0.41,142,100.0,0,0,0,0,0,74,100.0,34.75,1132,0.0,0.0,0.0,0.0,0.0,0.0,0.0,0.0,10.78,41,4466.0,11,2023,2461,2619,2619,0,78,418,788,649,90,199,41,198,81,6,71,0,0,0,0,72,0.756
Course 3,226,93,2.43,0.39,193,100.0,0,0,0,0,0,114,100.0,24.35,1574,0.0,0.0,0.0,0.0,0.0,0.0,0.0,0.0,9.41,47,4823.0,12,2891,3349,3648,3648,9,391,405,1255,623,208,277,58,123,135,101,63,0,0,0,0,105,0.79
Course 3,250,105,2.38,0.45,154,100.0,0,0,0,0,0,106,100.0,36.27,1473,0.0,0.0,0.0,0.0,0.0,0.0,0.0,0.0,11.13,55,4914.0,12,2598,3256,3503,3503,59,297,513,871,679,179,305,42,311,136,54,57,0,0,0,0,101,0.82
Course 3,151,90,1.68,0.38,49,100.0,0,0,0,0,0,90,100.0,35.32,1128,0.0,0.0,0.0,0.0,0.0,0.0,0.0,0.0,12.64,38,3549.0,11,2206,2478,2770,2770,0,3,601,809,622,171,173,31,68,136,93,63,0,0,0,0,90,0.76
Course 3,186,84,2.21,0.36,140,100.0,0,0,0,0,0,116,100.0,31.89,1460,0.0,0.0,0.0,0.0,0.0,0.0,0.0,0.0,10.41,52,5715.0,12,2604,3008,3377,3377,30,386,435,885,688,180,291,38,75,131,107,131,0,0,0,0,108,0.797
Course 3,173,85,2.04,0.36,106,100.0,0,0,0,0,0,105,100.0,32.7,1426,0.0,0.0,0.0,0.0,0.0,0.0,0.0,0.0,10.37,41,5542.0,11,2577,3028,3295,3295,0,446,418,884,651,178,331,37,83,128,97,42,0,0,0,0,102,0.777
Course 3,176,62,2.84,0.28,126,100.0,0,0,0,0,0,73,100.0,37.66,1143,0.0,0.0,0.0,0.0,0.0,0.0,0.0,0.0,9.22,27,3277.0,7,2316,2511,2511,2511,0,147,648,972,460,89,148,47,0,0,0,0,0,0,0,0,73,0.82
Course 3,152,79,1.92,0.33,116,100.0,0,0,0,0,0,99,100.0,29.72,1281,0.0,0.0,0.0,0.0,0.0,0.0,0.0,0.0,14.04,46,7034.0,11,2062,2400,2941,2944,0,100,389,810,674,89,180,0,158,149,207,185,3,0,0,0,95,0.762
Course 3,314,112,2.8,0.47,298,100.0,0,0,0,0,0,129,100.0,34.18,1827,0.0,0.0,0.0,0.0,0.0,0.0,0.0,0.0,9.86,72,19121.0,13,3315,3853,4265,4266,15,545,432,933,797,593,316,37,185,159,123,130,1,0,0,0,127,0.858
Course 3,213,87,2.45,0.37,129,100.0,0,0,0,0,0,88,100.0,33.54,1386,0.0,0.0,0.0,0.0,0.0,0.0,0.0,0.0,11.88,37,3906.0,11,2507,2907,3193,3193,0,109,622,932,728,116,190,114,96,159,82,45,0,0,0,0,83,0.786
Course 3,217,66,3.29,0.28,122,100.0,0,0,0,0,0,95,100.0,32.2,1254,0.0,0.0,0.0,0.0,0.0,0.0,0.0,0.0,11.22,37,4387.0,11,2283,2623,2895,2895,0,100,610,794,694,85,159,104,77,105,67,100,0,0,0,0,92,0.751
Course 3,331,99,3.34,0.42,146,100.0,0,0,0,0,0,102,100.0,34.48,1451,0.0,0.0,0.0,0.0,0.0,0.0,0.0,0.0,9.14,46,5945.0,11,2663,2977,3419,3419,0,395,373,1080,641,174,176,37,101,179,129,134,0,0,0,0,100,0.79
Course 3,160,68,2.35,0.29,112,100.0,0,0,0,0,0,91,100.0,36.05,1221,0.0,0.0,0.0,0.0,0.0,0.0,0.0,0.0,14.09,34,2383.0,11,2173,2615,2841,2841,0,165,640,668,699,1,173,37,232,62,44,120,0,0,0,0,89,0.759
Course 3,234,81,2.89,0.34,133,100.0,0,0,0,0,0,92,100.0,32.11,1146,0.0,0.0,0.0,0.0,0.0,0.0,0.0,0.0,11.13,39,2920.0,11,2287,2546,2728,2728,0,97,698,725,679,88,92,94,73,30,29,123,0,0,0,0,90,0.76
Course 3,204,87,2.34,0.37,137,100.0,0,0,0,0,0,122,100.0,30.86,1426,0.0,0.0,0.0,0.0,0.0,0.0,0.0,0.0,12.39,50,6275.0,12,2434,2956,3375,3375,1,146,532,815,661,279,179,130,213,155,71,193,0,0,0,0,115,0.79
Course 3,439,111,3.95,0.47,243,100.0,0,0,0,0,0,133,100.0,33.17,1713,0.0,0.0,0.0,0.0,0.0,0.0,0.0,0.0,10.32,68,13178.0,13,3010,3509,3968,3969,282,238,501,879,750,360,237,115,147,131,178,150,1,0,0,0,123,0.848
Course 3,170,64,2.66,0.28,122,100.0,0,0,0,0,0,86,100.0,35.47,1188,0.0,0.0,0.0,0.0,0.0,0.0,0.0,0.0,10.5,34,4880.0,9,2382,2688,2755,2755,0,96,716,863,535,172,188,39,79,67,0,0,0,0,0,0,83,0.789
Course 3,230,110,2.09,0.47,68,100.0,0,0,0,0,0,118,100.0,28.94,1496,0.0,0.0,0.0,0.0,0.0,0.0,0.0,0.0,12.83,58,8460.0,12,2715,3242,3878,3878,4,303,654,933,721,100,189,119,219,229,189,218,0,0,0,0,113,0.834
Course 3,194,77,2.52,0.33,109,100.0,0,0,0,0,0,78,100.0,33.51,1391,0.0,0.0,0.0,0.0,0.0,0.0,0.0,0.0,14.45,37,4468.0,9,3210,3347,3468,3468,0,680,538,1229,763,0,103,0,34,30,32,59,0,0,0,0,71,0.748
Course 3,171,97,1.76,0.41,93,100.0,0,0,0,0,0,101,100.0,30.36,1205,0.0,0.0,0.0,0.0,0.0,0.0,0.0,0.0,11.89,42,4234.0,10,2144,2577,2907,2907,0,73,731,860,480,0,43,153,237,162,166,2,0,0,0,0,98,0.781
Course 3,178,92,1.93,0.39,176,100.0,0,0,0,0,0,103,100.0,29.16,1261,0.0,0.0,0.0,0.0,0.0,0.0,0.0,0.0,7.26,51,4647.0,11,1863,2529,3147,3147,0,124,130,873,649,87,336,45,285,211,221,186,0,0,0,0,101,0.814
Course 3,111,45,2.47,0.19,63,100.0,0,0,0,0,0,61,100.0,31.38,523,0.0,0.0,0.0,0.0,0.0,0.0,0.0,0.0,11.41,24,1860.0,11,972,1226,1303,1303,1,19,490,79,383,0,148,1,105,20,30,27,0,0,0,0,61,0.609
Course 3,142,54,2.63,0.23,87,100.0,0,0,0,0,0,57,100.0,32.92,687,0.0,0.0,0.0,0.0,0.0,0.0,0.0,0.0,12.05,25,3177.0,7,1568,1573,1576,1576,0,45,633,539,339,12,5,0,0,0,0,3,0,0,0,0,54,0.499
Course 3,201,93,2.16,0.39,70,100.0,0,0,0,0,0,83,100.0,8.01,892,0.0,0.0,0.0,0.0,0.0,0.0,0.0,0.0,10.58,45,6417.0,10,1469,1812,2194,2194,0,87,266,714,402,0,117,75,151,124,121,137,0,0,0,0,81,0.764
Course 3,164,84,1.95,0.36,77,100.0,0,0,0,0,0,87,100.0,36.28,1232,0.0,0.0,0.0,0.0,0.0,0.0,0.0,0.0,11.38,39,5174.0,11,2356,2739,2973,2973,180,362,619,627,568,0,18,29,336,56,87,91,0,0,0,0,84,0.736
Course 3,133,60,2.22,0.26,150,100.0,0,0,0,0,0,69,100.0,40.22,1131,0.0,0.0,0.0,0.0,0.0,0.0,0.0,0.0,9.16,32,5853.0,11,2249,2358,2538,2538,0,80,652,830,671,16,102,6,1,69,67,44,0,0,0,0,69,0.745
Course 3,291,120,2.43,0.5,304,100.0,0,0,0,0,0,134,100.0,28.91,1546,0.0,0.0,0.0,0.0,0.0,0.0,0.0,0.0,5.81,71,15071.0,13,2653,3213,3871,3876,10,165,630,819,657,372,286,49,225,180,238,240,5,0,0,0,126,0.849
Course 3,206,93,2.22,0.39,213,100.0,0,0,0,0,0,124,100.0,31.75,1456,0.0,0.0,0.0,0.0,0.0,0.0,0.0,0.0,8.99,50,4592.0,10,2339,2896,3571,3571,0,149,647,873,670,0,338,41,178,198,246,231,0,0,0,0,118,0.809
Course 3,252,82,3.07,0.34,203,100.0,0,0,0,0,0,96,100.0,35.36,1351,0.0,0.0,0.0,0.0,0.0,0.0,0.0,0.0,7.02,44,15995.0,11,2399,3023,3184,3185,0,99,709,793,708,90,402,50,172,148,13,0,1,0,0,0,95,0.779
Course 3,308,95,3.24,0.4,194,100.0,0,0,0,0,0,110,100.0,33.63,1497,0.0,0.0,0.0,0.0,0.0,0.0,0.0,0.0,9.83,49,3463.0,11,2750,3222,3584,3584,0,213,913,862,675,87,276,39,157,150,152,60,0,0,0,0,107,0.832
Course 3,237,91,2.6,0.39,225,100.0,0,0,0,0,0,112,100.0,29.37,1195,0.0,0.0,0.0,0.0,0.0,0.0,0.0,0.0,7.86,54,7349.0,12,2125,2644,2978,2978,147,271,381,766,558,2,281,35,203,175,65,94,0,0,0,0,105,0.792
Course 3,181,70,2.59,0.31,141,100.0,0,0,0,0,0,67,100.0,30.5,1034,0.0,0.0,0.0,0.0,0.0,0.0,0.0,0.0,9.81,32,4144.0,10,1958,2303,2357,2357,6,47,326,808,669,102,160,42,143,54,0,0,0,0,0,0,67,0.733
Course 3,178,65,2.74,0.29,162,100.0,0,0,0,0,0,69,100.0,32.59,938,0.0,0.0,0.0,0.0,0.0,0.0,0.0,0.0,8.59,31,3495.0,9,1884,2077,2247,2247,0,122,378,804,580,0,123,23,47,105,65,0,0,0,0,0,65,0.732
Course 3,137,67,2.04,0.3,104,100.0,0,0,0,0,0,80,100.0,31.44,1137,0.0,0.0,0.0,0.0,0.0,0.0,0.0,0.0,9.08,34,2319.0,9,1969,2567,2766,2766,0,40,342,827,672,88,365,34,199,199,0,0,0,0,0,0,79,0.777
Course 3,135,55,2.45,0.24,103,100.0,0,0,0,0,0,75,100.0,40.57,1192,0.0,0.0,0.0,0.0,0.0,0.0,0.0,0.0,9.78,30,3976.0,10,2447,2707,2709,2710,0,85,728,868,760,6,148,35,77,2,0,0,1,0,0,0,73,0.699
Course 3,110,47,2.34,0.21,15,100.0,0,0,0,0,0,6,100.0,44.17,93,0.0,0.0,0.0,0.0,0.0,0.0,0.0,0.0,10.64,7,1517.0,5,211,211,211,211,1,0,196,8,3,3,0,0,0,0,0,0,0,0,0,0,4,0.442
Course 3,86,41,2.1,0.2,37,100.0,0,0,0,0,0,26,100.0,39.95,421,0.0,0.0,0.0,0.0,0.0,0.0,0.0,0.0,10.12,14,786.0,5,927,930,930,930,0,35,259,188,445,0,0,3,0,0,0,0,0,0,0,0,25,0.623
Course 3,79,37,2.14,0.16,22,100.0,0,0,0,0,0,20,100.0,38.03,231,0.0,0.0,0.0,0.0,0.0,0.0,0.0,0.0,7.98,8,2017.0,5,531,533,533,533,0,18,410,102,1,0,2,0,0,0,0,0,0,0,0,0,19,0.537
Course 3,168,74,2.27,0.32,86,100.0,0,0,0,0,0,58,100.0,40.62,1032,0.0,0.0,0.0,0.0,0.0,0.0,0.0,0.0,9.01,30,2429.0,9,2155,2348,2350,2350,0,114,492,871,678,0,152,3,38,1,0,1,0,0,0,0,57,0.708
Course 3,172,76,2.26,0.32,101,100.0,0,0,0,0,0,78,100.0,31.39,1005,0.0,0.0,0.0,0.0,0.0,0.0,0.0,0.0,9.39,42,6112.0,12,1749,2099,2423,2423,1,102,255,593,625,173,110,108,132,142,122,60,0,0,0,0,76,0.74
Course 3,68,32,2.13,0.16,31,100.0,0,0,0,0,0,34,100.0,26.69,590,0.0,0.0,0.0,0.0,0.0,0.0,0.0,0.0,11.06,18,710.0,7,1235,1392,1392,1392,0,22,0,485,637,91,89,35,33,0,0,0,0,0,0,0,33,0.668
Course 3,159,80,1.99,0.34,125,100.0,0,0,0,0,0,95,100.0,26.33,1157,0.0,0.0,0.0,0.0,0.0,0.0,0.0,0.0,14.73,45,7484.0,11,1758,2278,2638,2638,0,389,199,594,493,83,342,35,143,86,151,123,0,0,0,0,91,0.781
Course 3,112,40,2.8,0.18,7,100.0,0,0,0,0,0,12,100.0,26.25,101,0.0,0.0,0.0,0.0,0.0,0.0,0.0,0.0,13.62,7,217.0,2,245,245,245,245,0,0,208,37,0,0,0,0,0,0,0,0,0,0,0,0,11,0.775
Course 3,127,62,2.05,0.26,93,100.0,0,0,0,0,0,72,100.0,35.74,1204,0.0,0.0,0.0,0.0,0.0,0.0,0.0,0.0,10.09,32,2675.0,9,2266,2742,2754,2754,0,98,412,1114,555,87,301,43,132,12,0,0,0,0,0,0,71,0.78
Course 3,176,85,2.07,0.36,161,100.0,0,0,0,0,0,126,100.0,30.67,1387,0.0,0.0,0.0,0.0,0.0,0.0,0.0,0.0,10.28,58,7146.0,11,2494,2924,3503,3503,0,236,660,892,620,86,269,35,126,180,202,197,0,0,0,0,120,0.814
Course 3,104,47,2.21,0.2,79,100.0,0,0,0,0,0,61,100.0,37.59,1101,0.0,0.0,0.0,0.0,0.0,0.0,0.0,0.0,10.16,23,2668.0,7,2142,2377,2416,2416,0,37,513,827,583,182,0,235,0,0,0,39,0,0,0,0,58,0.57
Course 3,97,53,1.83,0.22,59,100.0,0,0,0,0,0,41,100.0,33.81,597,0.0,0.0,0.0,0.0,0.0,0.0,0.0,0.0,10.35,21,3263.0,7,1121,1397,1400,1400,0,52,172,438,459,0,276,0,0,2,0,1,0,0,0,0,39,0.57
Course 3,202,81,2.49,0.36,162,100.0,0,0,0,0,0,80,100.0,29.94,1220,0.0,0.0,0.0,0.0,0.0,0.0,0.0,0.0,11.88,43,5422.0,10,2155,2548,2834,2834,0,82,383,759,666,265,197,27,169,177,109,0,0,0,0,0,78,0.81
Course 3,154,70,2.2,0.3,172,100.0,0,0,0,0,0,103,100.0,33.79,1460,0.0,0.0,0.0,0.0,0.0,0.0,0.0,0.0,11.85,40,6684.0,11,2525,3039,3439,3439,0,68,784,847,713,113,268,167,79,186,129,85,0,0,0,0,102,0.781
Course 3,200,101,1.98,0.43,159,100.0,0,0,0,0,0,102,100.0,31.93,1041,0.0,0.0,0.0,0.0,0.0,0.0,0.0,0.0,13.78,62,9536.0,12,1806,2173,2594,2594,106,348,305,563,379,105,207,90,70,101,198,122,0,0,0,0,102,0.796
Course 3,108,57,1.89,0.26,37,100.0,0,0,0,0,0,34,100.0,36.86,682,0.0,0.0,0.0,0.0,0.0,0.0,0.0,0.0,12.29,20,1275.0,7,1456,1457,1458,1458,0,74,293,644,361,84,1,0,0,1,0,0,0,0,0,0,33,0.608
Course 3,171,72,2.38,0.33,159,100.0,0,0,0,0,0,118,100.0,33.23,1669,0.0,0.0,0.0,0.0,0.0,0.0,0.0,0.0,10.28,48,5386.0,11,2777,3273,3744,3744,0,77,693,1055,793,159,203,149,144,177,155,139,0,0,0,0,114,0.817
Course 3,160,83,1.93,0.35,109,100.0,0,0,0,0,0,117,100.0,31.28,1462,0.0,0.0,0.0,0.0,0.0,0.0,0.0,0.0,13.53,46,6404.0,11,2450,2983,3449,3449,0,287,603,790,652,118,206,34,293,78,251,137,0,0,0,0,114,0.789
Course 3,162,73,2.22,0.31,132,100.0,0,0,0,0,0,85,100.0,28.1,1139,0.0,0.0,0.0,0.0,0.0,0.0,0.0,0.0,10.85,39,3339.0,12,1992,2389,2620,2626,0,98,415,764,625,90,271,41,85,83,115,33,6,0,0,0,79,0.769
Course 3,175,77,2.27,0.33,107,100.0,0,0,0,0,0,92,100.0,29.52,1197,0.0,0.0,0.0,0.0,0.0,0.0,0.0,0.0,12.9,44,9089.0,12,1915,2291,2677,2677,1,53,358,776,645,82,155,52,169,127,172,87,0,0,0,0,88,0.755
Course 3,101,30,3.37,0.13,46,100.0,0,0,0,0,0,16,100.0,24.75,195,0.0,0.0,0.0,0.0,0.0,0.0,0.0,0.0,7.75,12,1649.0,7,418,418,464,464,0,22,194,107,95,0,0,0,0,18,1,27,0,0,0,0,16,0.343
Course 3,340,121,2.81,0.51,234,100.0,0,0,0,0,0,148,100.0,31.69,2021,0.0,0.0,0.0,0.0,0.0,0.0,0.0,0.0,12.66,75,12355.0,13,3387,4124,4794,4795,247,451,350,925,777,637,380,145,212,230,223,217,1,0,0,0,123,0.871
Course 3,95,42,2.26,0.19,21,100.0,0,0,0,0,0,31,100.0,41.18,291,0.0,0.0,0.0,0.0,0.0,0.0,0.0,0.0,10.95,9,968.0,4,661,665,665,665,0,40,555,66,0,0,4,0,0,0,0,0,0,0,0,0,31,0.575
Course 3,154,67,2.3,0.31,85,100.0,0,0,0,0,0,66,100.0,30.7,983,0.0,0.0,0.0,0.0,0.0,0.0,0.0,0.0,12.67,31,4649.0,9,2018,2217,2233,2233,0,77,481,633,674,153,67,34,98,16,0,0,0,0,0,0,57,0.77
Course 3,185,78,2.37,0.33,106,100.0,0,0,0,0,0,73,100.0,34.48,1111,0.0,0.0,0.0,0.0,0.0,0.0,0.0,0.0,9.24,38,4833.0,11,2061,2420,2523,2523,0,68,370,909,611,103,172,79,108,27,36,40,0,0,0,0,70,0.768
Course 3,177,90,1.97,0.38,137,100.0,0,0,0,0,0,118,100.0,33.68,1563,0.0,0.0,0.0,0.0,0.0,0.0,0.0,0.0,12.51,52,6574.0,11,2771,3182,3639,3639,0,232,595,874,684,386,274,88,49,72,205,180,0,0,0,0,112,0.825
Course 3,85,41,2.07,0.2,46,100.0,0,0,0,0,0,30,100.0,37.25,467,0.0,0.0,0.0,0.0,0.0,0.0,0.0,0.0,10.23,15,1434.0,4,1076,1076,1076,1076,0,52,184,368,472,0,0,0,0,0,0,0,0,0,0,0,29,0.832
Course 3,126,67,1.88,0.29,69,100.0,0,0,0,0,0,42,100.0,33.29,665,0.0,0.0,0.0,0.0,0.0,0.0,0.0,0.0,9.4,23,1389.0,6,1414,1477,1531,1531,0,0,294,577,543,0,23,0,40,54,0,0,0,0,0,0,42,0.659
Course 3,172,73,2.36,0.31,146,100.0,0,0,0,0,0,96,100.0,30.63,1139,0.0,0.0,0.0,0.0,0.0,0.0,0.0,0.0,11.65,46,5035.0,12,2039,2443,2748,2754,100,292,377,594,585,91,196,70,138,137,168,0,6,0,0,0,96,0.752
Course 3,158,78,2.03,0.33,100,100.0,0,0,0,0,0,87,100.0,34.8,1172,0.0,0.0,0.0,0.0,0.0,0.0,0.0,0.0,9.28,42,3445.0,11,2133,2395,2789,2789,0,42,448,812,660,171,105,65,92,179,112,103,0,0,0,0,87,0.774
Course 3,189,82,2.3,0.35,116,100.0,0,0,0,0,0,114,100.0,32.76,1534,0.0,0.0,0.0,0.0,0.0,0.0,0.0,0.0,8.67,47,3742.0,11,2642,3160,3622,3622,0,196,660,926,681,179,349,45,124,82,120,260,0,0,0,0,113,0.798
Course 3,181,65,2.78,0.28,123,100.0,0,0,0,0,0,75,100.0,36.03,1188,0.0,0.0,0.0,0.0,0.0,0.0,0.0,0.0,7.96,33,2399.0,12,2375,2765,2831,2831,2,144,529,856,670,174,261,75,54,24,41,1,0,0,0,0,71,0.732
Course 3,169,77,2.19,0.34,196,100.0,0,0,0,0,0,98,100.0,32.33,1250,0.0,0.0,0.0,0.0,0.0,0.0,0.0,0.0,9.66,44,3743.0,12,2181,2714,3112,3112,1,97,445,802,664,172,346,33,154,100,184,114,0,0,0,0,96,0.776
Course 3,178,69,2.58,0.31,120,100.0,0,0,0,0,0,74,100.0,31.68,995,0.0,0.0,0.0,0.0,0.0,0.0,0.0,0.0,9.21,32,3127.0,10,1989,2316,2382,2382,0,141,462,774,611,1,194,133,0,1,8,57,0,0,0,0,69,0.671
Course 3,262,92,2.85,0.39,215,100.0,0,0,0,0,0,92,100.0,34.21,1358,0.0,0.0,0.0,0.0,0.0,0.0,0.0,0.0,11.08,47,13224.0,11,2517,3035,3235,3235,66,135,702,826,788,0,226,76,216,70,28,102,0,0,0,0,92,0.774
Course 3,100,54,1.85,0.23,35,100.0,0,0,0,0,0,71,100.0,35.95,1003,0.0,0.0,0.0,0.0,0.0,0.0,0.0,0.0,12.55,28,3948.0,10,1815,2089,2257,2263,0,56,500,699,538,22,235,39,0,0,119,49,6,0,0,0,68,0.626
Course 3,332,118,2.81,0.5,171,100.0,0,0,0,0,0,123,100.0,31.48,1554,0.0,0.0,0.0,0.0,0.0,0.0,0.0,0.0,10.19,68,9221.0,12,2659,3121,3669,3669,228,336,424,979,613,79,188,127,147,146,217,185,0,0,0,0,121,0.833
Course 3,153,64,2.39,0.29,111,100.0,0,0,0,0,0,83,100.0,31.67,1197,0.0,0.0,0.0,0.0,0.0,0.0,0.0,0.0,9.19,29,4640.0,9,2379,2706,2730,2730,0,208,612,794,676,89,274,34,19,24,0,0,0,0,0,0,76,0.749
Course 3,180,81,2.22,0.35,94,100.0,0,0,0,0,0,63,100.0,28.73,827,0.0,0.0,0.0,0.0,0.0,0.0,0.0,0.0,7.62,32,5243.0,10,1645,1896,1980,1980,21,66,237,695,626,0,158,93,0,25,29,30,0,0,0,0,63,0.667
Course 3,155,66,2.35,0.28,81,100.0,0,0,0,0,0,68,100.0,34.82,928,0.0,0.0,0.0,0.0,0.0,0.0,0.0,0.0,10.65,30,4212.0,12,1818,1927,2114,2114,4,93,454,866,313,88,42,36,31,53,65,69,0,0,0,0,67,0.676
Course 3,164,65,2.52,0.27,98,100.0,0,0,0,0,0,65,100.0,28.12,873,0.0,0.0,0.0,0.0,0.0,0.0,0.0,0.0,10.04,35,1526.0,11,1475,1734,2026,2030,0,1,341,534,599,0,175,39,45,108,74,110,4,0,0,0,63,0.7
Course 3,180,77,2.34,0.33,165,100.0,0,0,0,0,0,106,100.0,31.94,1260,0.0,0.0,0.0,0.0,0.0,0.0,0.0,0.0,10.94,48,5480.0,11,2085,2569,3024,3024,0,512,519,739,304,11,122,17,345,37,202,216,0,0,0,0,103,0.797
Course 3,176,92,1.91,0.39,101,100.0,0,0,0,0,0,66,100.0,35.63,991,0.0,0.0,0.0,0.0,0.0,0.0,0.0,0.0,9.43,31,1737.0,11,2117,2206,2340,2340,0,153,459,807,629,69,87,1,1,41,39,54,0,0,0,0,64,0.72
Course 3,91,54,1.69,0.26,62,100.0,0,0,0,0,0,39,100.0,32.61,621,0.0,0.0,0.0,0.0,0.0,0.0,0.0,0.0,9.5,19,1631.0,5,1398,1442,1442,1442,0,56,301,682,359,0,44,0,0,0,0,0,0,0,0,0,36,0.727
Course 3,343,121,2.83,0.51,232,100.0,0,0,0,0,0,126,100.0,33.62,1788,0.0,0.0,0.0,0.0,0.0,0.0,0.0,0.0,11.04,70,11017.0,12,3230,3813,4354,4354,514,617,354,919,713,113,226,55,302,111,248,182,0,0,0,0,123,0.857
Course 3,210,101,2.08,0.42,156,100.0,0,0,0,0,0,125,100.0,31.84,1658,0.0,0.0,0.0,0.0,0.0,0.0,0.0,0.0,10.42,52,6902.0,12,2639,3273,3918,3921,0,204,715,935,699,86,447,53,134,186,218,241,3,0,0,0,119,0.812
Course 3,190,116,1.64,0.49,102,100.0,0,0,0,0,0,108,100.0,30.68,1288,0.0,0.0,0.0,0.0,0.0,0.0,0.0,0.0,11.92,60,4685.0,12,2643,3039,3321,3321,301,358,305,766,571,342,251,39,106,133,88,61,0,0,0,0,108,0.824
Course 3,234,99,2.36,0.42,200,100.0,0,0,0,0,0,119,100.0,32.94,1564,0.0,0.0,0.0,0.0,0.0,0.0,0.0,0.0,11.82,56,12471.0,12,2573,3108,3778,3780,0,130,767,855,730,91,219,139,177,195,233,242,2,0,0,0,118,0.826
Course 3,248,94,2.64,0.4,179,100.0,0,0,0,0,0,105,100.0,34.35,1548,0.0,0.0,0.0,0.0,0.0,0.0,0.0,0.0,11.65,51,8813.0,11,2688,3244,3802,3802,0,168,882,886,670,82,223,36,297,205,227,126,0,0,0,0,103,0.824
Course 3,270,107,2.52,0.46,131,100.0,0,0,0,0,0,118,100.0,29.98,1370,0.0,0.0,0.0,0.0,0.0,0.0,0.0,0.0,11.29,55,4240.0,12,2340,2837,3391,3391,175,256,290,849,668,102,200,157,140,183,196,175,0,0,0,0,112,0.801
Course 3,157,65,2.42,0.27,89,100.0,0,0,0,0,0,67,100.0,33.49,976,0.0,0.0,0.0,0.0,0.0,0.0,0.0,0.0,10.5,33,2062.0,10,1975,2087,2250,2250,0,94,521,794,480,86,110,0,2,1,124,38,0,0,0,0,67,0.719
Course 3,168,73,2.3,0.31,93,100.0,0,0,0,0,0,70,100.0,25.02,826,0.0,0.0,0.0,0.0,0.0,0.0,0.0,0.0,11.61,28,4228.0,11,1516,1815,1965,1965,12,1,431,560,512,0,74,26,199,107,14,29,0,0,0,0,67,0.678
Course 3,79,53,1.49,0.24,27,100.0,0,0,0,0,0,27,100.0,40.24,340,0.0,0.0,0.0,0.0,0.0,0.0,0.0,0.0,12.36,13,1021.0,4,798,798,798,798,0,88,248,387,75,0,0,0,0,0,0,0,0,0,0,0,27,0.809
Course 3,125,62,2.02,0.27,58,100.0,0,0,0,0,0,62,100.0,35.97,1109,0.0,0.0,0.0,0.0,0.0,0.0,0.0,0.0,14.73,28,3912.0,9,2191,2349,2447,2447,0,94,381,923,522,271,120,38,0,69,29,0,0,0,0,0,60,0.694
Course 3,110,54,2.04,0.25,73,100.0,0,0,0,0,0,69,100.0,37.71,1496,0.0,0.0,0.0,0.0,0.0,0.0,0.0,0.0,12.57,29,4696.0,10,2961,3192,3235,3235,1,82,473,1345,907,153,189,41,1,43,0,0,0,0,0,0,62,0.758
Course 3,198,95,2.08,0.4,89,100.0,0,0,0,0,0,106,100.0,34.87,1887,0.0,0.0,0.0,0.0,0.0,0.0,0.0,0.0,14.2,51,7449.0,12,3366,3813,4248,4248,8,204,634,1308,1063,149,231,93,123,113,146,176,0,0,0,0,103,0.809
Course 3,76,33,2.3,0.15,81,100.0,0,0,0,0,0,41,100.0,33.25,603,0.0,0.0,0.0,0.0,0.0,0.0,0.0,0.0,8.68,17,1256.0,4,1351,1351,1351,1351,0,64,283,685,319,0,0,0,0,0,0,0,0,0,0,0,37,0.851
Course 3,147,67,2.19,0.3,97,100.0,0,0,0,0,0,59,100.0,30.58,929,0.0,0.0,0.0,0.0,0.0,0.0,0.0,0.0,12.55,31,5364.0,9,1765,2140,2160,2160,0,47,341,750,527,100,168,33,174,20,0,0,0,0,0,0,55,0.76
Course 3,228,105,2.17,0.44,148,100.0,0,0,0,0,0,123,100.0,33.46,1364,0.0,0.0,0.0,0.0,0.0,0.0,0.0,0.0,11.47,67,9221.0,13,2423,2916,3617,3621,219,373,338,772,632,89,240,80,173,196,252,253,4,0,0,0,123,0.833
Course 3,130,59,2.2,0.25,98,100.0,0,0,0,0,0,75,100.0,38.22,1150,0.0,0.0,0.0,0.0,0.0,0.0,0.0,0.0,13.74,29,3712.0,9,2136,2537,2541,2541,0,77,638,686,645,90,98,67,236,4,0,0,0,0,0,0,74,0.77
Course 3,156,54,2.89,0.24,97,100.0,0,0,0,0,0,81,100.0,33.63,1769,0.0,0.0,0.0,0.0,0.0,0.0,0.0,0.0,14.23,29,3431.0,7,3521,3887,3920,3920,0,0,385,1627,865,644,106,0,260,33,0,0,0,0,0,0,66,0.769
Course 3,181,72,2.51,0.31,141,100.0,0,0,0,0,0,100,100.0,28.53,1417,0.0,0.0,0.0,0.0,0.0,0.0,0.0,0.0,13.39,48,7489.0,12,2884,3255,3331,3331,233,232,380,812,728,499,90,3,278,43,32,1,0,0,0,0,98,0.79
Course 3,120,44,2.73,0.22,174,100.0,0,0,0,0,0,90,100.0,36.99,1514,0.0,0.0,0.0,0.0,0.0,0.0,0.0,0.0,14.12,31,4573.0,7,3076,3420,3420,3420,0,65,620,795,846,750,175,169,0,0,0,0,0,0,0,0,85,0.868
Course 3,113,43,2.63,0.2,150,100.0,0,0,0,0,0,69,100.0,32.97,1092,0.0,0.0,0.0,0.0,0.0,0.0,0.0,0.0,14.54,32,4550.0,7,2369,2596,2596,2596,0,81,522,699,602,465,0,43,184,0,0,0,0,0,0,0,68,0.799
Course 3,138,55,2.51,0.28,175,100.0,0,0,0,0,0,68,100.0,20.24,1059,0.0,0.0,0.0,0.0,0.0,0.0,0.0,0.0,13.15,29,4301.0,6,2290,2371,2371,2371,0,176,498,681,590,345,81,0,0,0,0,0,0,0,0,0,66,0.889
Course 3,162,83,1.95,0.35,356,100.0,0,0,0,0,0,106,100.0,33.26,1974,0.0,0.0,0.0,0.0,0.0,0.0,0.0,0.0,8.7,67,17868.0,12,3854,4065,4539,4539,72,363,360,1386,1017,656,90,56,65,149,187,138,0,0,0,0,103,0.854
Course 3,109,53,2.06,0.23,133,100.0,0,0,0,0,0,87,100.0,24.45,1026,0.0,0.0,0.0,0.0,0.0,0.0,0.0,0.0,12.9,34,4134.0,9,2102,2388,2389,2389,51,148,545,726,489,143,29,0,257,0,0,1,0,0,0,0,87,0.65
Course 3,134,79,1.7,0.34,76,100.0,0,0,0,0,0,104,100.0,36.62,1723,0.0,0.0,0.0,0.0,0.0,0.0,0.0,0.0,13.95,56,5364.0,12,3428,3835,4098,4098,304,442,437,865,748,632,124,127,156,164,52,47,0,0,0,0,101,0.822
Course 3,158,88,1.8,0.37,101,100.0,0,0,0,0,0,136,100.0,34.08,1635,0.0,0.0,0.0,0.0,0.0,0.0,0.0,0.0,10.27,65,8200.0,12,2807,3241,3880,3880,269,293,282,808,635,520,84,148,202,224,220,195,0,0,0,0,136,0.835
Course 3,102,61,1.67,0.27,60,100.0,0,0,0,0,0,79,100.0,42.41,1467,0.0,0.0,0.0,0.0,0.0,0.0,0.0,0.0,13.0,40,3163.0,9,3203,3309,3364,3364,355,362,410,939,672,465,99,7,0,0,55,0,0,0,0,0,79,0.721
Course 3,255,96,2.66,0.41,198,100.0,0,0,0,0,0,140,100.0,32.88,1818,0.0,0.0,0.0,0.0,0.0,0.0,0.0,0.0,9.61,75,17862.0,12,3182,3643,4292,4292,357,346,319,877,727,556,97,156,208,236,214,199,0,0,0,0,136,0.865
Course 3,157,85,1.85,0.36,143,100.0,0,0,0,0,0,129,100.0,27.56,1776,0.0,0.0,0.0,0.0,0.0,0.0,0.0,0.0,13.81,60,7333.0,13,3366,3830,4306,4310,338,362,524,821,768,553,87,140,237,199,211,66,4,0,0,0,125,0.824
Course 3,164,71,2.31,0.31,186,100.0,0,0,0,0,0,106,100.0,25.63,1372,0.0,0.0,0.0,0.0,0.0,0.0,0.0,0.0,14.25,48,3394.0,12,2592,3049,3187,3187,114,262,478,824,522,392,85,227,145,87,42,9,0,0,0,0,103,0.784
Course 3,169,67,2.52,0.29,153,100.0,0,0,0,0,0,117,100.0,28.47,1934,0.0,0.0,0.0,0.0,0.0,0.0,0.0,0.0,13.9,47,5295.0,12,3915,4326,4527,4527,255,261,551,1136,964,748,35,104,272,103,42,56,0,0,0,0,111,0.8
Course 3,155,80,1.94,0.34,134,100.0,0,0,0,0,0,126,100.0,33.39,2100,0.0,0.0,0.0,0.0,0.0,0.0,0.0,0.0,13.23,60,6349.0,12,4140,4634,5167,5167,237,379,575,1272,852,825,110,145,239,134,241,158,0,0,0,0,124,0.836
Course 3,173,81,2.14,0.34,190,100.0,0,0,0,0,0,136,100.0,27.15,2681,0.0,0.0,0.0,0.0,0.0,0.0,0.0,0.0,13.09,63,7928.0,13,4830,5461,5954,5957,153,307,834,1485,1133,918,143,227,261,99,254,140,3,0,0,0,123,0.85
Course 3,187,93,2.01,0.39,121,100.0,0,0,0,0,0,137,100.0,32.8,1867,0.0,0.0,0.0,0.0,0.0,0.0,0.0,0.0,11.26,71,12533.0,13,3094,3706,4397,4399,315,330,369,836,677,567,94,188,330,240,235,216,2,0,0,0,135,0.854
Course 3,110,52,2.12,0.23,92,100.0,0,0,0,0,0,92,100.0,32.69,1370,0.0,0.0,0.0,0.0,0.0,0.0,0.0,0.0,13.29,33,6002.0,10,2897,3147,3222,3222,51,129,648,832,696,541,88,127,35,75,0,0,0,0,0,0,92,0.748
Course 3,178,74,2.41,0.32,229,100.0,0,0,0,0,0,139,100.0,26.75,1721,0.0,0.0,0.0,0.0,0.0,0.0,0.0,0.0,14.81,59,4429.0,12,3123,3657,4148,4148,360,333,348,899,708,475,55,201,278,163,225,103,0,0,0,0,124,0.816
Course 3,175,86,2.03,0.37,49,100.0,0,0,0,0,0,117,100.0,33.07,2286,0.0,0.0,0.0,0.0,0.0,0.0,0.0,0.0,13.38,58,6530.0,12,4259,4748,5062,5062,379,420,445,1314,974,727,95,151,243,111,169,34,0,0,0,0,112,0.857
Course 3,196,90,2.18,0.38,115,100.0,0,0,0,0,0,137,100.0,33.28,1727,0.0,0.0,0.0,0.0,0.0,0.0,0.0,0.0,11.12,70,7650.0,13,3087,3499,4107,4108,412,287,336,826,676,550,94,128,190,181,206,221,1,0,0,0,134,0.85
Course 3,133,84,1.58,0.36,160,100.0,0,0,0,0,0,120,100.0,33.99,1823,0.0,0.0,0.0,0.0,0.0,0.0,0.0,0.0,13.0,65,6731.0,12,3663,4322,4863,4863,409,454,468,918,763,651,132,97,430,130,272,139,0,0,0,0,119,0.858
Course 3,114,59,1.93,0.3,116,100.0,0,0,0,0,0,83,100.0,15.59,1284,0.0,0.0,0.0,0.0,0.0,0.0,0.0,0.0,13.79,39,9770.0,8,2967,2978,2978,2978,134,606,767,711,358,391,8,3,0,0,0,0,0,0,0,0,74,0.852
Course 3,106,62,1.71,0.29,6,100.0,0,0,0,0,0,96,100.0,29.6,1587,0.0,0.0,0.0,0.0,0.0,0.0,0.0,0.0,13.07,39,1938.0,9,3286,3670,3670,3670,246,414,352,934,742,598,85,62,237,0,0,0,0,0,0,0,96,0.814
Course 3,147,69,2.13,0.29,196,100.0,0,0,0,0,0,94,100.0,32.91,1462,0.0,0.0,0.0,0.0,0.0,0.0,0.0,0.0,14.36,49,7803.0,10,2455,3063,3475,3475,0,0,296,922,751,486,95,38,475,175,95,142,0,0,0,0,93,0.838
Course 3,184,73,2.52,0.32,152,100.0,0,0,0,0,0,95,100.0,23.92,1415,0.0,0.0,0.0,0.0,0.0,0.0,0.0,0.0,13.02,48,8143.0,11,2983,3307,3385,3385,149,288,569,838,657,482,114,7,203,44,34,0,0,0,0,0,94,0.815
Course 3,192,88,2.18,0.37,132,100.0,0,0,0,0,0,120,100.0,18.8,1706,0.0,0.0,0.0,0.0,0.0,0.0,0.0,0.0,12.82,57,13072.0,12,3693,3859,4196,4196,147,393,754,820,869,710,24,24,118,191,54,92,0,0,0,0,99,0.825
Course 3,122,61,2.0,0.28,107,100.0,0,0,0,0,0,76,100.0,33.54,1100,0.0,0.0,0.0,0.0,0.0,0.0,0.0,0.0,13.0,37,7017.0,9,2567,2636,2637,2637,378,105,669,542,500,373,0,16,53,1,0,0,0,0,0,0,70,0.771
Course 3,200,77,2.6,0.34,166,100.0,0,0,0,0,0,99,100.0,29.75,1782,0.0,0.0,0.0,0.0,0.0,0.0,0.0,0.0,14.36,48,6256.0,11,3359,3772,3861,3861,169,333,547,977,735,598,9,60,344,77,12,0,0,0,0,0,97,0.83
Course 3,154,73,2.11,0.32,115,100.0,0,0,0,0,0,103,100.0,25.32,1522,0.0,0.0,0.0,0.0,0.0,0.0,0.0,0.0,12.33,48,4514.0,11,2893,3215,3441,3441,153,259,446,787,581,667,105,88,129,176,50,0,0,0,0,0,95,0.813
Course 3,120,81,1.48,0.34,86,100.0,0,0,0,0,0,120,100.0,32.0,1583,0.0,0.0,0.0,0.0,0.0,0.0,0.0,0.0,13.69,62,4027.0,13,3005,3410,3980,3985,255,339,377,809,669,556,101,107,197,162,184,224,5,0,0,0,119,0.829
Course 3,107,55,1.95,0.24,135,100.0,0,0,0,0,0,93,100.0,27.03,1304,0.0,0.0,0.0,0.0,0.0,0.0,0.0,0.0,13.75,37,2677.0,9,2578,2914,3045,3045,70,295,459,675,565,514,0,0,336,69,62,0,0,0,0,0,93,0.745
Course 3,170,92,1.85,0.39,117,100.0,0,0,0,0,0,127,100.0,27.67,1512,0.0,0.0,0.0,0.0,0.0,0.0,0.0,0.0,13.24,63,3595.0,13,2769,3145,3567,3569,140,261,470,798,678,422,6,128,242,140,130,152,2,0,0,0,127,0.824
Course 3,177,97,1.82,0.41,40,100.0,0,0,0,0,0,120,100.0,30.52,2152,0.0,0.0,0.0,0.0,0.0,0.0,0.0,0.0,14.17,65,7400.0,12,3821,4446,4908,4908,428,380,457,1088,811,657,97,52,476,246,112,104,0,0,0,0,114,0.854
Course 3,127,63,2.02,0.29,117,100.0,0,0,0,0,0,103,100.0,29.83,1564,0.0,0.0,0.0,0.0,0.0,0.0,0.0,0.0,11.39,48,10589.0,10,3166,3646,3786,3786,256,251,477,1011,748,423,100,109,271,140,0,0,0,0,0,0,97,0.835
Course 3,106,52,2.04,0.22,128,100.0,0,0,0,0,0,87,100.0,23.04,989,0.0,0.0,0.0,0.0,0.0,0.0,0.0,0.0,13.23,31,2405.0,9,2103,2341,2342,2342,45,101,631,673,490,163,27,0,211,0,0,1,0,0,0,0,87,0.645
Course 3,187,89,2.1,0.38,70,100.0,0,0,0,0,0,138,100.0,32.91,1981,0.0,0.0,0.0,0.0,0.0,0.0,0.0,0.0,12.58,62,7873.0,12,3578,4023,4639,4639,415,541,503,879,696,544,88,182,175,200,193,223,0,0,0,0,133,0.837
Course 3,114,62,1.84,0.28,115,100.0,0,0,0,0,0,76,100.0,40.7,1244,0.0,0.0,0.0,0.0,0.0,0.0,0.0,0.0,13.6,39,5346.0,8,2820,2834,2883,2883,136,252,452,795,693,492,0,0,14,49,0,0,0,0,0,0,76,0.742
Course 3,128,75,1.71,0.33,80,100.0,0,0,0,0,0,103,100.0,35.58,1741,0.0,0.0,0.0,0.0,0.0,0.0,0.0,0.0,13.99,52,4716.0,11,3416,3874,4064,4064,223,525,457,938,654,619,98,99,261,146,44,0,0,0,0,0,102,0.835
Course 3,221,85,2.6,0.36,223,100.0,0,0,0,0,0,139,100.0,30.26,1592,0.0,0.0,0.0,0.0,0.0,0.0,0.0,0.0,12.7,66,8499.0,12,2759,3341,3940,3940,300,302,290,833,602,432,92,149,341,213,227,159,0,0,0,0,135,0.845
Course 3,142,74,1.92,0.32,93,100.0,0,0,0,0,0,87,100.0,35.14,1246,0.0,0.0,0.0,0.0,0.0,0.0,0.0,0.0,15.11,53,6114.0,12,2472,2699,2890,2890,189,187,337,685,601,473,7,72,148,60,88,43,0,0,0,0,86,0.807
Course 3,163,89,1.83,0.38,142,100.0,0,0,0,0,0,121,100.0,24.0,1746,0.0,0.0,0.0,0.0,0.0,0.0,0.0,0.0,13.83,59,6471.0,12,3149,3651,4096,4096,289,343,328,931,867,391,34,32,436,179,160,106,0,0,0,0,120,0.828
Course 3,125,62,2.02,0.27,131,100.0,0,0,0,0,0,98,100.0,32.99,1411,0.0,0.0,0.0,0.0,0.0,0.0,0.0,0.0,12.83,45,2769.0,11,2894,3108,3320,3320,57,272,557,805,650,553,88,36,90,182,30,0,0,0,0,0,97,0.803
Course 3,125,66,1.89,0.29,61,100.0,0,0,0,0,0,81,100.0,26.99,1196,0.0,0.0,0.0,0.0,0.0,0.0,0.0,0.0,12.62,42,4495.0,10,2698,2837,2847,2847,326,243,399,673,547,510,26,25,88,0,10,0,0,0,0,0,78,0.737
Course 3,133,91,1.46,0.38,168,100.0,0,0,0,0,0,133,100.0,33.09,2199,0.0,0.0,0.0,0.0,0.0,0.0,0.0,0.0,12.59,72,2613.0,13,4085,4675,5261,5263,305,293,375,1221,1016,875,180,177,233,127,236,223,2,0,0,0,130,0.857
Course 3,81,39,2.08,0.2,16,100.0,0,0,0,0,0,49,100.0,23.88,869,0.0,0.0,0.0,0.0,0.0,0.0,0.0,0.0,14.07,23,1559.0,5,2103,2103,2103,2103,0,104,415,717,508,359,0,0,0,0,0,0,0,0,0,0,47,0.878
Course 3,184,94,1.96,0.4,156,100.0,0,0,0,0,0,134,100.0,32.75,1822,0.0,0.0,0.0,0.0,0.0,0.0,0.0,0.0,12.7,65,3230.0,12,3399,3967,4465,4465,295,397,414,1018,630,645,114,209,245,118,214,166,0,0,0,0,125,0.848
Course 3,101,71,1.42,0.32,20,100.0,0,0,0,0,0,96,100.0,32.13,1464,0.0,0.0,0.0,0.0,0.0,0.0,0.0,0.0,14.11,47,2681.0,11,2821,3386,3400,3400,281,313,366,841,689,331,46,115,404,11,3,0,0,0,0,0,95,0.824
Course 3,101,51,1.98,0.23,59,100.0,0,0,0,0,0,61,100.0,32.26,1192,0.0,0.0,0.0,0.0,0.0,0.0,0.0,0.0,13.3,31,1127.0,8,2661,2747,2750,2750,24,204,316,884,680,553,86,0,0,3,0,0,0,0,0,0,60,0.689
Course 3,168,86,1.95,0.36,140,100.0,0,0,0,0,0,131,100.0,34.31,1586,0.0,0.0,0.0,0.0,0.0,0.0,0.0,0.0,13.11,63,5487.0,12,2900,3336,3884,3884,360,285,361,717,641,536,84,51,301,141,221,186,0,0,0,0,128,0.833
Course 3,106,62,1.71,0.27,114,98.85,0,0,0,0,0,88,98.85,35.89,1072,0.0,0.0,0.0,0.0,0.0,0.0,0.0,0.0,15.44,47,6107.0,11,2171,2406,2561,2561,200,341,340,677,382,231,15,0,220,46,82,27,0,0,0,0,86,0.745
Course 3,243,99,2.45,0.41,139,100.0,0,0,0,0,0,140,100.0,33.16,2143,0.0,0.0,0.0,0.0,0.0,0.0,0.0,0.0,9.13,72,11468.0,13,3719,4184,4849,4851,349,418,357,1322,721,552,95,126,244,226,235,204,2,0,0,0,136,0.852
Course 3,306,98,3.12,0.41,309,100.0,0,0,0,0,0,137,100.0,31.22,1564,0.0,0.0,0.0,0.0,0.0,0.0,0.0,0.0,12.19,74,13206.0,13,2811,3304,3908,3912,261,292,278,774,562,644,93,132,268,209,218,177,4,0,0,0,135,0.855
Course 3,174,84,2.07,0.35,133,100.0,0,0,0,0,0,132,100.0,33.89,1719,0.0,0.0,0.0,0.0,0.0,0.0,0.0,0.0,13.07,62,4792.0,12,3033,3551,4082,4082,271,313,492,811,604,542,95,241,182,190,167,174,0,0,0,0,131,0.83
Course 3,177,94,1.88,0.4,111,100.0,0,0,0,0,0,139,100.0,32.16,1711,0.0,0.0,0.0,0.0,0.0,0.0,0.0,0.0,12.7,67,7092.0,12,3313,3927,4417,4417,338,425,398,840,720,592,98,202,314,175,192,123,0,0,0,0,129,0.847
Course 3,89,41,2.17,0.2,145,100.0,0,0,0,0,0,60,100.0,14.95,899,0.0,0.0,0.0,0.0,0.0,0.0,0.0,0.0,15.48,26,2550.0,6,2056,2057,2057,2057,0,146,499,654,505,252,0,0,1,0,0,0,0,0,0,0,56,0.685
Course 3,120,53,2.26,0.25,92,100.0,0,0,0,0,0,70,100.0,36.4,792,0.0,0.0,0.0,0.0,0.0,0.0,0.0,0.0,13.51,33,4915.0,7,1943,1958,1958,1958,103,258,558,564,287,173,0,0,15,0,0,0,0,0,0,0,69,0.697
Course 3,163,81,2.01,0.35,105,100.0,0,0,0,0,0,123,100.0,31.41,1518,0.0,0.0,0.0,0.0,0.0,0.0,0.0,0.0,14.31,58,5197.0,12,2833,3236,3682,3682,234,245,480,804,529,541,19,92,292,177,152,117,0,0,0,0,121,0.809
Course 3,180,77,2.34,0.34,122,100.0,0,0,0,0,0,101,100.0,37.35,2593,0.0,0.0,0.0,0.0,0.0,0.0,0.0,0.0,10.55,48,10161.0,11,4942,5143,5206,5206,474,563,736,1597,936,636,123,31,47,62,1,0,0,0,0,0,86,0.83
Course 3,115,48,2.4,0.24,47,100.0,0,0,0,0,0,80,100.0,24.87,1217,0.0,0.0,0.0,0.0,0.0,0.0,0.0,0.0,13.67,31,2996.0,7,2623,2752,2752,2752,0,55,672,773,619,504,90,39,0,0,0,0,0,0,0,0,79,0.862
Course 3,206,93,2.22,0.39,101,100.0,0,0,0,0,0,137,100.0,30.56,2034,0.0,0.0,0.0,0.0,0.0,0.0,0.0,0.0,12.39,66,5043.0,13,3811,4255,4845,4846,385,454,447,1011,743,771,104,135,205,192,225,173,1,0,0,0,127,0.85
Course 3,196,78,2.51,0.33,108,100.0,0,0,0,0,0,132,100.0,34.57,2470,0.0,0.0,0.0,0.0,0.0,0.0,0.0,0.0,13.75,63,6059.0,12,4525,5056,5575,5575,259,319,447,1338,1209,953,93,116,322,139,205,175,0,0,0,0,129,0.856
Course 3,131,79,1.66,0.34,79,100.0,0,0,0,0,0,132,100.0,32.6,1686,0.0,0.0,0.0,0.0,0.0,0.0,0.0,0.0,12.91,59,2493.0,12,2983,3527,4090,4090,193,290,319,1079,540,562,88,197,259,183,238,142,0,0,0,0,128,0.826
Course 3,202,89,2.27,0.38,107,100.0,0,0,0,0,0,128,100.0,33.18,2030,0.0,0.0,0.0,0.0,0.0,0.0,0.0,0.0,12.0,62,1874.0,12,3834,4377,4855,4855,455,327,379,1112,815,746,97,157,289,100,209,169,0,0,0,0,126,0.839
Course 3,198,95,2.08,0.4,83,100.0,0,0,0,0,0,136,100.0,34.23,1942,0.0,0.0,0.0,0.0,0.0,0.0,0.0,0.0,13.85,67,8000.0,13,3718,4402,5179,5180,379,418,449,1097,724,651,135,145,404,260,275,242,1,0,0,0,132,0.856
Course 3,162,93,1.74,0.39,223,100.0,0,0,0,0,0,137,100.0,34.23,1958,0.0,0.0,0.0,0.0,0.0,0.0,0.0,0.0,10.53,75,8846.0,13,3191,3829,4541,4543,293,278,444,894,707,575,118,222,298,248,245,219,2,0,0,0,134,0.862
Course 3,67,36,1.86,0.17,88,100.0,0,0,0,0,0,48,100.0,28.23,589,0.0,0.0,0.0,0.0,0.0,0.0,0.0,0.0,13.9,21,1057.0,5,1369,1403,1403,1403,0,102,274,719,274,0,0,0,34,0,0,0,0,0,0,0,44,0.577
Course 3,170,81,2.1,0.34,83,100.0,0,0,0,0,0,129,100.0,34.89,1803,0.0,0.0,0.0,0.0,0.0,0.0,0.0,0.0,10.75,66,12582.0,12,3189,3678,4167,4167,203,226,550,901,691,618,85,125,279,147,188,154,0,0,0,0,125,0.847
Course 3,149,56,2.66,0.24,81,100.0,0,0,0,0,0,73,100.0,38.53,1172,0.0,0.0,0.0,0.0,0.0,0.0,0.0,0.0,12.67,36,4221.0,10,2473,2627,2663,2663,107,153,391,795,552,475,99,3,52,0,0,36,0,0,0,0,73,0.687
Course 3,186,85,2.19,0.36,158,100.0,0,0,0,0,0,130,100.0,34.62,1906,0.0,0.0,0.0,0.0,0.0,0.0,0.0,0.0,13.95,65,4112.0,13,3694,4180,4683,4684,303,333,355,1293,825,585,90,134,262,160,211,132,1,0,0,0,128,0.845
Course 3,99,46,2.15,0.22,99,100.0,0,0,0,0,0,59,100.0,27.63,926,0.0,0.0,0.0,0.0,0.0,0.0,0.0,0.0,13.37,29,4733.0,8,2003,2118,2118,2118,4,109,305,818,488,279,96,0,19,0,0,0,0,0,0,0,55,0.711
Course 3,99,53,1.87,0.23,107,100.0,0,0,0,0,0,84,100.0,35.05,1380,0.0,0.0,0.0,0.0,0.0,0.0,0.0,0.0,12.96,36,974.0,11,2719,2947,3038,3038,95,154,509,719,852,390,94,0,134,7,2,82,0,0,0,0,81,0.715
Course 3,222,103,2.16,0.43,218,100.0,0,0,0,0,0,132,100.0,34.45,1950,0.0,0.0,0.0,0.0,0.0,0.0,0.0,0.0,12.67,74,15550.0,13,3708,4299,4988,4989,373,429,426,1217,725,538,94,57,440,266,172,251,1,0,0,0,130,0.862
Course 3,84,46,1.83,0.23,28,100.0,0,0,0,0,0,52,100.0,34.81,958,0.0,0.0,0.0,0.0,0.0,0.0,0.0,0.0,14.81,27,3011.0,6,2023,2115,2115,2115,0,92,261,763,552,355,92,0,0,0,0,0,0,0,0,0,51,0.871
Course 3,299,100,2.99,0.42,337,100.0,0,0,0,0,0,143,100.0,30.95,1754,0.0,0.0,0.0,0.0,0.0,0.0,0.0,0.0,8.14,77,21082.0,13,3133,3647,4320,4324,342,254,346,927,703,561,96,188,230,213,228,232,4,0,0,0,137,0.866
Course 3,106,50,2.12,0.24,103,100.0,0,0,0,0,0,75,100.0,37.68,1244,0.0,0.0,0.0,0.0,0.0,0.0,0.0,0.0,14.47,31,1200.0,6,2664,2696,2696,2696,0,162,671,826,661,344,0,0,32,0,0,0,0,0,0,0,74,0.749
Course 3,97,59,1.64,0.25,138,100.0,0,0,0,0,0,110,100.0,29.24,1402,0.0,0.0,0.0,0.0,0.0,0.0,0.0,0.0,13.96,46,3866.0,12,2650,3055,3305,3305,135,99,720,782,607,307,84,34,287,77,59,114,0,0,0,0,105,0.782
Course 3,213,103,2.07,0.43,128,100.0,0,0,0,0,0,133,100.0,32.27,1830,0.0,0.0,0.0,0.0,0.0,0.0,0.0,0.0,10.73,76,11403.0,13,3063,3686,4238,4239,308,314,385,837,668,551,95,187,341,134,204,214,1,0,0,0,130,0.863
Course 3,134,85,1.58,0.36,97,100.0,0,0,0,0,0,130,100.0,34.16,1563,0.0,0.0,0.0,0.0,0.0,0.0,0.0,0.0,8.88,64,5102.0,13,2675,3117,3638,3639,97,139,580,769,635,455,93,110,239,166,167,188,1,0,0,0,128,0.829
Course 3,204,93,2.19,0.39,153,100.0,0,0,0,0,0,134,100.0,34.47,1891,0.0,0.0,0.0,0.0,0.0,0.0,0.0,0.0,10.39,70,4614.0,12,3376,3889,4454,4454,390,392,403,904,716,571,97,115,301,181,185,199,0,0,0,0,131,0.856
Course 3,176,55,3.2,0.25,106,100.0,0,0,0,0,0,87,100.0,35.66,1240,0.0,0.0,0.0,0.0,0.0,0.0,0.0,0.0,12.88,33,4389.0,10,2379,2680,2723,2723,70,106,604,649,608,342,93,10,198,43,0,0,0,0,0,0,77,0.747
Course 3,183,90,2.03,0.38,138,100.0,0,0,0,0,0,139,100.0,32.83,1830,0.0,0.0,0.0,0.0,0.0,0.0,0.0,0.0,11.48,68,4994.0,13,3392,3887,4580,4581,262,356,440,1008,680,646,94,123,278,192,250,251,1,0,0,0,135,0.849
Course 3,178,86,2.07,0.36,197,100.0,0,0,0,0,0,139,100.0,33.05,1983,0.0,0.0,0.0,0.0,0.0,0.0,0.0,0.0,14.48,69,7392.0,13,3981,4637,5125,5127,278,285,375,1035,741,1267,97,234,325,181,152,155,2,0,0,0,127,0.864
Course 3,135,65,2.08,0.28,122,100.0,0,0,0,0,0,106,100.0,36.19,1418,0.0,0.0,0.0,0.0,0.0,0.0,0.0,0.0,15.02,49,4362.0,11,2913,3252,3466,3466,243,184,504,851,584,547,88,0,251,129,37,48,0,0,0,0,106,0.756
Course 3,120,73,1.64,0.31,151,100.0,0,0,0,0,0,107,100.0,35.0,1412,0.0,0.0,0.0,0.0,0.0,0.0,0.0,0.0,12.47,56,3838.0,13,2697,2888,3387,3391,136,283,342,810,571,555,90,3,98,133,225,141,4,0,0,0,103,0.788
Course 3,166,94,1.77,0.39,101,100.0,0,0,0,0,0,135,100.0,34.43,2277,0.0,0.0,0.0,0.0,0.0,0.0,0.0,0.0,12.11,74,7921.0,13,3796,4568,5284,5287,377,352,472,1062,823,710,105,223,444,214,270,232,3,0,0,0,133,0.866
Course 3,112,41,2.73,0.18,54,100.0,0,0,0,0,0,76,100.0,43.34,1338,0.0,0.0,0.0,0.0,0.0,0.0,0.0,0.0,14.63,26,1895.0,7,2870,2987,2987,2987,0,45,672,721,625,807,84,0,33,0,0,0,0,0,0,0,74,0.739
Course 3,118,57,2.07,0.26,58,100.0,0,0,0,0,0,75,100.0,39.1,1131,0.0,0.0,0.0,0.0,0.0,0.0,0.0,0.0,12.48,39,2197.0,10,2407,2541,2581,2581,132,311,306,741,573,344,84,0,50,39,1,0,0,0,0,0,73,0.714
Course 3,123,57,2.16,0.27,32,100.0,0,0,0,0,0,66,100.0,36.84,1074,0.0,0.0,0.0,0.0,0.0,0.0,0.0,0.0,12.35,37,3241.0,9,2333,2453,2453,2453,354,313,384,807,458,17,25,51,44,0,0,0,0,0,0,0,66,0.759
Course 3,111,70,1.59,0.3,73,100.0,0,0,0,0,0,115,100.0,36.17,1563,0.0,0.0,0.0,0.0,0.0,0.0,0.0,0.0,14.91,53,2178.0,12,2767,3289,3588,3588,288,241,264,952,580,442,89,100,333,1,172,126,0,0,0,0,114,0.799
Course 3,39,20,1.95,0.29,0,0.0,0,0,0,0,0,0,0.0,0.0,0,0.0,0.0,0.0,0.0,0.0,0.0,0.0,0.0,0.0,0,0.0,0,0,0,0,0,0,0,0,0,0,0,0,0,0,0,0,0,0,0,0,0,0,0.0
Course 3,190,97,1.96,0.41,99,100.0,0,0,0,0,0,132,100.0,33.29,1876,0.0,0.0,0.0,0.0,0.0,0.0,0.0,0.0,12.93,73,6732.0,12,3245,3726,4238,4238,381,376,451,899,678,460,176,124,181,169,192,151,0,0,0,0,127,0.862
Course 3,119,69,1.72,0.29,105,100.0,0,0,0,0,0,104,100.0,36.81,1533,0.0,0.0,0.0,0.0,0.0,0.0,0.0,0.0,14.09,51,2949.0,13,3151,3545,3737,3738,309,268,363,944,666,601,96,74,224,100,62,30,1,0,0,0,103,0.797
Course 3,209,109,1.92,0.46,193,100.0,0,0,0,0,0,139,100.0,33.71,2109,0.0,0.0,0.0,0.0,0.0,0.0,0.0,0.0,11.77,82,11117.0,13,3515,4215,5078,5085,386,350,502,953,714,610,296,109,295,289,320,254,7,0,0,0,136,0.883
Course 3,89,42,2.12,0.22,59,100.0,0,0,0,0,0,40,100.0,39.77,622,0.0,0.0,0.0,0.0,0.0,0.0,0.0,0.0,16.12,24,1826.0,6,1454,1455,1455,1455,0,60,287,313,499,295,1,0,0,0,0,0,0,0,0,0,40,0.85
Course 3,162,80,2.03,0.34,105,100.0,0,0,0,0,0,120,100.0,33.88,1564,0.0,0.0,0.0,0.0,0.0,0.0,0.0,0.0,11.57,60,2229.0,13,2914,3340,3690,3693,283,333,300,807,626,565,86,95,245,64,181,105,3,0,0,0,119,0.817
Course 3,203,98,2.07,0.41,139,100.0,0,0,0,0,0,133,100.0,29.57,1548,0.0,0.0,0.0,0.0,0.0,0.0,0.0,0.0,13.17,75,4984.0,13,2776,3263,3761,3765,305,273,276,766,640,516,96,132,259,149,183,166,4,0,0,0,130,0.857
Course 3,54,22,2.45,0.12,23,100.0,0,0,0,0,0,19,100.0,37.38,270,0.0,0.0,0.0,0.0,0.0,0.0,0.0,0.0,15.56,10,76.0,5,623,623,623,623,0,46,136,130,217,94,0,0,0,0,0,0,0,0,0,0,19,0.72
Course 3,62,35,1.77,0.19,93,100.0,0,0,0,0,0,67,100.0,34.65,1208,0.0,0.0,0.0,0.0,0.0,0.0,0.0,0.0,12.59,24,1149.0,5,2598,2598,2598,2598,0,182,583,871,654,308,0,0,0,0,0,0,0,0,0,0,65,0.882
Course 3,187,79,2.37,0.33,98,100.0,0,0,0,0,0,120,100.0,28.3,1578,0.0,0.0,0.0,0.0,0.0,0.0,0.0,0.0,12.73,54,8981.0,12,2758,2992,3557,3562,227,89,563,1083,410,386,66,0,168,172,164,229,5,0,0,0,111,0.78
Course 3,162,85,1.91,0.36,133,100.0,0,0,0,0,0,141,100.0,31.86,2181,0.0,0.0,0.0,0.0,0.0,0.0,0.0,0.0,14.86,61,3779.0,12,3949,4429,4884,4884,398,389,522,1100,814,726,94,160,226,164,181,110,0,0,0,0,129,0.839
Course 3,125,79,1.58,0.33,124,100.0,0,0,0,0,0,128,100.0,34.59,1532,0.0,0.0,0.0,0.0,0.0,0.0,0.0,0.0,12.36,63,4774.0,12,2713,3153,3645,3645,250,266,310,755,666,466,210,31,199,113,174,205,0,0,0,0,125,0.828
Course 3,175,86,2.03,0.36,116,100.0,0,0,0,0,0,132,100.0,32.9,2073,0.0,0.0,0.0,0.0,0.0,0.0,0.0,0.0,13.96,62,4191.0,12,3563,4220,4756,4756,245,377,339,1260,747,595,121,275,261,167,148,221,0,0,0,0,130,0.843
Course 3,139,73,1.9,0.31,95,100.0,0,0,0,0,0,112,100.0,31.09,1599,0.0,0.0,0.0,0.0,0.0,0.0,0.0,0.0,12.01,51,7286.0,12,3183,3641,3889,3889,291,372,315,1035,696,474,61,114,283,53,163,32,0,0,0,0,110,0.818
Course 3,101,34,2.97,0.17,44,100.0,0,0,0,0,0,56,100.0,36.54,791,0.0,0.0,0.0,0.0,0.0,0.0,0.0,0.0,14.09,19,1885.0,6,1680,1780,1780,1780,0,53,505,512,527,83,0,100,0,0,0,0,0,0,0,0,52,0.721
Course 3,159,83,1.92,0.35,190,100.0,0,0,0,0,0,122,100.0,34.62,1454,0.0,0.0,0.0,0.0,0.0,0.0,0.0,0.0,13.77,64,6357.0,13,2778,3169,3571,3574,145,259,462,778,619,515,97,131,163,108,170,124,3,0,0,0,120,0.827
Course 3,160,87,1.84,0.37,113,100.0,0,0,0,0,0,134,100.0,34.17,1606,0.0,0.0,0.0,0.0,0.0,0.0,0.0,0.0,13.12,70,7747.0,13,2901,3374,3886,3888,138,407,329,779,645,603,90,144,239,141,201,170,2,0,0,0,128,0.847
Course 3,199,93,2.14,0.39,123,100.0,0,0,0,0,0,134,100.0,33.25,1732,0.0,0.0,0.0,0.0,0.0,0.0,0.0,0.0,11.43,73,7631.0,13,3112,3558,4116,4118,330,261,307,916,765,533,92,132,222,157,193,208,2,0,0,0,134,0.847
Course 3,174,82,2.12,0.34,162,100.0,0,0,0,0,0,126,100.0,33.86,1829,0.0,0.0,0.0,0.0,0.0,0.0,0.0,0.0,12.98,65,10719.0,13,3200,3846,4319,4320,258,262,443,995,674,568,3,285,358,174,119,180,1,0,0,0,121,0.843
Course 3,112,80,1.4,0.34,70,100.0,0,0,0,0,0,123,100.0,34.63,1643,0.0,0.0,0.0,0.0,0.0,0.0,0.0,0.0,13.0,62,1299.0,12,3015,3454,3901,3901,202,248,357,1022,638,548,93,147,199,129,172,146,0,0,0,0,121,0.842
Course 3,181,93,1.95,0.39,102,100.0,0,0,0,0,0,131,100.0,28.2,1641,0.0,0.0,0.0,0.0,0.0,0.0,0.0,0.0,12.57,72,6404.0,13,2800,3508,4050,4052,298,224,442,820,390,626,290,176,242,181,145,216,2,0,0,0,130,0.852
Course 3,94,55,1.71,0.23,46,100.0,0,0,0,0,0,84,100.0,41.68,1946,0.0,0.0,0.0,0.0,0.0,0.0,0.0,0.0,15.08,39,2597.0,11,4118,4170,4207,4209,197,336,372,1341,988,884,13,0,39,0,1,36,2,0,0,0,81,0.72
Course 3,127,60,2.12,0.26,100,100.0,0,0,0,0,0,111,100.0,30.04,1814,0.0,0.0,0.0,0.0,0.0,0.0,0.0,0.0,14.49,41,3916.0,12,3409,3846,3901,3901,93,383,494,1140,743,556,91,10,336,27,6,22,0,0,0,0,99,0.785
Course 3,72,39,1.85,0.17,51,100.0,0,0,0,0,0,51,100.0,40.85,840,0.0,0.0,0.0,0.0,0.0,0.0,0.0,0.0,15.51,24,1205.0,7,1740,1830,1840,1840,0,45,305,594,682,114,90,0,0,10,0,0,0,0,0,0,50,0.657
Course 3,164,79,2.08,0.34,94,100.0,0,0,0,0,0,118,100.0,34.85,1659,0.0,0.0,0.0,0.0,0.0,0.0,0.0,0.0,13.09,59,3064.0,12,3248,3603,4015,4015,249,242,302,1122,760,573,92,100,163,110,183,119,0,0,0,0,116,0.828
Course 3,160,86,1.86,0.37,119,100.0,0,0,0,0,0,130,100.0,34.48,1812,0.0,0.0,0.0,0.0,0.0,0.0,0.0,0.0,12.51,66,5338.0,12,3296,3832,4373,4373,324,337,414,995,677,549,99,115,322,190,203,148,0,0,0,0,130,0.846
Course 3,161,66,2.44,0.28,137,98.96,0,0,0,0,0,101,98.96,33.8,1216,0.0,0.0,0.0,0.0,0.0,0.0,0.0,0.0,15.43,47,4257.0,12,2362,2562,2868,2868,124,167,526,770,533,242,16,18,166,107,115,84,0,0,0,0,95,0.784
Course 3,142,69,2.06,0.3,105,100.0,0,0,0,0,0,110,100.0,34.47,1882,0.0,0.0,0.0,0.0,0.0,0.0,0.0,0.0,14.68,51,4193.0,11,3655,4186,4336,4336,525,391,472,943,728,596,98,27,406,61,89,0,0,0,0,0,107,0.831
Course 3,65,36,1.81,0.16,15,100.0,0,0,0,0,0,49,100.0,29.53,713,0.0,0.0,0.0,0.0,0.0,0.0,0.0,0.0,14.31,21,493.0,8,1386,1516,1543,1543,0,87,310,621,294,74,0,93,37,0,27,0,0,0,0,0,49,0.639
Course 3,131,48,2.73,0.24,70,100.0,0,0,0,0,0,68,100.0,38.82,1187,0.0,0.0,0.0,0.0,0.0,0.0,0.0,0.0,14.11,30,818.0,8,2495,2626,2626,2626,67,90,546,712,648,432,88,43,0,0,0,0,0,0,0,0,68,0.787
Course 3,185,78,2.37,0.33,208,100.0,0,0,0,0,0,119,100.0,26.47,1373,0.0,0.0,0.0,0.0,0.0,0.0,0.0,0.0,11.99,56,5565.0,11,2524,3043,3338,3338,0,511,404,810,451,348,55,226,238,158,114,23,0,0,0,0,116,0.826
Course 3,204,96,2.13,0.41,180,100.0,0,0,0,0,0,139,100.0,32.35,1865,0.0,0.0,0.0,0.0,0.0,0.0,0.0,0.0,13.27,69,8927.0,12,3548,4093,4617,4617,442,380,484,883,730,629,95,72,378,196,225,103,0,0,0,0,129,0.856
Course 3,107,72,1.49,0.31,89,100.0,0,0,0,0,0,110,100.0,31.56,1417,0.0,0.0,0.0,0.0,0.0,0.0,0.0,0.0,12.42,53,4833.0,12,2849,3214,3464,3464,216,207,397,788,681,560,93,79,193,78,138,34,0,0,0,0,108,0.805
Course 3,127,85,1.49,0.36,183,100.0,0,0,0,0,0,128,100.0,33.87,1604,0.0,0.0,0.0,0.0,0.0,0.0,0.0,0.0,11.91,64,5141.0,13,3025,3469,3936,3937,276,269,328,846,666,640,220,31,193,203,105,159,1,0,0,0,126,0.83
Course 3,138,71,1.94,0.3,175,100.0,0,0,0,0,0,115,100.0,30.66,1577,0.0,0.0,0.0,0.0,0.0,0.0,0.0,0.0,10.65,48,3336.0,12,2796,3314,3687,3691,24,116,712,1009,560,375,201,0,317,121,195,57,4,0,0,0,110,0.774
Course 3,161,78,2.06,0.33,77,100.0,0,0,0,0,0,119,100.0,33.02,1498,0.0,0.0,0.0,0.0,0.0,0.0,0.0,0.0,15.03,59,4935.0,13,2713,3110,3490,3493,201,311,425,645,633,498,89,106,202,90,97,193,3,0,0,0,116,0.81
Course 3,140,62,2.26,0.27,106,100.0,0,0,0,0,0,98,100.0,29.64,1266,0.0,0.0,0.0,0.0,0.0,0.0,0.0,0.0,13.89,39,1692.0,11,2390,2806,2934,2934,58,203,436,846,494,353,87,97,232,0,126,2,0,0,0,0,96,0.76
Course 3,133,71,1.87,0.3,57,100.0,0,0,0,0,0,91,100.0,30.34,1364,0.0,0.0,0.0,0.0,0.0,0.0,0.0,0.0,13.75,45,1231.0,10,2769,2842,3149,3149,235,223,315,804,777,415,0,0,73,87,111,109,0,0,0,0,87,0.711
Course 3,124,72,1.72,0.31,196,100.0,0,0,0,0,0,97,100.0,24.92,1325,0.0,0.0,0.0,0.0,0.0,0.0,0.0,0.0,15.04,48,4716.0,11,2697,2856,3467,3467,195,419,359,660,622,442,0,6,153,208,208,195,0,0,0,0,92,0.788
Course 3,140,70,2.0,0.32,62,100.0,0,0,0,0,0,61,100.0,36.23,852,0.0,0.0,0.0,0.0,0.0,0.0,0.0,0.0,12.66,33,2364.0,9,1950,2004,2138,2138,217,387,405,581,275,85,1,0,53,134,0,0,0,0,0,0,60,0.722
Course 3,53,34,1.56,0.2,28,100.0,0,0,0,0,0,43,100.0,43.03,629,0.0,0.0,0.0,0.0,0.0,0.0,0.0,0.0,16.15,23,463.0,6,1472,1472,1472,1472,145,194,282,489,327,35,0,0,0,0,0,0,0,0,0,0,43,0.791
Course 3,58,40,1.45,0.22,50,100.0,0,0,0,0,0,57,100.0,41.48,1179,0.0,0.0,0.0,0.0,0.0,0.0,0.0,0.0,15.31,28,341.0,6,2638,2638,2638,2638,122,173,287,460,1004,592,0,0,0,0,0,0,0,0,0,0,56,0.842
Course 3,54,40,1.35,0.22,35,100.0,0,0,0,0,0,68,100.0,38.94,833,0.0,0.0,0.0,0.0,0.0,0.0,0.0,0.0,16.06,30,2086.0,6,1963,1963,1963,1963,260,182,347,602,494,78,0,0,0,0,0,0,0,0,0,0,65,0.848
Course 3,88,59,1.49,0.27,104,100.0,0,0,0,0,0,88,100.0,39.32,1776,0.0,0.0,0.0,0.0,0.0,0.0,0.0,0.0,12.99,39,1944.0,9,3461,4053,4054,4054,221,168,317,1091,1073,591,161,0,431,0,1,0,0,0,0,0,86,0.781
Course 3,42,28,1.5,0.15,37,100.0,0,0,0,0,0,32,100.0,35.94,541,0.0,0.0,0.0,0.0,0.0,0.0,0.0,0.0,15.92,17,1231.0,6,1138,1138,1138,1138,116,60,324,324,300,14,0,0,0,0,0,0,0,0,0,0,30,0.72
Course 3,129,65,1.98,0.32,127,100.0,0,0,0,0,0,92,100.0,40.27,2635,0.0,0.0,0.0,0.0,0.0,0.0,0.0,0.0,15.75,43,4661.0,9,5315,5706,5706,5706,586,260,423,1820,1270,956,164,30,197,0,0,0,0,0,0,0,89,0.859
Course 3,132,70,1.89,0.3,108,100.0,0,0,0,0,0,84,100.0,42.75,2032,0.0,0.0,0.0,0.0,0.0,0.0,0.0,0.0,15.44,49,5020.0,12,4273,4487,4624,4629,371,277,498,1317,1070,740,164,4,46,93,44,0,5,0,0,0,81,0.787
Course 3,154,92,1.67,0.39,131,100.0,0,0,0,0,0,121,100.0,30.29,1558,0.0,0.0,0.0,0.0,0.0,0.0,0.0,0.0,13.27,59,8100.0,12,2847,3368,3958,3958,291,374,320,869,452,541,189,5,327,175,234,181,0,0,0,0,120,0.834
Course 3,131,78,1.68,0.33,127,100.0,0,0,0,0,0,120,100.0,35.13,1653,0.0,0.0,0.0,0.0,0.0,0.0,0.0,0.0,14.78,62,5088.0,13,3031,3649,3991,3992,423,306,303,903,572,524,87,170,361,161,83,98,1,0,0,0,118,0.832
Course 3,142,95,1.49,0.4,96,100.0,0,0,0,0,0,127,100.0,33.47,2099,0.0,0.0,0.0,0.0,0.0,0.0,0.0,0.0,16.02,70,6578.0,13,3950,4449,4946,4947,276,263,319,1182,1009,901,151,144,204,161,151,185,1,0,0,0,127,0.859
Course 3,74,50,1.48,0.24,49,100.0,0,0,0,0,0,48,100.0,24.76,615,0.0,0.0,0.0,0.0,0.0,0.0,0.0,0.0,13.36,24,1525.0,8,1437,1538,1538,1538,238,301,279,404,127,88,100,0,1,0,0,0,0,0,0,0,43,0.695
Course 3,143,95,1.51,0.41,66,100.0,0,0,0,0,0,124,100.0,31.05,1814,0.0,0.0,0.0,0.0,0.0,0.0,0.0,0.0,12.71,63,4986.0,12,3499,4049,4587,4587,489,317,417,1000,722,554,6,189,355,188,162,188,0,0,0,0,121,0.852
Course 3,96,58,1.66,0.28,83,100.0,0,0,0,0,0,71,100.0,44.81,1368,0.0,0.0,0.0,0.0,0.0,0.0,0.0,0.0,15.97,38,1230.0,8,3048,3052,3052,3052,290,257,406,976,729,390,0,2,2,0,0,0,0,0,0,0,70,0.772
Course 3,81,48,1.69,0.23,89,100.0,0,0,0,0,0,58,100.0,40.63,939,0.0,0.0,0.0,0.0,0.0,0.0,0.0,0.0,15.08,30,1425.0,9,2122,2275,2275,2275,133,234,324,341,588,502,106,4,43,0,0,0,0,0,0,0,57,0.758
Course 3,90,51,1.76,0.26,34,100.0,0,0,0,0,0,59,100.0,28.72,791,0.0,0.0,0.0,0.0,0.0,0.0,0.0,0.0,13.42,25,3358.0,7,1942,2049,2049,2049,288,288,661,424,281,0,98,9,0,0,0,0,0,0,0,0,45,0.756
Course 3,100,82,1.22,0.36,87,100.0,0,0,0,0,0,113,100.0,20.96,1406,0.0,0.0,0.0,0.0,0.0,0.0,0.0,0.0,12.34,61,2386.0,12,2503,2860,3196,3196,192,254,263,679,596,519,240,44,73,11,164,161,0,0,0,0,111,0.796
Course 3,59,39,1.51,0.21,42,100.0,0,0,0,0,0,52,100.0,47.56,780,0.0,0.0,0.0,0.0,0.0,0.0,0.0,0.0,15.9,26,947.0,6,1835,1835,1835,1835,235,178,322,595,468,37,0,0,0,0,0,0,0,0,0,0,52,0.828
Course 3,34,22,1.55,0.13,30,100.0,0,0,0,0,0,15,100.0,42.08,200,0.0,0.0,0.0,0.0,0.0,0.0,0.0,0.0,17.05,9,357.0,4,470,470,470,470,91,65,153,161,0,0,0,0,0,0,0,0,0,0,0,0,15,0.708
Course 3,153,69,2.22,0.32,31,100.0,0,0,0,0,0,102,100.0,37.96,1676,0.0,0.0,0.0,0.0,0.0,0.0,0.0,0.0,15.27,44,4233.0,10,3442,3805,3871,3871,372,385,523,852,757,553,88,115,160,66,0,0,0,0,0,0,98,0.798
Course 3,27,17,1.59,0.1,2,100.0,0,0,0,0,0,2,100.0,19.5,21,0.0,0.0,0.0,0.0,0.0,0.0,0.0,0.0,16.46,2,8.0,2,47,47,47,47,46,0,0,0,1,0,0,0,0,0,0,0,0,0,0,0,2,0.209
Course 3,136,82,1.66,0.35,186,100.0,0,0,0,0,0,113,100.0,33.99,1666,0.0,0.0,0.0,0.0,0.0,0.0,0.0,0.0,14.26,59,4604.0,13,2931,3422,3890,3892,294,292,344,911,745,345,168,68,255,114,178,176,2,0,0,0,112,0.832
Course 3,135,91,1.48,0.39,65,100.0,0,0,0,0,0,117,100.0,34.24,1601,0.0,0.0,0.0,0.0,0.0,0.0,0.0,0.0,15.17,61,3114.0,13,3221,3595,4283,4287,439,375,539,730,574,564,104,179,91,249,267,172,4,0,0,0,111,0.827
Course 3,111,72,1.54,0.34,46,100.0,0,0,0,0,0,106,100.0,37.89,2220,0.0,0.0,0.0,0.0,0.0,0.0,0.0,0.0,12.44,54,4043.0,11,4347,4820,4992,4992,473,287,356,1310,1075,846,150,113,210,122,50,0,0,0,0,0,106,0.858
Course 3,77,56,1.38,0.25,114,100.0,0,0,0,0,0,77,100.0,35.01,1229,0.0,0.0,0.0,0.0,0.0,0.0,0.0,0.0,10.88,37,2240.0,10,2151,2706,2870,2870,0,65,23,787,813,463,111,1,443,84,80,0,0,0,0,0,76,0.781
Course 3,60,37,1.62,0.2,51,100.0,0,0,0,0,0,56,100.0,40.24,1022,0.0,0.0,0.0,0.0,0.0,0.0,0.0,0.0,12.21,29,2434.0,6,2251,2251,2251,2251,217,168,368,571,760,167,0,0,0,0,0,0,0,0,0,0,53,0.823
Course 3,157,93,1.69,0.4,92,100.0,0,0,0,0,0,134,100.0,25.55,1835,0.0,0.0,0.0,0.0,0.0,0.0,0.0,0.0,13.28,62,7636.0,12,3189,3998,4501,4501,460,339,366,864,770,390,126,340,343,191,173,139,0,0,0,0,117,0.845
Course 3,134,90,1.49,0.39,89,100.0,0,0,0,0,0,113,100.0,36.3,1777,0.0,0.0,0.0,0.0,0.0,0.0,0.0,0.0,14.84,61,2795.0,12,3480,3996,4264,4264,398,365,453,907,693,664,124,178,214,125,95,48,0,0,0,0,110,0.844
Course 3,107,50,2.14,0.24,78,100.0,0,0,0,0,0,75,100.0,44.02,1800,0.0,0.0,0.0,0.0,0.0,0.0,0.0,0.0,16.42,39,3045.0,9,3813,4057,4057,4057,394,438,422,1369,632,558,162,30,52,0,0,0,0,0,0,0,73,0.816
Course 3,132,89,1.48,0.38,259,100.0,0,0,0,0,0,132,100.0,17.17,1811,0.0,0.0,0.0,0.0,0.0,0.0,0.0,0.0,11.32,68,5769.0,13,3023,3622,4312,4317,184,285,582,751,660,561,145,124,330,260,227,203,5,0,0,0,128,0.852
Course 3,50,26,1.92,0.15,4,100.0,0,0,0,0,0,4,100.0,43.63,37,0.0,0.0,0.0,0.0,0.0,0.0,0.0,0.0,16.46,3,39.0,3,88,88,88,88,0,45,42,0,1,0,0,0,0,0,0,0,0,0,0,0,4,0.393
Course 3,159,85,1.87,0.37,145,99.12,0,0,0,0,0,116,99.12,30.74,1868,0.0,0.0,0.0,0.0,0.0,0.0,0.0,0.0,13.79,60,10242.0,13,3606,4175,4564,4565,339,480,368,1250,749,420,202,3,364,106,183,100,1,0,0,0,113,0.84
Course 3,56,23,2.43,0.13,24,100.0,0,0,0,0,0,29,100.0,30.21,550,0.0,0.0,0.0,0.0,0.0,0.0,0.0,0.0,16.79,11,2083.0,4,1228,1228,1228,1228,0,132,217,687,192,0,0,0,0,0,0,0,0,0,0,0,28,0.826
Course 3,75,42,1.79,0.21,92,100.0,0,0,0,0,0,47,100.0,41.46,889,0.0,0.0,0.0,0.0,0.0,0.0,0.0,0.0,14.37,31,4701.0,9,1897,1907,1917,1917,0,209,325,641,527,195,3,2,5,0,10,0,0,0,0,0,47,0.706
Course 3,103,68,1.51,0.31,102,100.0,0,0,0,0,0,106,100.0,37.5,1445,0.0,0.0,0.0,0.0,0.0,0.0,0.0,0.0,14.67,57,4225.0,11,2889,3299,3458,3458,316,288,281,841,639,524,87,139,184,90,69,0,0,0,0,0,105,0.839
Course 3,106,69,1.54,0.32,100,100.0,0,0,0,0,0,94,100.0,32.05,1372,0.0,0.0,0.0,0.0,0.0,0.0,0.0,0.0,14.72,55,4935.0,10,2780,3076,3109,3109,304,222,311,806,614,523,107,41,148,33,0,0,0,0,0,0,91,0.841
Course 3,63,31,2.03,0.16,41,100.0,0,0,0,0,0,35,100.0,45.1,560,0.0,0.0,0.0,0.0,0.0,0.0,0.0,0.0,15.66,23,2590.0,8,1346,1353,1353,1353,133,125,280,95,516,197,6,1,0,0,0,0,0,0,0,0,35,0.707
Course 3,88,62,1.42,0.28,68,100.0,0,0,0,0,0,88,100.0,35.67,1252,0.0,0.0,0.0,0.0,0.0,0.0,0.0,0.0,16.09,45,2816.0,11,2503,2799,2855,2855,74,241,397,783,647,361,23,47,226,1,55,0,0,0,0,0,88,0.794
Course 3,125,79,1.58,0.34,87,100.0,0,0,0,0,0,102,100.0,32.7,1498,0.0,0.0,0.0,0.0,0.0,0.0,0.0,0.0,16.18,59,3006.0,13,2672,3152,3531,3535,246,116,143,1149,568,450,232,72,176,36,207,136,4,0,0,0,101,0.823
Course 3,190,99,1.92,0.43,128,100.0,0,0,0,0,0,118,100.0,34.0,2474,0.0,0.0,0.0,0.0,0.0,0.0,0.0,0.0,14.6,66,4968.0,12,4835,5377,5745,5745,442,448,613,1334,1072,926,237,153,152,138,167,63,0,0,0,0,117,0.88
Course 3,175,87,2.01,0.37,117,100.0,0,0,0,0,0,102,100.0,32.72,1330,0.0,0.0,0.0,0.0,0.0,0.0,0.0,0.0,13.08,60,9219.0,13,2570,2741,3290,3291,288,254,311,654,464,599,66,11,94,189,215,145,1,0,0,0,100,0.82
Course 3,88,66,1.33,0.3,29,100.0,0,0,0,0,0,83,100.0,39.41,1374,0.0,0.0,0.0,0.0,0.0,0.0,0.0,0.0,16.27,46,2178.0,9,2790,2917,2922,2922,330,197,289,762,713,499,88,39,0,0,5,0,0,0,0,0,78,0.723
Course 3,109,77,1.42,0.33,115,100.0,0,0,0,0,0,110,100.0,34.58,2066,0.0,0.0,0.0,0.0,0.0,0.0,0.0,0.0,15.7,61,3905.0,13,3927,4277,4801,4802,282,281,257,1272,929,906,93,194,63,174,178,172,1,0,0,0,110,0.841
Course 3,102,68,1.5,0.31,111,100.0,0,0,0,0,0,86,100.0,38.98,2219,0.0,0.0,0.0,0.0,0.0,0.0,0.0,0.0,15.26,43,4612.0,11,4492,4896,4937,4937,205,241,459,1217,1261,1109,7,37,360,38,3,0,0,0,0,0,83,0.845
Course 3,43,24,1.79,0.13,19,100.0,0,0,0,0,0,17,100.0,41.28,263,0.0,0.0,0.0,0.0,0.0,0.0,0.0,0.0,14.99,9,672.0,4,625,625,625,625,52,120,0,43,410,0,0,0,0,0,0,0,0,0,0,0,17,0.608
Course 3,115,72,1.6,0.34,149,100.0,0,0,0,0,0,92,100.0,37.84,1497,0.0,0.0,0.0,0.0,0.0,0.0,0.0,0.0,16.35,46,5181.0,10,3057,3430,3496,3496,272,251,391,866,756,521,104,84,185,66,0,0,0,0,0,0,88,0.823
Course 3,117,71,1.65,0.35,138,100.0,0,0,0,0,0,92,100.0,40.32,1425,0.0,0.0,0.0,0.0,0.0,0.0,0.0,0.0,15.07,45,4781.0,9,3026,3383,3383,3383,219,319,409,1004,702,373,246,9,102,0,0,0,0,0,0,0,84,0.836
Course 3,62,43,1.44,0.22,45,100.0,0,0,0,0,0,49,100.0,45.42,595,0.0,0.0,0.0,0.0,0.0,0.0,0.0,0.0,15.27,26,958.0,7,1364,1383,1383,1383,99,93,520,245,255,152,19,0,0,0,0,0,0,0,0,0,49,0.782
Course 3,58,40,1.45,0.21,44,100.0,0,0,0,0,0,31,100.0,43.38,540,0.0,0.0,0.0,0.0,0.0,0.0,0.0,0.0,14.98,18,1517.0,5,1240,1240,1240,1240,0,100,156,405,329,250,0,0,0,0,0,0,0,0,0,0,31,0.824
Course 3,52,38,1.37,0.19,47,100.0,0,0,0,0,0,46,100.0,39.98,643,0.0,0.0,0.0,0.0,0.0,0.0,0.0,0.0,15.26,18,1003.0,6,1486,1556,1556,1556,199,345,178,675,89,0,0,0,70,0,0,0,0,0,0,0,46,0.581
Course 3,83,54,1.54,0.26,92,100.0,0,0,0,0,0,58,100.0,37.72,983,0.0,0.0,0.0,0.0,0.0,0.0,0.0,0.0,14.47,30,2592.0,9,2034,2232,2232,2232,291,426,347,745,115,110,96,60,42,0,0,0,0,0,0,0,56,0.758
Course 3,156,86,1.81,0.38,127,100.0,0,0,0,0,0,107,100.0,29.0,1484,0.0,0.0,0.0,0.0,0.0,0.0,0.0,0.0,13.92,61,4794.0,12,2774,3190,3633,3633,232,331,154,659,789,609,89,151,176,180,233,30,0,0,0,0,105,0.827
Course 3,51,30,1.7,0.16,46,100.0,0,0,0,0,0,34,100.0,34.08,544,0.0,0.0,0.0,0.0,0.0,0.0,0.0,0.0,16.73,19,747.0,7,1151,1256,1256,1256,250,42,136,393,229,101,105,0,0,0,0,0,0,0,0,0,34,0.737
Course 3,122,84,1.45,0.36,103,100.0,0,0,0,0,0,132,100.0,30.01,1635,0.0,0.0,0.0,0.0,0.0,0.0,0.0,0.0,15.74,69,3572.0,13,3105,3667,4231,4233,295,295,289,971,675,580,185,140,237,204,250,110,2,0,0,0,127,0.845
Course 3,122,64,1.91,0.29,175,100.0,0,0,0,0,0,104,100.0,32.12,1440,0.0,0.0,0.0,0.0,0.0,0.0,0.0,0.0,14.98,43,5526.0,10,2739,3214,3294,3294,222,222,382,772,715,426,162,16,297,0,80,0,0,0,0,0,100,0.781
Course 3,80,62,1.29,0.29,24,100.0,0,0,0,0,0,89,100.0,36.4,1297,0.0,0.0,0.0,0.0,0.0,0.0,0.0,0.0,16.51,39,2154.0,10,2575,2890,2921,2921,303,182,365,739,612,374,96,6,213,31,0,0,0,0,0,0,87,0.788
Course 3,120,94,1.28,0.41,127,100.0,0,0,0,0,0,130,100.0,33.71,1466,0.0,0.0,0.0,0.0,0.0,0.0,0.0,0.0,15.66,73,3179.0,13,2787,3229,3731,3732,271,226,371,837,635,447,122,96,224,162,186,154,1,0,0,0,128,0.853
Course 3,87,54,1.61,0.26,172,100.0,0,0,0,0,0,90,100.0,35.9,1408,0.0,0.0,0.0,0.0,0.0,0.0,0.0,0.0,15.54,39,4697.0,9,2776,3314,3314,3314,256,400,320,803,547,450,228,10,300,0,0,0,0,0,0,0,89,0.83
Course 3,119,70,1.7,0.32,94,100.0,0,0,0,0,0,63,100.0,33.49,1000,0.0,0.0,0.0,0.0,0.0,0.0,0.0,0.0,15.04,39,7348.0,10,2238,2329,2334,2334,250,305,240,845,400,198,5,86,0,3,2,0,0,0,0,0,58,0.774
Course 3,104,70,1.49,0.3,132,100.0,0,0,0,0,0,80,100.0,30.69,987,0.0,0.0,0.0,0.0,0.0,0.0,0.0,0.0,12.22,46,4216.0,11,1985,2248,2483,2483,299,238,355,528,205,360,0,196,67,91,66,78,0,0,0,0,80,0.751
Course 3,128,84,1.52,0.36,98,100.0,0,0,0,0,0,125,100.0,34.23,1954,0.0,0.0,0.0,0.0,0.0,0.0,0.0,0.0,16.03,65,2692.0,13,3603,4043,4593,4598,254,252,284,1039,918,856,87,146,207,137,239,174,5,0,0,0,125,0.843
Course 3,91,52,1.75,0.25,47,100.0,0,0,0,0,0,75,100.0,39.02,1376,0.0,0.0,0.0,0.0,0.0,0.0,0.0,0.0,13.95,36,5112.0,9,2876,3046,3047,3047,218,386,414,765,809,284,115,55,0,0,1,0,0,0,0,0,67,0.695
Course 3,63,39,1.62,0.19,57,100.0,0,0,0,0,0,43,100.0,34.92,746,0.0,0.0,0.0,0.0,0.0,0.0,0.0,0.0,11.17,20,1827.0,7,1389,1712,1712,1712,58,0,312,425,420,174,0,1,322,0,0,0,0,0,0,0,42,0.686
Course 3,69,55,1.25,0.27,89,100.0,0,0,0,0,0,75,100.0,28.11,1001,0.0,0.0,0.0,0.0,0.0,0.0,0.0,0.0,13.73,38,1502.0,9,2194,2507,2507,2507,329,211,214,525,553,362,97,108,108,0,0,0,0,0,0,0,73,0.812
Course 3,143,100,1.43,0.43,102,100.0,0,0,0,0,0,135,100.0,33.13,1948,0.0,0.0,0.0,0.0,0.0,0.0,0.0,0.0,14.11,73,5464.0,13,3485,4101,4619,4621,333,278,473,791,650,960,8,214,394,105,218,195,2,0,0,0,126,0.864
Course 3,103,64,1.61,0.29,167,100.0,0,0,0,0,0,87,100.0,39.18,1344,0.0,0.0,0.0,0.0,0.0,0.0,0.0,0.0,15.48,44,3017.0,10,2608,3104,3105,3105,289,319,385,841,492,282,255,34,207,0,1,0,0,0,0,0,84,0.775
Course 3,84,51,1.65,0.26,119,100.0,0,0,0,0,0,70,100.0,38.84,1615,0.0,0.0,0.0,0.0,0.0,0.0,0.0,0.0,15.76,34,951.0,8,3528,3722,3722,3722,196,297,456,1156,957,466,153,41,0,0,0,0,0,0,0,0,70,0.861
Course 3,20,6,3.33,0.13,0,0.0,0,0,0,0,0,0,0.0,0.0,0,0.0,0.0,0.0,0.0,0.0,0.0,0.0,0.0,0.0,0,0.0,0,0,0,0,0,0,0,0,0,0,0,0,0,0,0,0,0,0,0,0,0,0,0.0
Course 3,99,49,2.02,0.25,72,100.0,0,0,0,0,0,64,100.0,42.71,1049,0.0,0.0,0.0,0.0,0.0,0.0,0.0,0.0,13.97,28,2994.0,7,2324,2379,2379,2379,140,176,488,539,623,358,0,55,0,0,0,0,0,0,0,0,64,0.783
Course 3,40,18,2.22,0.32,0,0.0,0,0,0,0,0,0,0.0,0.0,0,0.0,0.0,0.0,0.0,0.0,0.0,0.0,0.0,0.0,0,0.0,0,0,0,0,0,0,0,0,0,0,0,0,0,0,0,0,0,0,0,0,0,0,0.0
Course 3,132,54,2.44,0.25,85,100.0,0,0,0,0,0,61,100.0,40.23,1036,0.0,0.0,0.0,0.0,0.0,0.0,0.0,0.0,15.81,33,2355.0,9,2349,2369,2370,2370,202,87,421,958,536,145,19,1,0,0,1,0,0,0,0,0,61,0.684
Course 3,115,54,2.13,0.27,70,100.0,0,0,0,0,0,51,100.0,33.86,681,0.0,0.0,0.0,0.0,0.0,0.0,0.0,0.0,14.64,28,2081.0,8,1469,1606,1606,1606,122,126,252,478,350,141,17,120,0,0,0,0,0,0,0,0,51,0.78
Course 3,60,41,1.46,0.19,50,100.0,0,0,0,0,0,56,100.0,31.56,732,0.0,0.0,0.0,0.0,0.0,0.0,0.0,0.0,14.6,35,1295.0,11,1524,1534,1699,1702,24,173,224,326,426,351,6,4,0,61,0,104,3,0,0,0,55,0.639
Course 3,21,14,1.5,0.09,4,100.0,0,0,0,0,0,7,100.0,33.0,97,0.0,0.0,0.0,0.0,0.0,0.0,0.0,0.0,15.91,4,49.0,4,215,215,215,215,49,35,55,76,0,0,0,0,0,0,0,0,0,0,0,0,7,0.573
Course 3,23,15,1.53,0.1,16,100.0,0,0,0,0,0,2,100.0,24.5,20,0.0,0.0,0.0,0.0,0.0,0.0,0.0,0.0,12.59,3,530.0,2,65,65,65,65,25,40,0,0,0,0,0,0,0,0,0,0,0,0,0,0,2,0.693
Course 3,130,68,1.91,0.33,103,100.0,0,0,0,0,0,94,100.0,36.96,1583,0.0,0.0,0.0,0.0,0.0,0.0,0.0,0.0,12.57,49,2752.0,9,3189,3686,3686,3686,218,316,441,1108,661,445,80,209,208,0,0,0,0,0,0,0,91,0.862
Course 3,93,63,1.48,0.31,115,100.0,0,0,0,0,0,80,100.0,33.32,1181,0.0,0.0,0.0,0.0,0.0,0.0,0.0,0.0,15.13,43,2338.0,9,2697,2921,2921,2921,303,231,344,793,639,387,86,6,132,0,0,0,0,0,0,0,80,0.813
Course 3,65,33,1.97,0.21,5,100.0,0,0,0,0,0,8,100.0,37.0,66,0.0,0.0,0.0,0.0,0.0,0.0,0.0,0.0,13.41,6,193.0,2,161,161,161,161,159,0,2,0,0,0,0,0,0,0,0,0,0,0,0,0,8,0.566
Course 3,72,49,1.47,0.24,88,100.0,0,0,0,0,0,82,100.0,36.02,1122,0.0,0.0,0.0,0.0,0.0,0.0,0.0,0.0,13.04,36,4161.0,8,2427,2605,2605,2605,60,432,254,833,552,296,0,5,173,0,0,0,0,0,0,0,81,0.779
Course 3,64,47,1.36,0.24,72,100.0,0,0,0,0,0,60,100.0,41.86,884,0.0,0.0,0.0,0.0,0.0,0.0,0.0,0.0,13.69,30,1113.0,7,2040,2076,2076,2076,126,230,281,597,471,335,0,36,0,0,0,0,0,0,0,0,60,0.79
Course 3,136,69,1.97,0.31,56,100.0,0,0,0,0,0,79,100.0,34.57,1557,0.0,0.0,0.0,0.0,0.0,0.0,0.0,0.0,12.66,42,2730.0,12,2532,3036,3380,3380,83,272,272,766,649,490,2,22,480,119,104,121,0,0,0,0,77,0.799
Course 3,52,25,2.08,0.16,72,100.0,0,0,0,0,0,34,100.0,42.7,474,0.0,0.0,0.0,0.0,0.0,0.0,0.0,0.0,10.02,18,2409.0,5,1107,1107,1107,1107,87,153,293,504,70,0,0,0,0,0,0,0,0,0,0,0,33,0.813
Course 3,90,47,1.91,0.26,99,100.0,0,0,0,0,0,66,100.0,42.48,986,0.0,0.0,0.0,0.0,0.0,0.0,0.0,0.0,15.7,32,2824.0,6,2235,2235,2235,2235,186,208,337,652,575,277,0,0,0,0,0,0,0,0,0,0,63,0.867
Course 3,47,32,1.47,0.18,2,100.0,0,0,0,0,0,30,100.0,8.98,273,0.0,0.0,0.0,0.0,0.0,0.0,0.0,0.0,15.92,15,756.0,5,696,696,696,696,91,297,92,204,0,12,0,0,0,0,0,0,0,0,0,0,24,0.581
Course 3,260,100,2.6,0.44,178,100.0,0,0,0,0,0,120,100.0,30.29,1572,0.0,0.0,0.0,0.0,0.0,0.0,0.0,0.0,13.78,66,9593.0,13,2978,3570,3844,3849,280,397,403,852,658,388,134,51,407,90,112,72,5,0,0,0,111,0.829
Course 3,56,37,1.51,0.19,34,100.0,0,0,0,0,0,41,100.0,42.39,661,0.0,0.0,0.0,0.0,0.0,0.0,0.0,0.0,13.7,23,1018.0,8,1399,1488,1488,1488,2,173,210,370,387,257,85,4,0,0,0,0,0,0,0,0,41,0.759
Course 3,64,42,1.52,0.2,58,100.0,0,0,0,0,0,47,100.0,30.83,664,0.0,0.0,0.0,0.0,0.0,0.0,0.0,0.0,13.25,23,1481.0,9,1279,1572,1573,1573,0,305,252,588,35,99,159,127,7,1,0,0,0,0,0,0,47,0.692
Course 3,88,62,1.42,0.29,45,100.0,0,0,0,0,0,89,100.0,38.45,1624,0.0,0.0,0.0,0.0,0.0,0.0,0.0,0.0,14.92,39,656.0,11,3020,3540,3578,3578,198,253,313,1069,676,511,99,104,317,9,29,0,0,0,0,0,89,0.788
Course 3,49,35,1.4,0.19,26,100.0,0,0,0,0,0,37,100.0,36.01,540,0.0,0.0,0.0,0.0,0.0,0.0,0.0,0.0,15.13,21,1123.0,6,1267,1267,1267,1267,98,147,162,459,270,131,0,0,0,0,0,0,0,0,0,0,37,0.797
Course 3,141,76,1.86,0.33,161,100.0,0,0,0,0,0,93,100.0,34.73,1648,0.0,0.0,0.0,0.0,0.0,0.0,0.0,0.0,13.52,45,3409.0,12,3252,3762,3879,3885,260,184,400,1148,753,507,307,83,120,0,73,44,6,0,0,0,92,0.769
Course 3,38,24,1.58,0.16,22,100.0,0,0,0,0,0,16,100.0,36.25,196,0.0,0.0,0.0,0.0,0.0,0.0,0.0,0.0,12.76,9,663.0,3,435,435,435,435,0,88,226,121,0,0,0,0,0,0,0,0,0,0,0,0,16,0.817
Course 3,22,12,1.83,0.07,10,100.0,0,0,0,0,0,11,100.0,29.0,172,0.0,0.0,0.0,0.0,0.0,0.0,0.0,0.0,14.62,7,99.0,4,404,404,404,404,0,47,68,186,103,0,0,0,0,0,0,0,0,0,0,0,11,0.696
Course 3,97,67,1.45,0.31,130,100.0,0,0,0,0,0,98,100.0,34.3,1378,0.0,0.0,0.0,0.0,0.0,0.0,0.0,0.0,13.73,49,2279.0,11,2966,3354,3445,3445,251,250,365,939,729,432,100,16,272,56,35,0,0,0,0,0,97,0.809
Course 3,85,62,1.37,0.32,59,100.0,0,0,0,0,0,63,100.0,38.6,886,0.0,0.0,0.0,0.0,0.0,0.0,0.0,0.0,13.52,41,3503.0,8,2044,2061,2061,2061,248,270,297,545,379,305,14,3,0,0,0,0,0,0,0,0,60,0.828
Course 3,163,62,2.63,0.29,82,100.0,0,0,0,0,0,82,100.0,37.51,1152,0.0,0.0,0.0,0.0,0.0,0.0,0.0,0.0,14.69,40,2934.0,9,2371,2628,2628,2628,174,232,268,658,641,398,86,7,164,0,0,0,0,0,0,0,80,0.796
Course 3,93,56,1.66,0.26,82,100.0,0,0,0,0,0,80,100.0,34.22,1210,0.0,0.0,0.0,0.0,0.0,0.0,0.0,0.0,13.64,37,2126.0,9,2434,2756,2768,2768,241,291,331,865,361,345,90,0,232,0,12,0,0,0,0,0,80,0.71
Course 3,93,55,1.69,0.27,168,100.0,0,0,0,0,0,86,100.0,36.75,1809,0.0,0.0,0.0,0.0,0.0,0.0,0.0,0.0,13.85,41,6037.0,9,3840,4156,4156,4156,188,165,322,1184,1123,858,73,41,202,0,0,0,0,0,0,0,84,0.847
Course 3,136,82,1.66,0.37,130,100.0,0,0,0,0,0,117,100.0,34.02,1605,0.0,0.0,0.0,0.0,0.0,0.0,0.0,0.0,12.89,61,3624.0,12,3020,3611,3964,3964,521,297,540,427,648,587,202,242,147,124,138,91,0,0,0,0,109,0.84
Course 3,111,60,1.85,0.3,47,100.0,0,0,0,0,0,66,100.0,35.29,975,0.0,0.0,0.0,0.0,0.0,0.0,0.0,0.0,15.21,36,1388.0,9,1943,2329,2329,2329,163,241,273,560,604,102,261,99,26,0,0,0,0,0,0,0,66,0.795
Course 3,36,28,1.29,0.15,28,100.0,0,0,0,0,0,25,100.0,36.41,277,0.0,0.0,0.0,0.0,0.0,0.0,0.0,0.0,10.22,13,1056.0,5,627,627,627,627,70,193,133,144,0,87,0,0,0,0,0,0,0,0,0,0,24,0.594
Course 3,115,66,1.74,0.31,93,100.0,0,0,0,0,0,87,100.0,37.71,1253,0.0,0.0,0.0,0.0,0.0,0.0,0.0,0.0,14.81,44,1679.0,11,2397,2792,2893,2893,248,201,275,849,455,369,232,4,159,43,58,0,0,0,0,0,87,0.783
Course 3,38,26,1.46,0.15,60,100.0,0,0,0,0,0,38,100.0,33.75,547,0.0,0.0,0.0,0.0,0.0,0.0,0.0,0.0,14.6,17,161.0,6,1259,1259,1259,1259,91,50,371,470,193,84,0,0,0,0,0,0,0,0,0,0,38,0.732
Course 3,71,35,2.03,0.21,10,100.0,0,0,0,0,0,14,100.0,35.75,119,0.0,0.0,0.0,0.0,0.0,0.0,0.0,0.0,14.92,7,1283.0,2,296,296,296,296,0,126,170,0,0,0,0,0,0,0,0,0,0,0,0,0,14,0.79
Course 3,48,39,1.23,0.21,28,100.0,0,0,0,0,0,42,100.0,41.58,601,0.0,0.0,0.0,0.0,0.0,0.0,0.0,0.0,15.27,26,439.0,6,1403,1496,1496,1496,0,153,183,555,363,149,93,0,0,0,0,0,0,0,0,0,41,0.841
Course 3,77,47,1.64,0.22,67,100.0,0,0,0,0,0,78,100.0,40.87,1080,0.0,0.0,0.0,0.0,0.0,0.0,0.0,0.0,12.97,39,1871.0,10,2243,2486,2520,2520,227,158,250,669,660,279,82,0,161,32,2,0,0,0,0,0,78,0.723
Course 3,13,7,1.86,0.05,1,100.0,0,0,0,0,0,2,100.0,43.0,15,0.0,0.0,0.0,0.0,0.0,0.0,0.0,0.0,15.88,1,18.0,1,40,40,40,40,0,40,0,0,0,0,0,0,0,0,0,0,0,0,0,0,2,1.0
Course 3,102,57,1.79,0.27,178,100.0,0,0,0,0,0,88,100.0,36.1,2085,0.0,0.0,0.0,0.0,0.0,0.0,0.0,0.0,11.01,44,4748.0,11,3795,4539,4649,4649,78,320,403,1425,1111,458,4,3,737,72,38,0,0,0,0,0,86,0.833
Course 3,108,69,1.57,0.3,97,100.0,0,0,0,0,0,92,100.0,36.32,1162,0.0,0.0,0.0,0.0,0.0,0.0,0.0,0.0,14.62,48,1564.0,12,2297,2490,2743,2744,254,302,354,569,618,200,36,157,0,54,105,94,1,0,0,0,90,0.723
Course 3,102,53,1.92,0.27,94,100.0,0,0,0,0,0,69,100.0,41.05,1084,0.0,0.0,0.0,0.0,0.0,0.0,0.0,0.0,13.39,39,6693.0,8,2369,2529,2529,2529,85,204,250,692,689,449,130,30,0,0,0,0,0,0,0,0,69,0.843
Course 3,107,68,1.57,0.3,69,100.0,0,0,0,0,0,73,100.0,21.33,1056,0.0,0.0,0.0,0.0,0.0,0.0,0.0,0.0,13.31,41,3896.0,12,1943,2421,2539,2545,117,111,173,442,665,435,209,100,169,0,23,95,6,0,0,0,73,0.741
Course 3,53,42,1.26,0.23,58,100.0,0,0,0,0,0,76,100.0,29.54,1135,0.0,0.0,0.0,0.0,0.0,0.0,0.0,0.0,15.08,32,1115.0,7,2488,2726,2726,2726,0,186,315,777,662,548,160,78,0,0,0,0,0,0,0,0,76,0.848
Course 3,103,63,1.63,0.29,127,100.0,0,0,0,0,0,80,100.0,41.17,1271,0.0,0.0,0.0,0.0,0.0,0.0,0.0,0.0,12.79,40,3116.0,10,2660,2912,2942,2942,195,237,293,786,631,518,96,93,63,0,30,0,0,0,0,0,79,0.749
Course 3,121,71,1.7,0.33,170,100.0,0,0,0,0,0,89,100.0,33.66,1435,0.0,0.0,0.0,0.0,0.0,0.0,0.0,0.0,15.17,50,6965.0,11,3215,3425,3570,3570,305,233,314,1084,820,459,36,104,70,73,72,0,0,0,0,0,89,0.827
Course 3,85,63,1.35,0.3,80,100.0,0,0,0,0,0,89,100.0,35.07,1462,0.0,0.0,0.0,0.0,0.0,0.0,0.0,0.0,15.89,42,1307.0,10,2899,3322,3358,3358,175,486,260,767,843,368,94,74,255,36,0,0,0,0,0,0,88,0.802
Course 3,117,87,1.34,0.38,115,100.0,0,0,0,0,0,123,100.0,32.41,1477,0.0,0.0,0.0,0.0,0.0,0.0,0.0,0.0,15.25,67,1809.0,13,2421,2958,3483,3484,195,200,233,731,726,336,102,17,418,97,217,211,1,0,0,0,122,0.828
Course 3,115,84,1.37,0.38,172,100.0,0,0,0,0,0,115,100.0,34.84,1403,0.0,0.0,0.0,0.0,0.0,0.0,0.0,0.0,15.88,59,2694.0,12,2752,3150,3506,3506,245,286,296,848,626,451,91,95,212,124,176,56,0,0,0,0,115,0.831
Course 3,95,80,1.19,0.35,83,100.0,0,0,0,0,0,122,100.0,26.24,1417,0.0,0.0,0.0,0.0,0.0,0.0,0.0,0.0,9.65,67,1180.0,13,2334,2821,3345,3346,102,156,288,663,623,502,81,111,295,154,194,176,1,0,0,0,121,0.822
Course 3,83,55,1.51,0.27,131,100.0,0,0,0,0,0,90,100.0,39.34,1823,0.0,0.0,0.0,0.0,0.0,0.0,0.0,0.0,14.84,45,3546.0,11,3532,3995,4070,4070,182,220,260,1101,936,833,163,103,197,54,21,0,0,0,0,0,90,0.812
Course 3,89,60,1.48,0.31,127,100.0,0,0,0,0,0,64,100.0,38.78,1151,0.0,0.0,0.0,0.0,0.0,0.0,0.0,0.0,13.39,39,1987.0,7,2649,2652,2652,2652,193,290,361,799,732,274,0,3,0,0,0,0,0,0,0,0,64,0.821
Course 3,114,69,1.65,0.34,112,100.0,0,0,0,0,0,92,100.0,33.38,1383,0.0,0.0,0.0,0.0,0.0,0.0,0.0,0.0,11.72,47,4082.0,9,2926,3313,3313,3313,249,266,290,800,804,517,92,21,274,0,0,0,0,0,0,0,91,0.836
Course 3,154,67,2.3,0.31,156,100.0,0,0,0,0,0,95,100.0,35.88,1915,0.0,0.0,0.0,0.0,0.0,0.0,0.0,0.0,12.44,45,5745.0,10,3561,4017,4022,4022,173,368,381,1395,729,515,91,123,242,0,5,0,0,0,0,0,92,0.786
Course 3,111,69,1.61,0.33,136,100.0,0,0,0,0,0,75,100.0,27.63,1088,0.0,0.0,0.0,0.0,0.0,0.0,0.0,0.0,12.65,43,2741.0,10,2415,2661,2720,2720,129,303,292,506,645,540,175,69,2,59,0,0,0,0,0,0,75,0.78
Course 3,115,67,1.72,0.29,63,100.0,0,0,0,0,0,80,100.0,37.78,1188,0.0,0.0,0.0,0.0,0.0,0.0,0.0,0.0,13.92,40,3353.0,9,2594,2793,2793,2794,280,251,283,758,602,420,76,123,0,0,0,0,1,0,0,0,80,0.587
Course 3,190,82,2.32,0.38,143,100.0,0,0,0,0,0,104,100.0,35.62,1748,0.0,0.0,0.0,0.0,0.0,0.0,0.0,0.0,11.87,56,7984.0,11,3421,3915,3988,3988,227,233,335,734,1345,547,266,42,186,54,19,0,0,0,0,0,99,0.839
Course 3,107,65,1.65,0.31,77,100.0,0,0,0,0,0,99,100.0,35.51,1486,0.0,0.0,0.0,0.0,0.0,0.0,0.0,0.0,11.93,47,2676.0,10,2898,3342,3378,3378,190,251,310,927,767,453,87,116,241,36,0,0,0,0,0,0,96,0.81
Course 3,48,28,1.71,0.14,32,100.0,0,0,0,0,0,48,100.0,36.53,657,0.0,0.0,0.0,0.0,0.0,0.0,0.0,0.0,15.52,16,461.0,6,1308,1458,1458,1458,151,250,287,428,192,0,0,0,150,0,0,0,0,0,0,0,47,0.575
Course 3,63,36,1.75,0.18,30,100.0,0,0,0,0,0,22,100.0,17.25,232,0.0,0.0,0.0,0.0,0.0,0.0,0.0,0.0,15.94,15,567.0,5,559,595,595,595,79,119,83,278,0,0,0,0,36,0,0,0,0,0,0,0,20,0.392
Course 3,55,40,1.38,0.21,57,100.0,0,0,0,0,0,41,100.0,28.9,687,0.0,0.0,0.0,0.0,0.0,0.0,0.0,0.0,12.86,23,279.0,7,1527,1542,1542,1542,49,141,269,555,337,176,0,15,0,0,0,0,0,0,0,0,41,0.719
Course 3,133,75,1.77,0.35,99,100.0,0,0,0,0,0,93,100.0,35.14,1193,0.0,0.0,0.0,0.0,0.0,0.0,0.0,0.0,13.3,49,1609.0,11,2432,2872,2962,2962,203,271,319,667,571,401,147,138,155,84,6,0,0,0,0,0,92,0.824
Course 3,78,50,1.56,0.25,81,100.0,0,0,0,0,0,63,100.0,33.26,807,0.0,0.0,0.0,0.0,0.0,0.0,0.0,0.0,15.35,28,1231.0,8,1736,1893,1893,1893,219,202,271,686,271,87,0,8,149,0,0,0,0,0,0,0,61,0.704
Course 3,42,23,1.83,0.14,10,100.0,0,0,0,0,0,6,100.0,19.42,98,0.0,0.0,0.0,0.0,0.0,0.0,0.0,0.0,13.32,3,662.0,2,250,250,250,250,0,146,104,0,0,0,0,0,0,0,0,0,0,0,0,0,6,0.815
Course 3,111,63,1.76,0.31,68,100.0,0,0,0,0,0,70,100.0,33.72,953,0.0,0.0,0.0,0.0,0.0,0.0,0.0,0.0,10.38,37,7136.0,9,2160,2479,2479,2479,191,353,363,836,139,278,96,121,102,0,0,0,0,0,0,0,69,0.773
Course 3,48,36,1.33,0.2,25,100.0,0,0,0,0,0,38,100.0,27.54,429,0.0,0.0,0.0,0.0,0.0,0.0,0.0,0.0,15.87,20,217.0,6,1056,1056,1056,1056,78,193,157,241,298,89,0,0,0,0,0,0,0,0,0,0,38,0.769
Course 3,66,45,1.47,0.21,46,100.0,0,0,0,0,0,59,100.0,37.71,863,0.0,0.0,0.0,0.0,0.0,0.0,0.0,0.0,12.89,29,1408.0,7,1985,1985,1986,1986,108,205,286,611,453,322,0,0,0,0,1,0,0,0,0,0,56,0.583
Course 3,84,42,2.0,0.2,77,100.0,0,0,0,0,0,61,100.0,29.18,793,0.0,0.0,0.0,0.0,0.0,0.0,0.0,0.0,16.14,31,3627.0,10,1552,1876,1897,1897,262,325,89,244,489,143,89,5,230,0,21,0,0,0,0,0,61,0.703
Course 3,36,24,1.5,0.16,20,100.0,0,0,0,0,0,15,100.0,38.8,119,0.0,0.0,0.0,0.0,0.0,0.0,0.0,0.0,15.01,9,865.0,3,313,313,313,313,42,135,136,0,0,0,0,0,0,0,0,0,0,0,0,0,14,0.72
Course 3,68,47,1.45,0.23,31,100.0,0,0,0,0,0,49,100.0,40.4,735,0.0,0.0,0.0,0.0,0.0,0.0,0.0,0.0,15.9,28,332.0,8,1638,1671,1671,1671,147,200,223,365,419,284,2,0,31,0,0,0,0,0,0,0,48,0.673
Course 3,57,43,1.33,0.22,34,100.0,0,0,0,0,0,58,100.0,43.29,867,0.0,0.0,0.0,0.0,0.0,0.0,0.0,0.0,13.8,31,1558.0,8,2024,2040,2040,2040,140,215,239,378,654,398,15,1,0,0,0,0,0,0,0,0,58,0.816
Course 3,136,73,1.86,0.33,83,100.0,0,0,0,0,0,101,100.0,37.47,1768,0.0,0.0,0.0,0.0,0.0,0.0,0.0,0.0,13.45,52,2608.0,12,3178,3911,4039,4039,248,207,378,1078,808,459,118,77,538,71,56,1,0,0,0,0,99,0.81
Course 3,81,59,1.37,0.31,68,100.0,0,0,0,0,0,72,100.0,27.6,1176,0.0,0.0,0.0,0.0,0.0,0.0,0.0,0.0,13.65,45,2187.0,8,2611,2823,2823,2823,226,276,304,754,687,364,143,69,0,0,0,0,0,0,0,0,72,0.862
Course 3,51,29,1.76,0.14,45,100.0,0,0,0,0,0,37,100.0,33.18,393,0.0,0.0,0.0,0.0,0.0,0.0,0.0,0.0,16.05,19,1185.0,6,919,960,960,960,167,209,93,0,422,28,0,0,41,0,0,0,0,0,0,0,37,0.53
Course 3,110,54,2.04,0.3,95,100.0,0,0,0,0,0,56,100.0,41.02,981,0.0,0.0,0.0,0.0,0.0,0.0,0.0,0.0,15.2,30,3734.0,6,2289,2289,2289,2289,250,175,325,718,610,211,0,0,0,0,0,0,0,0,0,0,56,0.862
Course 3,112,61,1.84,0.29,90,100.0,0,0,0,0,0,69,100.0,40.8,1002,0.0,0.0,0.0,0.0,0.0,0.0,0.0,0.0,16.9,39,2536.0,10,2127,2279,2298,2298,207,247,288,868,338,179,16,32,104,19,0,0,0,0,0,0,69,0.761
Course 3,128,64,2.0,0.32,145,100.0,0,0,0,0,0,91,100.0,39.25,1373,0.0,0.0,0.0,0.0,0.0,0.0,0.0,0.0,16.27,45,2759.0,9,2985,3268,3268,3268,237,245,401,988,653,461,86,15,182,0,0,0,0,0,0,0,90,0.835
Course 3,108,57,1.89,0.28,78,100.0,0,0,0,0,0,63,100.0,37.3,748,0.0,0.0,0.0,0.0,0.0,0.0,0.0,0.0,16.04,35,2054.0,7,1733,1860,1860,1860,254,173,387,662,257,0,0,10,117,0,0,0,0,0,0,0,63,0.695
Course 3,145,73,1.99,0.34,147,100.0,0,0,0,0,0,107,100.0,33.84,1457,0.0,0.0,0.0,0.0,0.0,0.0,0.0,0.0,11.96,50,11025.0,11,2931,3350,3460,3460,157,237,497,654,825,561,115,155,149,62,48,0,0,0,0,0,100,0.828
Course 3,168,91,1.85,0.44,256,100.0,0,0,0,0,0,146,100.0,32.15,2022,0.0,0.0,0.0,0.0,0.0,0.0,0.0,0.0,14.16,76,12361.0,12,3792,4322,5035,5035,324,389,429,943,838,869,106,121,303,220,271,222,0,0,0,0,134,0.876
Course 3,62,33,1.88,0.19,70,100.0,0,0,0,0,0,50,100.0,43.23,1112,0.0,0.0,0.0,0.0,0.0,0.0,0.0,0.0,11.37,24,3191.0,7,2442,2443,2443,2443,26,104,474,1059,603,176,1,0,0,0,0,0,0,0,0,0,48,0.773
Course 3,56,33,1.7,0.2,49,100.0,0,0,0,0,0,53,100.0,45.38,903,0.0,0.0,0.0,0.0,0.0,0.0,0.0,0.0,14.66,25,1718.0,7,2032,2033,2033,2033,136,176,275,780,493,172,0,0,1,0,0,0,0,0,0,0,52,0.655
Course 3,137,82,1.67,0.38,121,99.21,0,0,0,0,0,132,99.21,31.55,1881,0.0,0.0,0.0,0.0,0.0,0.0,0.0,0.0,10.69,69,9388.0,12,3651,4076,4569,4569,112,323,715,1095,756,650,96,155,174,129,211,153,0,0,0,0,125,0.866
Course 3,59,31,1.9,0.15,46,100.0,0,0,0,0,0,46,100.0,42.09,781,0.0,0.0,0.0,0.0,0.0,0.0,0.0,0.0,12.0,21,2057.0,5,1668,1698,1698,1698,0,0,264,632,652,120,0,0,30,0,0,0,0,0,0,0,44,0.644
Course 3,128,44,2.91,0.23,154,100.0,0,0,0,0,0,64,100.0,36.46,1256,0.0,0.0,0.0,0.0,0.0,0.0,0.0,0.0,11.85,38,12780.0,10,2422,2658,2805,2805,0,0,455,1001,599,367,134,48,54,37,68,42,0,0,0,0,64,0.763
Course 3,73,37,1.97,0.18,44,100.0,0,0,0,0,0,39,100.0,39.16,562,0.0,0.0,0.0,0.0,0.0,0.0,0.0,0.0,13.16,24,6166.0,7,1357,1361,1361,1361,0,127,234,707,202,87,0,3,1,0,0,0,0,0,0,0,39,0.686
Course 3,65,38,1.71,0.18,74,100.0,0,0,0,0,0,62,100.0,39.8,1109,0.0,0.0,0.0,0.0,0.0,0.0,0.0,0.0,8.76,27,3755.0,8,2208,2449,2451,2451,0,43,168,866,691,440,0,120,121,0,0,2,0,0,0,0,60,0.653
Course 3,80,49,1.63,0.23,124,100.0,0,0,0,0,0,67,100.0,32.85,995,0.0,0.0,0.0,0.0,0.0,0.0,0.0,0.0,11.95,40,4119.0,11,1737,2212,2421,2421,0,22,165,663,536,351,72,57,346,25,74,110,0,0,0,0,67,0.756
Course 3,88,52,1.69,0.25,102,100.0,0,0,0,0,0,88,100.0,31.81,1153,0.0,0.0,0.0,0.0,0.0,0.0,0.0,0.0,10.43,42,4649.0,12,2118,2549,2700,2700,47,63,133,763,634,478,91,89,251,149,1,1,0,0,0,0,87,0.757
Course 3,87,50,1.74,0.23,93,100.0,0,0,0,0,0,83,100.0,32.01,1181,0.0,0.0,0.0,0.0,0.0,0.0,0.0,0.0,9.99,41,4951.0,10,2137,2609,2766,2766,0,54,154,740,638,551,110,108,254,155,0,2,0,0,0,0,82,0.759
Course 3,107,71,1.51,0.37,152,100.0,0,0,0,0,0,125,100.0,34.58,1602,0.0,0.0,0.0,0.0,0.0,0.0,0.0,0.0,13.96,58,7707.0,12,2908,3569,3950,3950,368,292,435,759,627,427,96,191,374,189,130,62,0,0,0,0,120,0.824
Course 3,42,26,1.62,0.15,51,100.0,0,0,0,0,0,37,100.0,42.63,698,0.0,0.0,0.0,0.0,0.0,0.0,0.0,0.0,10.8,19,1691.0,4,1660,1660,1660,1660,0,0,242,736,399,283,0,0,0,0,0,0,0,0,0,0,37,0.879
Course 3,122,61,2.0,0.29,105,100.0,0,0,0,0,0,80,100.0,41.64,1477,0.0,0.0,0.0,0.0,0.0,0.0,0.0,0.0,13.42,45,5763.0,11,3074,3330,3333,3333,286,226,336,1068,572,586,90,4,162,2,0,1,0,0,0,0,79,0.759
Course 3,54,19,2.84,0.11,39,100.0,0,0,0,0,0,32,100.0,29.17,516,0.0,0.0,0.0,0.0,0.0,0.0,0.0,0.0,13.79,14,1364.0,5,1137,1173,1173,1173,0,0,216,493,304,124,0,0,36,0,0,0,0,0,0,0,32,0.579
Course 3,27,12,2.25,0.07,12,100.0,0,0,0,0,0,10,100.0,34.15,101,0.0,0.0,0.0,0.0,0.0,0.0,0.0,0.0,10.74,6,1274.0,3,257,257,257,257,0,0,175,81,1,0,0,0,0,0,0,0,0,0,0,0,9,0.649
Course 3,157,74,2.12,0.39,102,100.0,0,0,0,0,0,112,100.0,30.61,1513,0.0,0.0,0.0,0.0,0.0,0.0,0.0,0.0,13.48,58,8365.0,11,2803,3350,3658,3658,312,197,332,801,644,517,0,4,543,183,124,1,0,0,0,0,112,0.813
Course 3,53,35,1.51,0.18,25,100.0,0,0,0,0,0,44,100.0,39.38,822,0.0,0.0,0.0,0.0,0.0,0.0,0.0,0.0,10.49,23,1800.0,7,1627,1734,1771,1771,0,59,143,761,409,255,107,0,0,37,0,0,0,0,0,0,44,0.616
Course 3,109,51,2.14,0.24,133,100.0,0,0,0,0,0,108,100.0,36.31,1500,0.0,0.0,0.0,0.0,0.0,0.0,0.0,0.0,10.75,42,6534.0,11,2968,3397,3553,3553,283,286,319,880,669,531,73,0,356,93,34,29,0,0,0,0,104,0.746
Course 3,75,40,1.88,0.21,33,100.0,0,0,0,0,0,44,100.0,39.21,937,0.0,0.0,0.0,0.0,0.0,0.0,0.0,0.0,12.94,22,4292.0,6,2027,2044,2044,2044,0,72,317,800,476,362,0,0,17,0,0,0,0,0,0,0,44,0.689
Course 3,44,29,1.52,0.17,62,100.0,0,0,0,0,0,45,100.0,36.58,918,0.0,0.0,0.0,0.0,0.0,0.0,0.0,0.0,10.1,22,953.0,4,2026,2026,2026,2026,0,0,282,602,678,464,0,0,0,0,0,0,0,0,0,0,43,0.894
Course 3,55,33,1.67,0.22,29,100.0,0,0,0,0,0,35,100.0,24.63,480,0.0,0.0,0.0,0.0,0.0,0.0,0.0,0.0,12.71,20,2824.0,6,1205,1205,1205,1205,57,54,326,476,219,73,0,0,0,0,0,0,0,0,0,0,30,0.758
Course 3,44,24,1.83,0.16,30,100.0,0,0,0,0,0,30,100.0,41.66,514,0.0,0.0,0.0,0.0,0.0,0.0,0.0,0.0,13.91,17,3548.0,4,1176,1176,1176,1176,0,0,263,612,247,54,0,0,0,0,0,0,0,0,0,0,29,0.847
Course 3,24,9,2.67,0.07,5,100.0,0,0,0,0,0,9,100.0,42.83,92,0.0,0.0,0.0,0.0,0.0,0.0,0.0,0.0,6.31,5,351.0,2,205,205,205,205,0,0,194,11,0,0,0,0,0,0,0,0,0,0,0,0,9,0.735
Course 3,138,77,1.79,0.36,106,100.0,0,0,0,0,0,127,100.0,33.26,1609,0.0,0.0,0.0,0.0,0.0,0.0,0.0,0.0,11.4,56,4447.0,12,2971,3543,4005,4005,150,332,380,935,643,531,98,178,296,94,208,160,0,0,0,0,120,0.806
Course 3,141,63,2.24,0.35,68,100.0,0,0,0,0,0,74,100.0,38.49,1381,0.0,0.0,0.0,0.0,0.0,0.0,0.0,0.0,14.04,35,3352.0,8,3068,3178,3178,3178,329,233,356,964,741,445,4,106,0,0,0,0,0,0,0,0,72,0.833
Course 3,57,34,1.68,0.2,65,100.0,0,0,0,0,0,43,100.0,35.75,691,0.0,0.0,0.0,0.0,0.0,0.0,0.0,0.0,14.65,21,3875.0,5,1563,1563,1563,1563,0,52,248,557,454,252,0,0,0,0,0,0,0,0,0,0,41,0.852
Course 3,126,66,1.91,0.32,178,100.0,0,0,0,0,0,112,100.0,35.25,1784,0.0,0.0,0.0,0.0,0.0,0.0,0.0,0.0,11.9,59,9192.0,11,3608,4197,4529,4529,301,352,515,1134,647,659,92,131,366,168,164,0,0,0,0,0,107,0.859
Course 3,102,66,1.55,0.35,120,100.0,0,0,0,0,0,111,100.0,35.34,1483,0.0,0.0,0.0,0.0,0.0,0.0,0.0,0.0,12.46,54,4404.0,12,2866,3269,3521,3521,265,293,306,785,660,557,8,109,286,120,87,45,0,0,0,0,109,0.806
Course 3,84,50,1.68,0.23,116,100.0,0,0,0,0,0,88,100.0,28.27,1817,0.0,0.0,0.0,0.0,0.0,0.0,0.0,0.0,6.46,41,4848.0,11,3230,3756,4048,4048,0,84,267,1278,995,606,145,143,238,22,132,138,0,0,0,0,86,0.812
Course 3,34,23,1.48,0.15,29,100.0,0,0,0,0,0,28,100.0,37.14,506,0.0,0.0,0.0,0.0,0.0,0.0,0.0,0.0,13.95,16,2057.0,4,1101,1101,1101,1101,0,0,138,486,472,5,0,0,0,0,0,0,0,0,0,0,27,0.784
Course 3,107,56,1.91,0.28,158,100.0,0,0,0,0,0,98,100.0,30.35,1263,0.0,0.0,0.0,0.0,0.0,0.0,0.0,0.0,8.53,51,11116.0,12,2156,2667,3073,3074,0,86,188,738,623,521,8,60,443,105,65,236,1,0,0,0,96,0.81
Course 3,89,56,1.59,0.26,150,100.0,0,0,0,0,0,86,100.0,31.7,1064,0.0,0.0,0.0,0.0,0.0,0.0,0.0,0.0,8.08,44,5599.0,12,1899,2304,2578,2579,0,49,241,679,574,356,8,97,300,51,140,83,1,0,0,0,84,0.788
Course 3,81,33,2.45,0.19,75,100.0,0,0,0,0,0,48,100.0,38.61,909,0.0,0.0,0.0,0.0,0.0,0.0,0.0,0.0,13.36,23,5826.0,5,2023,2023,2023,2023,0,63,224,883,592,261,0,0,0,0,0,0,0,0,0,0,44,0.875
Course 3,123,59,2.08,0.32,137,100.0,0,0,0,0,0,105,100.0,36.13,1503,0.0,0.0,0.0,0.0,0.0,0.0,0.0,0.0,11.11,52,7246.0,12,2933,3450,3640,3640,362,304,292,805,628,542,76,2,439,101,34,55,0,0,0,0,104,0.807
Course 3,108,50,2.16,0.25,90,100.0,0,0,0,0,0,91,100.0,24.98,1522,0.0,0.0,0.0,0.0,0.0,0.0,0.0,0.0,14.46,39,4875.0,11,3192,3505,3612,3612,71,71,527,1147,857,519,90,55,168,30,77,0,0,0,0,0,78,0.793
Course 3,128,57,2.25,0.28,123,100.0,0,0,0,0,0,76,100.0,33.97,1429,0.0,0.0,0.0,0.0,0.0,0.0,0.0,0.0,10.74,42,8376.0,11,3227,3370,3483,3483,223,185,485,1102,720,512,104,19,20,40,73,0,0,0,0,0,76,0.783
Course 3,149,74,2.01,0.35,191,100.0,0,0,0,0,0,105,100.0,30.24,1707,0.0,0.0,0.0,0.0,0.0,0.0,0.0,0.0,7.36,57,10453.0,12,2909,3455,3952,3952,1,85,205,874,834,910,159,124,263,141,196,160,0,0,0,0,103,0.815
Course 3,112,52,2.15,0.25,118,100.0,0,0,0,0,0,84,100.0,27.52,1523,0.0,0.0,0.0,0.0,0.0,0.0,0.0,0.0,14.36,39,5727.0,10,3207,3297,3556,3556,0,129,570,1187,797,524,25,4,61,57,202,0,0,0,0,0,69,0.792
Course 3,149,64,2.33,0.3,231,100.0,0,0,0,0,0,103,100.0,29.07,1590,0.0,0.0,0.0,0.0,0.0,0.0,0.0,0.0,7.0,52,13781.0,11,2628,3128,3686,3686,0,136,231,1005,740,516,103,111,286,137,169,252,0,0,0,0,102,0.828
Course 3,66,28,2.36,0.16,49,100.0,0,0,0,0,0,36,100.0,24.24,552,0.0,0.0,0.0,0.0,0.0,0.0,0.0,0.0,10.19,20,5841.0,6,1194,1218,1248,1248,0,0,180,591,282,141,24,0,0,30,0,0,0,0,0,0,36,0.577
Course 3,133,58,2.29,0.32,123,100.0,0,0,0,0,0,86,100.0,34.07,1265,0.0,0.0,0.0,0.0,0.0,0.0,0.0,0.0,12.95,44,6524.0,11,2502,2916,3059,3059,130,158,280,878,510,546,98,25,291,115,28,0,0,0,0,0,85,0.809
Course 3,173,74,2.34,0.39,211,100.0,0,0,0,0,0,125,100.0,32.15,1710,0.0,0.0,0.0,0.0,0.0,0.0,0.0,0.0,10.85,61,12265.0,13,3470,3930,4285,4286,255,506,367,932,848,562,47,138,275,201,100,54,1,0,0,0,113,0.838
Course 3,72,47,1.53,0.25,45,100.0,0,0,0,0,0,51,100.0,28.31,732,0.0,0.0,0.0,0.0,0.0,0.0,0.0,0.0,12.07,33,2534.0,10,1634,1663,1692,1692,7,71,169,791,481,115,23,5,1,29,0,0,0,0,0,0,51,0.715
Course 3,73,35,2.09,0.18,89,100.0,0,0,0,0,0,58,100.0,11.47,617,0.0,0.0,0.0,0.0,0.0,0.0,0.0,0.0,11.99,29,5027.0,8,1373,1428,1506,1506,0,0,302,666,284,121,27,28,0,0,44,34,0,0,0,0,55,0.619
Course 3,85,35,2.43,0.2,104,100.0,0,0,0,0,0,67,100.0,36.57,1063,0.0,0.0,0.0,0.0,0.0,0.0,0.0,0.0,13.07,28,4373.0,8,2201,2360,2479,2479,0,0,281,957,468,495,102,0,57,61,58,0,0,0,0,0,58,0.723
Course 3,140,57,2.46,0.3,151,100.0,0,0,0,0,0,110,100.0,28.57,1595,0.0,0.0,0.0,0.0,0.0,0.0,0.0,0.0,7.89,49,12730.0,12,2634,3179,3707,3708,0,137,227,987,778,505,89,93,363,102,179,247,1,0,0,0,104,0.81
Course 3,144,57,2.53,0.29,208,100.0,0,0,0,0,0,103,100.0,31.25,1533,0.0,0.0,0.0,0.0,0.0,0.0,0.0,0.0,9.77,49,12243.0,11,2547,3185,3634,3634,0,46,221,1215,679,386,92,18,528,153,153,143,0,0,0,0,99,0.825
Course 3,204,80,2.55,0.38,207,100.0,0,0,0,0,0,120,100.0,33.08,1882,0.0,0.0,0.0,0.0,0.0,0.0,0.0,0.0,14.08,57,9466.0,12,3779,4020,4431,4431,312,458,539,1121,730,619,143,25,73,186,123,102,0,0,0,0,106,0.84
Course 3,210,78,2.69,0.36,188,100.0,0,0,0,0,0,115,100.0,37.3,2021,0.0,0.0,0.0,0.0,0.0,0.0,0.0,0.0,10.42,60,14461.0,12,4000,4478,4765,4765,497,384,430,1171,1026,492,155,21,302,169,85,33,0,0,0,0,111,0.82
Course 3,124,64,1.94,0.34,129,100.0,0,0,0,0,0,108,100.0,31.2,1482,0.0,0.0,0.0,0.0,0.0,0.0,0.0,0.0,11.29,56,5767.0,12,2541,3067,3593,3593,66,94,282,879,667,553,92,134,300,193,198,135,0,0,0,0,108,0.804
Course 3,109,59,1.85,0.31,160,100.0,0,0,0,0,0,103,100.0,32.54,1478,0.0,0.0,0.0,0.0,0.0,0.0,0.0,0.0,6.81,47,4634.0,12,2298,2949,3413,3416,0,42,208,820,699,529,87,127,437,64,178,222,3,0,0,0,98,0.801
Course 3,183,64,2.86,0.3,159,100.0,0,0,0,0,0,112,100.0,26.01,1565,0.0,0.0,0.0,0.0,0.0,0.0,0.0,0.0,10.9,52,11429.0,11,2819,3303,3691,3691,0,70,540,922,732,555,27,135,322,178,128,82,0,0,0,0,100,0.833
Course 3,66,41,1.61,0.2,58,100.0,0,0,0,0,0,58,100.0,36.64,1088,0.0,0.0,0.0,0.0,0.0,0.0,0.0,0.0,11.24,32,2982.0,8,2400,2403,2437,2437,181,28,330,888,619,354,0,3,0,0,34,0,0,0,0,0,56,0.662
Course 3,157,80,1.96,0.37,168,100.0,0,0,0,0,0,119,100.0,30.83,1654,0.0,0.0,0.0,0.0,0.0,0.0,0.0,0.0,12.27,67,7869.0,13,3025,3585,4049,4053,232,299,376,855,746,517,89,155,316,203,131,130,4,0,0,0,116,0.835
Course 3,77,38,2.03,0.2,154,100.0,0,0,0,0,0,77,100.0,28.86,1184,0.0,0.0,0.0,0.0,0.0,0.0,0.0,0.0,11.96,33,3872.0,11,2234,2607,2768,2768,0,49,315,745,619,506,84,15,274,99,30,32,0,0,0,0,76,0.741
Course 3,134,57,2.35,0.27,178,100.0,0,0,0,0,0,94,100.0,27.63,1405,0.0,0.0,0.0,0.0,0.0,0.0,0.0,0.0,11.4,39,6244.0,12,2696,3167,3357,3357,1,232,402,761,785,515,29,151,291,98,60,32,0,0,0,0,90,0.755
Course 3,70,43,1.63,0.23,73,100.0,0,0,0,0,0,60,100.0,31.69,1010,0.0,0.0,0.0,0.0,0.0,0.0,0.0,0.0,10.49,35,5012.0,8,2055,2173,2315,2315,0,0,252,799,562,442,86,0,32,18,124,0,0,0,0,0,58,0.732
Course 3,92,43,2.14,0.23,35,100.0,0,0,0,0,0,63,100.0,21.29,1203,0.0,0.0,0.0,0.0,0.0,0.0,0.0,0.0,12.76,27,5401.0,8,2585,2639,2639,2639,0,121,304,1159,681,320,3,8,43,0,0,0,0,0,0,0,51,0.785
Course 3,92,49,1.88,0.27,130,100.0,0,0,0,0,0,80,100.0,30.97,1265,0.0,0.0,0.0,0.0,0.0,0.0,0.0,0.0,14.09,37,3297.0,11,2631,2977,3086,3086,159,69,262,866,722,553,1,100,245,83,26,0,0,0,0,0,80,0.768
Course 3,50,22,2.27,0.14,43,100.0,0,0,0,0,0,36,100.0,41.27,721,0.0,0.0,0.0,0.0,0.0,0.0,0.0,0.0,10.22,16,2850.0,5,1447,1535,1535,1535,0,0,146,767,445,89,88,0,0,0,0,0,0,0,0,0,33,0.801
Course 3,120,63,1.9,0.31,214,100.0,0,0,0,0,0,107,100.0,32.02,1460,0.0,0.0,0.0,0.0,0.0,0.0,0.0,0.0,8.29,55,6039.0,12,2472,2971,3465,3466,0,76,283,997,565,551,92,161,246,118,195,181,1,0,0,0,102,0.828
Course 3,82,46,1.78,0.24,110,100.0,0,0,0,0,0,70,100.0,37.27,1055,0.0,0.0,0.0,0.0,0.0,0.0,0.0,0.0,9.12,35,2488.0,11,2036,2345,2467,2467,0,55,215,654,655,457,90,135,84,33,57,32,0,0,0,0,68,0.749
Course 3,127,71,1.79,0.35,167,100.0,0,0,0,0,0,113,100.0,37.13,1715,0.0,0.0,0.0,0.0,0.0,0.0,0.0,0.0,12.59,59,5935.0,12,3492,4028,4255,4255,461,425,492,864,700,550,98,188,250,125,85,17,0,0,0,0,110,0.849
Course 3,78,40,1.95,0.2,160,100.0,0,0,0,0,0,88,100.0,29.57,1947,0.0,0.0,0.0,0.0,0.0,0.0,0.0,0.0,7.65,34,5187.0,8,3371,4002,4202,4202,0,0,288,1344,1040,699,213,0,418,84,116,0,0,0,0,0,78,0.799
Course 3,59,41,1.44,0.19,115,98.65,0,0,0,0,0,73,98.65,35.65,1530,0.0,0.0,0.0,0.0,0.0,0.0,0.0,0.0,13.4,34,3603.0,10,2837,3170,3469,3470,0,0,231,917,798,891,9,0,324,54,122,123,1,0,0,0,73,0.759
Course 3,189,77,2.45,0.36,134,100.0,0,0,0,0,0,131,100.0,32.1,1864,0.0,0.0,0.0,0.0,0.0,0.0,0.0,0.0,11.6,60,9251.0,13,3330,3829,4365,4366,228,304,395,995,833,575,84,172,243,197,160,179,1,0,0,0,127,0.824
Course 3,94,55,1.71,0.26,94,100.0,0,0,0,0,0,69,100.0,38.4,1267,0.0,0.0,0.0,0.0,0.0,0.0,0.0,0.0,8.26,43,5370.0,11,2495,2670,2884,2884,0,53,367,869,643,563,94,8,73,68,123,23,0,0,0,0,67,0.778
Course 3,117,54,2.17,0.29,91,100.0,0,0,0,0,0,94,100.0,37.51,1368,0.0,0.0,0.0,0.0,0.0,0.0,0.0,0.0,13.39,43,4095.0,11,2702,2923,3193,3193,0,80,664,811,710,437,23,104,94,127,90,53,0,0,0,0,92,0.807
Course 3,36,18,2.0,0.09,36,100.0,0,0,0,0,0,21,100.0,8.95,148,0.0,0.0,0.0,0.0,0.0,0.0,0.0,0.0,13.02,10,1157.0,4,391,391,399,399,0,0,187,150,54,0,0,0,0,0,8,0,0,0,0,0,19,0.346
Course 3,114,52,2.19,0.25,91,100.0,0,0,0,0,0,93,100.0,35.2,1181,0.0,0.0,0.0,0.0,0.0,0.0,0.0,0.0,13.46,37,2928.0,12,2274,2531,2744,2744,6,46,628,598,678,318,28,96,133,136,57,20,0,0,0,0,90,0.724
Course 3,122,63,1.94,0.3,103,100.0,0,0,0,0,0,112,100.0,29.4,1520,0.0,0.0,0.0,0.0,0.0,0.0,0.0,0.0,15.63,54,7110.0,12,2911,3269,3610,3610,87,189,686,770,655,524,99,211,48,108,92,141,0,0,0,0,95,0.825
Course 3,49,26,1.88,0.13,41,100.0,0,0,0,0,0,50,100.0,37.49,808,0.0,0.0,0.0,0.0,0.0,0.0,0.0,0.0,13.29,18,2489.0,8,1759,1793,1827,1827,66,144,659,764,126,0,0,4,30,0,34,0,0,0,0,0,44,0.614
Course 3,84,49,1.71,0.23,44,100.0,0,0,0,0,0,90,100.0,32.55,1579,0.0,0.0,0.0,0.0,0.0,0.0,0.0,0.0,13.93,38,4315.0,10,3381,3596,3663,3672,0,170,858,1067,756,530,93,0,122,27,40,0,9,0,0,0,88,0.736
Course 3,67,26,2.58,0.13,72,100.0,0,0,0,0,0,59,100.0,43.64,876,0.0,0.0,0.0,0.0,0.0,0.0,0.0,0.0,14.78,18,2546.0,5,1981,1981,1984,1984,0,0,771,555,528,127,0,0,0,0,3,0,0,0,0,0,57,0.577
Course 3,61,35,1.74,0.19,84,100.0,0,0,0,0,0,66,100.0,43.8,938,0.0,0.0,0.0,0.0,0.0,0.0,0.0,0.0,15.27,29,1020.0,8,2070,2184,2184,2184,0,408,298,537,389,438,89,1,24,0,0,0,0,0,0,0,64,0.808
Course 3,60,28,2.14,0.17,45,100.0,0,0,0,0,0,59,100.0,38.06,621,0.0,0.0,0.0,0.0,0.0,0.0,0.0,0.0,13.17,18,2608.0,4,1467,1467,1467,1467,0,0,590,261,427,189,0,0,0,0,0,0,0,0,0,0,55,0.854
Course 3,90,44,2.05,0.23,101,100.0,0,0,0,0,0,77,100.0,35.93,1040,0.0,0.0,0.0,0.0,0.0,0.0,0.0,0.0,11.93,35,5542.0,9,2181,2474,2474,2474,102,218,417,556,531,357,5,6,282,0,0,0,0,0,0,0,74,0.785
Course 3,77,38,2.03,0.21,100,100.0,0,0,0,0,0,77,100.0,42.69,1272,0.0,0.0,0.0,0.0,0.0,0.0,0.0,0.0,11.27,31,3764.0,8,2750,2924,2924,2924,105,267,422,952,592,412,102,72,0,0,0,0,0,0,0,0,73,0.83
Course 3,60,32,1.88,0.17,62,100.0,0,0,0,0,0,66,100.0,44.06,1050,0.0,0.0,0.0,0.0,0.0,0.0,0.0,0.0,11.66,25,1686.0,7,2234,2238,2238,2238,5,60,672,630,474,393,0,0,4,0,0,0,0,0,0,0,66,0.697
Course 3,68,39,1.74,0.21,96,100.0,0,0,0,0,0,72,100.0,43.48,1187,0.0,0.0,0.0,0.0,0.0,0.0,0.0,0.0,14.19,30,1985.0,6,2877,2907,2907,2907,0,0,940,858,574,505,21,9,0,0,0,0,0,0,0,0,69,0.848
Course 3,46,25,1.84,0.17,54,100.0,0,0,0,0,0,52,100.0,40.41,613,0.0,0.0,0.0,0.0,0.0,0.0,0.0,0.0,13.51,17,2554.0,5,1504,1504,1504,1504,9,0,732,209,110,444,0,0,0,0,0,0,0,0,0,0,48,0.72
Course 3,72,41,1.76,0.2,53,100.0,0,0,0,0,0,85,100.0,39.69,1274,0.0,0.0,0.0,0.0,0.0,0.0,0.0,0.0,15.06,30,1943.0,10,2551,2911,2970,2970,7,83,718,756,547,440,86,102,172,0,59,0,0,0,0,0,85,0.743
Course 3,53,21,2.52,0.13,46,100.0,0,0,0,0,0,51,100.0,44.7,610,0.0,0.0,0.0,0.0,0.0,0.0,0.0,0.0,15.51,15,1586.0,4,1442,1442,1442,1442,0,0,741,398,289,14,0,0,0,0,0,0,0,0,0,0,49,0.864
Course 3,177,86,2.06,0.41,108,100.0,0,0,0,0,0,85,100.0,27.93,1244,0.0,0.0,0.0,0.0,0.0,0.0,0.0,0.0,9.38,51,8186.0,12,2693,2791,2834,2834,187,254,531,825,583,313,3,31,64,31,11,1,0,0,0,0,79,0.791
Course 3,51,27,1.89,0.16,45,100.0,0,0,0,0,0,57,100.0,45.64,841,0.0,0.0,0.0,0.0,0.0,0.0,0.0,0.0,14.48,20,2087.0,6,1899,1899,1899,1899,7,47,758,424,399,264,0,0,0,0,0,0,0,0,0,0,55,0.811
Course 3,51,20,2.55,0.13,56,100.0,0,0,0,0,0,58,100.0,42.03,843,0.0,0.0,0.0,0.0,0.0,0.0,0.0,0.0,12.71,15,3445.0,4,1878,1878,1878,1878,0,0,667,651,473,87,0,0,0,0,0,0,0,0,0,0,55,0.869
Course 3,38,20,1.9,0.12,42,100.0,0,0,0,0,0,50,100.0,39.52,675,0.0,0.0,0.0,0.0,0.0,0.0,0.0,0.0,14.43,15,1142.0,5,1534,1546,1546,1546,45,0,640,670,179,0,0,0,12,0,0,0,0,0,0,0,50,0.578
Course 3,63,30,2.1,0.18,68,100.0,0,0,0,0,0,50,100.0,41.23,744,0.0,0.0,0.0,0.0,0.0,0.0,0.0,0.0,12.62,18,3026.0,5,1771,1771,1771,1771,1,0,588,706,290,186,0,0,0,0,0,0,0,0,0,0,48,0.786
Course 3,59,33,1.79,0.17,79,100.0,0,0,0,0,0,73,100.0,43.66,1123,0.0,0.0,0.0,0.0,0.0,0.0,0.0,0.0,15.1,26,1935.0,7,2331,2541,2541,2541,0,0,666,760,542,363,104,71,35,0,0,0,0,0,0,0,72,0.81
Course 3,93,46,2.02,0.23,109,100.0,0,0,0,0,0,82,100.0,38.91,1198,0.0,0.0,0.0,0.0,0.0,0.0,0.0,0.0,14.3,38,3574.0,8,2456,2816,2817,2817,0,0,569,758,610,519,102,47,211,0,1,0,0,0,0,0,78,0.785
Course 3,98,46,2.13,0.24,106,100.0,0,0,0,0,0,78,100.0,39.81,1370,0.0,0.0,0.0,0.0,0.0,0.0,0.0,0.0,13.1,34,1505.0,9,2766,3111,3111,3111,16,72,427,1013,660,578,92,137,116,0,0,0,0,0,0,0,77,0.803
Course 3,58,30,1.93,0.18,63,100.0,0,0,0,0,0,60,100.0,45.22,965,0.0,0.0,0.0,0.0,0.0,0.0,0.0,0.0,15.2,22,2838.0,6,2215,2215,2215,2215,5,56,715,861,393,185,0,0,0,0,0,0,0,0,0,0,59,0.837
Course 3,42,21,2.0,0.12,52,100.0,0,0,0,0,0,55,100.0,42.75,768,0.0,0.0,0.0,0.0,0.0,0.0,0.0,0.0,14.55,15,1091.0,4,1743,1743,1743,1743,0,0,716,635,266,126,0,0,0,0,0,0,0,0,0,0,54,0.835
Course 3,57,31,1.84,0.18,93,100.0,0,0,0,0,0,66,100.0,45.92,1415,0.0,0.0,0.0,0.0,0.0,0.0,0.0,0.0,14.55,24,2139.0,6,3081,3087,3087,3087,0,62,662,1120,876,361,6,0,0,0,0,0,0,0,0,0,66,0.895
Course 3,51,37,1.38,0.21,70,100.0,0,0,0,0,0,71,100.0,45.11,1136,0.0,0.0,0.0,0.0,0.0,0.0,0.0,0.0,14.22,27,1096.0,7,2519,2605,2605,2605,72,51,649,689,536,522,86,0,0,0,0,0,0,0,0,0,71,0.834
Course 3,69,29,2.38,0.17,70,100.0,0,0,0,0,0,61,100.0,44.61,919,0.0,0.0,0.0,0.0,0.0,0.0,0.0,0.0,13.67,21,2943.0,4,2059,2059,2059,2059,0,0,668,607,500,284,0,0,0,0,0,0,0,0,0,0,61,0.894
Course 3,66,54,1.22,0.27,70,100.0,0,0,0,0,0,87,100.0,40.09,2110,0.0,0.0,0.0,0.0,0.0,0.0,0.0,0.0,11.84,44,1652.0,10,4420,4742,4813,4813,328,340,416,1296,1086,954,123,199,0,70,1,0,0,0,0,0,86,0.809
Course 3,51,33,1.55,0.19,66,100.0,0,0,0,0,0,65,100.0,41.77,1009,0.0,0.0,0.0,0.0,0.0,0.0,0.0,0.0,13.59,26,1391.0,6,2279,2279,2279,2279,4,105,462,732,630,346,0,0,0,0,0,0,0,0,0,0,65,0.858
Course 3,62,32,1.94,0.18,139,100.0,0,0,0,0,0,87,100.0,38.53,1332,0.0,0.0,0.0,0.0,0.0,0.0,0.0,0.0,11.17,30,4292.0,7,2709,3049,3056,3056,0,0,742,759,657,551,88,0,252,7,0,0,0,0,0,0,86,0.756
Course 3,45,26,1.73,0.14,47,100.0,0,0,0,0,0,35,100.0,44.04,363,0.0,0.0,0.0,0.0,0.0,0.0,0.0,0.0,14.82,14,925.0,5,886,911,911,911,0,0,535,221,42,88,0,0,25,0,0,0,0,0,0,0,34,0.542
Course 3,66,34,1.94,0.19,87,100.0,0,0,0,0,0,89,100.0,40.21,1390,0.0,0.0,0.0,0.0,0.0,0.0,0.0,0.0,13.46,28,5514.0,6,3123,3123,3225,3225,0,89,941,795,688,610,0,0,0,102,0,0,0,0,0,0,77,0.679
Course 3,50,28,1.79,0.19,70,100.0,0,0,0,0,0,50,100.0,40.87,932,0.0,0.0,0.0,0.0,0.0,0.0,0.0,0.0,10.86,25,3088.0,5,2085,2086,2086,2086,0,0,282,603,667,533,1,0,0,0,0,0,0,0,0,0,50,0.89
Course 3,106,57,1.86,0.28,75,100.0,0,0,0,0,0,81,100.0,43.14,1317,0.0,0.0,0.0,0.0,0.0,0.0,0.0,0.0,14.34,36,2543.0,10,2908,3014,3030,3030,22,104,633,834,704,611,93,10,3,0,16,0,0,0,0,0,75,0.75
Course 3,97,50,1.94,0.25,156,100.0,0,0,0,0,0,90,100.0,34.15,1612,0.0,0.0,0.0,0.0,0.0,0.0,0.0,0.0,13.62,40,4825.0,9,3493,3800,3857,3857,0,396,716,978,810,593,89,134,84,57,0,0,0,0,0,0,90,0.815
Course 3,81,39,2.08,0.22,111,100.0,0,0,0,0,0,77,100.0,44.73,1396,0.0,0.0,0.0,0.0,0.0,0.0,0.0,0.0,12.86,32,4645.0,7,2902,3015,3015,3015,11,429,381,849,779,453,113,0,0,0,0,0,0,0,0,0,76,0.871
Course 3,92,49,1.88,0.24,143,100.0,0,0,0,0,0,80,100.0,38.76,1380,0.0,0.0,0.0,0.0,0.0,0.0,0.0,0.0,12.94,38,2247.0,10,2700,3114,3123,3123,21,228,344,831,655,621,102,80,232,0,9,0,0,0,0,0,79,0.772
Course 3,106,44,2.41,0.25,79,100.0,0,0,0,0,0,65,100.0,43.03,1118,0.0,0.0,0.0,0.0,0.0,0.0,0.0,0.0,10.25,34,3432.0,8,2262,2353,2414,2414,7,86,295,774,648,452,91,0,0,61,0,0,0,0,0,0,63,0.713
Course 3,82,48,1.71,0.24,67,100.0,0,0,0,0,0,71,100.0,37.98,1222,0.0,0.0,0.0,0.0,0.0,0.0,0.0,0.0,10.44,33,2203.0,10,2293,2644,2722,2722,11,0,359,770,635,518,96,66,189,23,55,0,0,0,0,0,71,0.753
Course 3,77,48,1.6,0.27,117,100.0,0,0,0,0,0,77,100.0,43.86,1183,0.0,0.0,0.0,0.0,0.0,0.0,0.0,0.0,13.0,36,2678.0,7,2671,2752,2752,2752,233,206,334,814,583,501,81,0,0,0,0,0,0,0,0,0,76,0.868
Course 3,83,49,1.69,0.25,121,100.0,0,0,0,0,0,101,100.0,34.66,1365,0.0,0.0,0.0,0.0,0.0,0.0,0.0,0.0,15.4,39,3592.0,10,2920,3364,3452,3452,9,141,626,836,687,621,91,3,350,88,0,0,0,0,0,0,101,0.825
Course 3,160,70,2.29,0.33,232,100.0,0,0,0,0,0,123,100.0,34.6,1596,0.0,0.0,0.0,0.0,0.0,0.0,0.0,0.0,10.94,61,7149.0,12,2923,3488,3880,3880,55,154,605,869,657,583,122,169,274,158,115,119,0,0,0,0,121,0.85
Course 3,163,70,2.33,0.33,204,100.0,0,0,0,0,0,116,100.0,34.3,1479,0.0,0.0,0.0,0.0,0.0,0.0,0.0,0.0,11.41,55,5410.0,12,2785,3278,3602,3602,84,99,626,817,621,538,88,165,240,112,77,135,0,0,0,0,114,0.831
Course 3,75,37,2.03,0.2,85,100.0,0,0,0,0,0,77,100.0,43.18,1599,0.0,0.0,0.0,0.0,0.0,0.0,0.0,0.0,13.04,31,2102.0,9,3343,3481,3481,3481,9,57,654,1153,821,649,94,35,9,0,0,0,0,0,0,0,76,0.809
Course 3,50,32,1.56,0.19,94,100.0,0,0,0,0,0,70,100.0,33.61,994,0.0,0.0,0.0,0.0,0.0,0.0,0.0,0.0,11.78,27,3259.0,6,1862,2301,2301,2301,0,0,204,686,536,436,84,0,355,0,0,0,0,0,0,0,66,0.748
Course 3,52,35,1.49,0.2,65,100.0,0,0,0,0,0,52,100.0,40.01,962,0.0,0.0,0.0,0.0,0.0,0.0,0.0,0.0,10.33,27,2258.0,5,2136,2222,2222,2222,0,0,259,714,633,530,86,0,0,0,0,0,0,0,0,0,51,0.898
Course 3,122,41,2.98,0.2,50,100.0,0,0,0,0,0,63,100.0,38.09,1111,0.0,0.0,0.0,0.0,0.0,0.0,0.0,0.0,13.43,31,7212.0,7,2184,2264,2265,2265,0,10,462,788,535,389,80,0,0,0,1,0,0,0,0,0,61,0.631
Course 3,54,37,1.46,0.25,56,100.0,0,0,0,0,0,43,100.0,38.06,591,0.0,0.0,0.0,0.0,0.0,0.0,0.0,0.0,13.63,28,1210.0,7,1328,1421,1421,1421,5,64,229,548,256,226,93,0,0,0,0,0,0,0,0,0,43,0.82
Course 3,70,36,1.94,0.24,85,100.0,0,0,0,0,0,58,100.0,35.57,1048,0.0,0.0,0.0,0.0,0.0,0.0,0.0,0.0,12.81,29,2663.0,6,2261,2357,2357,2357,0,21,216,827,668,529,96,0,0,0,0,0,0,0,0,0,53,0.891
Course 3,39,23,1.7,0.13,49,100.0,0,0,0,0,0,35,100.0,41.45,886,0.0,0.0,0.0,0.0,0.0,0.0,0.0,0.0,15.17,17,1127.0,5,1857,1948,1948,1948,0,0,229,1006,329,293,91,0,0,0,0,0,0,0,0,0,34,0.853
Course 3,50,32,1.56,0.18,38,100.0,0,0,0,0,0,48,100.0,43.31,1002,0.0,0.0,0.0,0.0,0.0,0.0,0.0,0.0,13.89,27,713.0,5,2110,2213,2213,2213,0,0,239,811,682,378,103,0,0,0,0,0,0,0,0,0,48,0.893
Course 3,53,34,1.56,0.22,65,100.0,0,0,0,0,0,51,100.0,40.05,1056,0.0,0.0,0.0,0.0,0.0,0.0,0.0,0.0,12.38,29,2339.0,6,2353,2442,2442,2442,0,0,219,957,667,510,88,1,0,0,0,0,0,0,0,0,50,0.87
Course 3,79,43,1.84,0.25,131,100.0,0,0,0,0,0,78,100.0,43.5,1418,0.0,0.0,0.0,0.0,0.0,0.0,0.0,0.0,13.62,39,5969.0,8,3205,3218,3285,3285,478,343,306,830,661,587,0,0,13,67,0,0,0,0,0,0,76,0.734
Course 3,52,30,1.73,0.17,36,100.0,0,0,0,0,0,54,100.0,43.68,919,0.0,0.0,0.0,0.0,0.0,0.0,0.0,0.0,12.35,25,1354.0,6,1972,2057,2057,2057,0,41,319,804,537,271,85,0,0,0,0,0,0,0,0,0,54,0.862
Course 3,71,37,1.92,0.18,76,100.0,0,0,0,0,0,78,100.0,30.3,1201,0.0,0.0,0.0,0.0,0.0,0.0,0.0,0.0,14.68,31,2848.0,9,2485,2774,2823,2823,58,70,452,1117,436,352,87,0,202,0,49,0,0,0,0,0,65,0.716
Course 3,84,61,1.38,0.31,93,100.0,0,0,0,0,0,76,100.0,36.33,1189,0.0,0.0,0.0,0.0,0.0,0.0,0.0,0.0,12.33,44,1608.0,10,2497,2815,2847,2847,6,221,379,821,546,524,94,101,123,32,0,0,0,0,0,0,76,0.812
Course 3,62,31,2.0,0.17,71,100.0,0,0,0,0,0,44,100.0,47.95,755,0.0,0.0,0.0,0.0,0.0,0.0,0.0,0.0,16.39,26,1430.0,6,1740,1794,1794,1794,0,0,260,727,470,283,13,41,0,0,0,0,0,0,0,0,44,0.831
Course 3,111,66,1.68,0.33,90,100.0,0,0,0,0,0,108,100.0,36.63,1479,0.0,0.0,0.0,0.0,0.0,0.0,0.0,0.0,13.5,51,4798.0,11,2908,3301,3443,3443,86,262,511,818,694,537,87,95,211,82,60,0,0,0,0,0,103,0.819
Course 3,59,35,1.69,0.2,39,100.0,0,0,0,0,0,53,100.0,42.49,982,0.0,0.0,0.0,0.0,0.0,0.0,0.0,0.0,11.55,26,1306.0,7,2068,2152,2152,2152,10,50,265,832,653,258,84,0,0,0,0,0,0,0,0,0,50,0.831
Course 3,82,50,1.64,0.25,144,100.0,0,0,0,0,0,88,100.0,38.34,1307,0.0,0.0,0.0,0.0,0.0,0.0,0.0,0.0,13.87,40,2402.0,10,2635,2853,3049,3049,8,140,582,727,624,554,99,36,83,196,0,0,0,0,0,0,87,0.789
Course 3,116,66,1.76,0.31,97,100.0,0,0,0,0,0,119,100.0,34.76,2427,0.0,0.0,0.0,0.0,0.0,0.0,0.0,0.0,11.19,55,5433.0,12,4316,4891,5271,5275,0,44,725,1420,1144,983,177,148,250,117,155,108,4,0,0,0,115,0.86
Course 3,52,38,1.37,0.19,48,100.0,0,0,0,0,0,74,100.0,44.01,1223,0.0,0.0,0.0,0.0,0.0,0.0,0.0,0.0,12.97,28,1358.0,6,2735,2737,2756,2756,0,0,804,727,685,519,2,0,0,0,19,0,0,0,0,0,71,0.668
Course 3,109,47,2.32,0.26,154,100.0,0,0,0,0,0,79,100.0,30.09,1068,0.0,0.0,0.0,0.0,0.0,0.0,0.0,0.0,14.04,38,4812.0,10,2009,2359,2564,2564,0,149,349,693,541,277,9,92,249,125,80,0,0,0,0,0,76,0.786
Course 3,57,36,1.58,0.19,90,100.0,0,0,0,0,0,94,100.0,38.86,1361,0.0,0.0,0.0,0.0,0.0,0.0,0.0,0.0,13.09,29,2166.0,7,2769,3214,3219,3219,0,0,922,756,574,517,84,0,361,5,0,0,0,0,0,0,93,0.773
Course 3,91,57,1.6,0.27,87,100.0,0,0,0,0,0,80,100.0,31.07,1296,0.0,0.0,0.0,0.0,0.0,0.0,0.0,0.0,13.35,42,5501.0,9,2813,2899,2944,2944,195,243,285,900,667,523,86,0,0,0,16,29,0,0,0,0,75,0.646
Course 3,57,35,1.63,0.19,70,100.0,0,0,0,0,0,48,100.0,42.35,775,0.0,0.0,0.0,0.0,0.0,0.0,0.0,0.0,14.29,27,907.0,6,1672,1801,1801,1801,0,0,228,621,588,235,96,33,0,0,0,0,0,0,0,0,47,0.845
Course 3,53,30,1.77,0.15,31,100.0,0,0,0,0,0,38,100.0,36.25,774,0.0,0.0,0.0,0.0,0.0,0.0,0.0,0.0,14.61,20,2135.0,6,1602,1693,1712,1712,0,0,180,767,377,278,91,0,0,19,0,0,0,0,0,0,38,0.614
Course 3,174,65,2.68,0.3,204,100.0,0,0,0,0,0,103,100.0,31.72,1452,0.0,0.0,0.0,0.0,0.0,0.0,0.0,0.0,10.66,55,9113.0,11,2482,2950,3272,3274,0,0,257,976,668,581,96,75,297,161,57,104,2,0,0,0,100,0.84
Course 3,115,53,2.17,0.25,160,100.0,0,0,0,0,0,82,100.0,35.5,1400,0.0,0.0,0.0,0.0,0.0,0.0,0.0,0.0,8.84,41,10686.0,11,2457,2950,3094,3094,0,63,362,882,573,577,90,60,343,45,66,33,0,0,0,0,79,0.802
Course 3,68,38,1.79,0.19,61,100.0,0,0,0,0,0,55,100.0,39.23,978,0.0,0.0,0.0,0.0,0.0,0.0,0.0,0.0,10.75,27,5799.0,8,1933,2111,2144,2144,0,50,172,701,610,400,88,0,90,33,0,0,0,0,0,0,52,0.701
Course 3,258,62,4.16,0.29,281,100.0,0,0,0,0,0,107,100.0,31.43,1620,0.0,0.0,0.0,0.0,0.0,0.0,0.0,0.0,9.25,51,11615.0,10,2701,3328,3680,3680,0,0,320,1011,762,608,111,1,515,195,51,106,0,0,0,0,100,0.821
Course 3,64,36,1.78,0.21,84,100.0,0,0,0,0,0,64,100.0,42.54,1004,0.0,0.0,0.0,0.0,0.0,0.0,0.0,0.0,13.84,26,3525.0,6,2154,2249,2249,2249,0,424,387,478,676,189,95,0,0,0,0,0,0,0,0,0,62,0.86
Course 3,112,48,2.33,0.24,93,100.0,0,0,0,0,0,83,100.0,42.73,1438,0.0,0.0,0.0,0.0,0.0,0.0,0.0,0.0,13.96,33,4606.0,8,2970,3089,3104,3104,0,446,467,848,589,620,112,7,0,0,15,0,0,0,0,0,77,0.709
Course 3,89,43,2.07,0.24,72,100.0,0,0,0,0,0,75,100.0,42.79,1295,0.0,0.0,0.0,0.0,0.0,0.0,0.0,0.0,15.27,27,3581.0,7,2675,2789,2789,2789,0,511,322,999,501,342,110,4,0,0,0,0,0,0,0,0,68,0.835
Course 3,113,48,2.35,0.26,115,100.0,0,0,0,0,0,82,100.0,42.8,1397,0.0,0.0,0.0,0.0,0.0,0.0,0.0,0.0,14.0,38,6522.0,8,3036,3143,3143,3143,4,474,411,863,717,567,101,6,0,0,0,0,0,0,0,0,76,0.849
Course 3,83,54,1.54,0.27,108,100.0,0,0,0,0,0,86,100.0,41.65,1340,0.0,0.0,0.0,0.0,0.0,0.0,0.0,0.0,12.84,37,3913.0,9,2889,3118,3131,3131,0,443,400,819,670,557,97,132,0,4,9,0,0,0,0,0,85,0.747
Course 3,55,40,1.38,0.21,80,100.0,0,0,0,0,0,79,100.0,42.5,1240,0.0,0.0,0.0,0.0,0.0,0.0,0.0,0.0,12.91,33,2810.0,8,2652,2830,2830,2830,0,435,305,839,628,445,116,60,2,0,0,0,0,0,0,0,79,0.804
Course 3,27,19,1.42,0.5,90,100.0,0,0,0,0,0,48,100.0,33.61,932,0.0,0.0,0.0,0.0,0.0,0.0,0.0,0.0,11.1,19,1240.0,5,1805,2307,2307,2307,0,0,0,427,775,603,108,0,394,0,0,0,0,0,0,0,46,0.752
Course 3,4,3,1.33,0.17,7,100.0,0,0,0,0,0,1,100.0,28.0,38,0.0,0.0,0.0,0.0,0.0,0.0,0.0,0.0,15.67,2,22.0,2,82,82,82,82,0,0,0,73,0,9,0,0,0,0,0,0,0,0,0,0,1,0.348
Course 3,26,8,3.25,0.27,25,100.0,0,0,0,0,0,9,100.0,16.33,108,0.0,0.0,0.0,0.0,0.0,0.0,0.0,0.0,13.24,8,1146.0,3,256,256,256,256,137,3,0,0,116,0,0,0,0,0,0,0,0,0,0,0,7,0.462
Course 3,18,15,1.2,0.63,18,100.0,0,0,0,0,0,27,100.0,22.04,417,0.0,0.0,0.0,0.0,0.0,0.0,0.0,0.0,15.63,14,353.0,4,952,952,952,952,0,0,296,362,290,4,0,0,0,0,0,0,0,0,0,0,27,0.799
Course 3,3,1,3.0,1.0,0,0.0,0,0,0,0,0,0,0.0,0.0,0,0.0,0.0,0.0,0.0,0.0,0.0,0.0,0.0,0.0,0,0.0,0,0,0,0,0,0,0,0,0,0,0,0,0,0,0,0,0,0,0,0,0,0,0.0
Course 3,6,6,1.0,0.3,15,100.0,0,0,0,0,0,9,100.0,36.03,56,0.0,0.0,0.0,0.0,0.0,0.0,0.0,0.0,15.9,6,73.0,3,170,170,170,170,73,40,57,0,0,0,0,0,0,0,0,0,0,0,0,0,9,0.542
Course 3,13,11,1.18,0.58,16,100.0,0,0,0,0,0,27,100.0,19.7,366,0.0,0.0,0.0,0.0,0.0,0.0,0.0,0.0,14.28,11,322.0,3,848,848,848,848,0,0,276,286,286,0,0,0,0,0,0,0,0,0,0,0,27,0.815
Course 3,2,2,1.0,0.08,3,100.0,0,0,0,0,0,1,100.0,11.0,40,0.0,0.0,0.0,0.0,0.0,0.0,0.0,0.0,7.68,2,10.0,2,82,82,82,82,7,0,0,0,75,0,0,0,0,0,0,0,0,0,0,0,1,0.274
Course 3,12,10,1.2,0.91,15,100.0,0,0,0,0,0,13,100.0,40.0,389,0.0,0.0,0.0,0.0,0.0,0.0,0.0,0.0,12.89,10,785.0,2,828,828,828,828,0,0,0,0,659,169,0,0,0,0,0,0,0,0,0,0,12,0.893
Course 3,8,1,8.0,1.0,0,0.0,0,0,0,0,0,0,0.0,0.0,0,0.0,0.0,0.0,0.0,0.0,0.0,0.0,0.0,0.0,0,0.0,0,0,0,0,0,0,0,0,0,0,0,0,0,0,0,0,0,0,0,0,0,0,0.0
Course 3,9,9,1.0,0.6,14,100.0,0,0,0,0,0,11,100.0,17.55,296,0.0,0.0,0.0,0.0,0.0,0.0,0.0,0.0,15.91,8,150.0,3,648,648,648,648,0,0,0,264,304,80,0,0,0,0,0,0,0,0,0,0,10,0.79
Course 3,2,2,1.0,0.67,2,100.0,0,0,0,0,0,2,100.0,41.0,17,0.0,0.0,0.0,0.0,0.0,0.0,0.0,0.0,15.23,2,39.0,1,64,64,64,64,64,0,0,0,0,0,0,0,0,0,0,0,0,0,0,0,2,0.8
Course 3,1,1,1.0,1.0,1,0.0,0,0,0,0,0,0,0.0,0.0,0,0.0,0.0,0.0,0.0,0.0,0.0,0.0,0.0,6.85,1,0.0,1,1,1,1,1,0,0,0,0,1,0,0,0,0,0,0,0,0,0,0,0,0,0.0
Course 3,4,1,4.0,1.0,4,0.0,0,0,0,0,0,0,0.0,0.0,1,0.0,0.0,0.0,0.0,0.0,0.0,0.0,0.0,6.44,1,0.0,1,5,5,5,5,0,0,0,0,5,0,0,0,0,0,0,0,0,0,0,0,0,1.0
Course 3,2,2,1.0,0.5,2,100.0,0,0,0,0,0,2,100.0,9.5,38,0.0,0.0,0.0,0.0,0.0,0.0,0.0,0.0,13.54,1,21.0,1,81,81,81,81,0,0,0,81,0,0,0,0,0,0,0,0,0,0,0,0,2,1.0
Course 3,4,3,1.33,0.43,3,100.0,0,0,0,0,0,2,100.0,11.5,36,0.0,0.0,0.0,0.0,0.0,0.0,0.0,0.0,15.29,2,33.0,1,74,74,74,74,0,0,0,74,0,0,0,0,0,0,0,0,0,0,0,0,2,0.896
Course 3,39,36,1.08,0.54,45,100.0,0,0,0,0,0,52,100.0,28.7,867,0.0,0.0,0.0,0.0,0.0,0.0,0.0,0.0,15.14,36,1211.0,10,1540,1807,2093,2093,0,0,261,259,579,441,181,5,81,92,132,62,0,0,0,0,52,0.77
Course 3,1,1,1.0,1.0,6,100.0,0,0,0,0,0,3,100.0,9.0,123,0.0,0.0,0.0,0.0,0.0,0.0,0.0,0.0,14.86,1,46.0,1,248,248,248,248,0,0,0,248,0,0,0,0,0,0,0,0,0,0,0,0,2,1.0
Course 3,1,1,1.0,1.0,1,0.0,0,0,0,0,0,0,0.0,0.0,0,0.0,0.0,0.0,0.0,0.0,0.0,0.0,0.0,6.12,1,0.0,1,1,1,1,1,0,0,0,0,1,0,0,0,0,0,0,0,0,0,0,0,0,0.0
Course 3,8,5,1.6,0.36,7,100.0,0,0,0,0,0,14,100.0,40.04,124,0.0,0.0,0.0,0.0,0.0,0.0,0.0,0.0,15.04,4,179.0,2,323,323,323,323,0,0,303,20,0,0,0,0,0,0,0,0,0,0,0,0,14,0.776
Course 3,1,1,1.0,1.0,4,100.0,0,0,0,0,0,1,100.0,25.0,35,0.0,0.0,0.0,0.0,0.0,0.0,0.0,0.0,6.59,1,12.0,1,76,76,76,76,0,0,0,0,76,0,0,0,0,0,0,0,0,0,0,0,1,1.0
Course 3,2,2,1.0,0.2,1,100.0,0,0,0,0,0,1,100.0,0.0,2,0.0,0.0,0.0,0.0,0.0,0.0,0.0,0.0,14.07,1,0.0,1,5,5,5,5,0,0,5,0,0,0,0,0,0,0,0,0,0,0,0,0,1,1.0
Course 3,1,1,1.0,1.0,1,100.0,0,0,0,0,0,1,100.0,26.0,5,0.0,0.0,0.0,0.0,0.0,0.0,0.0,0.0,17.29,1,4.0,1,16,16,16,16,16,0,0,0,0,0,0,0,0,0,0,0,0,0,0,0,1,1.0
Course 3,19,15,1.27,0.68,25,100.0,0,0,0,0,0,34,100.0,38.85,772,0.0,0.0,0.0,0.0,0.0,0.0,0.0,0.0,14.33,15,1070.0,4,1637,1637,1637,1637,0,0,127,576,645,289,0,0,0,0,0,0,0,0,0,0,32,0.864
Course 3,22,19,1.16,0.26,7,100.0,0,0,0,0,0,24,100.0,21.54,473,0.0,0.0,0.0,0.0,0.0,0.0,0.0,0.0,13.63,18,1061.0,7,958,958,970,970,0,10,181,357,407,3,0,0,0,0,5,7,0,0,0,0,23,0.447
Course 3,36,27,1.33,0.82,39,100.0,0,0,0,0,0,47,100.0,31.82,1035,0.0,0.0,0.0,0.0,0.0,0.0,0.0,0.0,12.61,27,3297.0,6,2306,2357,2357,2357,0,0,226,787,689,604,8,43,0,0,0,0,0,0,0,0,46,0.871
Course 3,35,17,2.06,0.77,18,100.0,0,0,0,0,0,43,100.0,36.26,892,0.0,0.0,0.0,0.0,0.0,0.0,0.0,0.0,11.9,17,4686.0,4,2010,2010,2010,2010,0,0,144,976,703,187,0,0,0,0,0,0,0,0,0,0,36,0.881
Course 3,5,2,2.5,1.0,2,100.0,0,0,0,0,0,4,100.0,25.88,44,0.0,0.0,0.0,0.0,0.0,0.0,0.0,0.0,13.99,2,529.0,1,126,126,126,126,0,0,126,0,0,0,0,0,0,0,0,0,0,0,0,0,4,0.918
Course 3,21,15,1.4,0.68,30,100.0,0,0,0,0,0,32,100.0,43.61,663,0.0,0.0,0.0,0.0,0.0,0.0,0.0,0.0,15.06,15,1104.0,4,1500,1500,1500,1500,0,0,138,742,538,82,0,0,0,0,0,0,0,0,0,0,32,0.847
Course 3,26,22,1.18,1.0,26,100.0,0,0,0,0,0,42,100.0,43.76,915,0.0,0.0,0.0,0.0,0.0,0.0,0.0,0.0,13.03,22,967.0,4,2086,2086,2086,2086,0,0,158,905,658,365,0,0,0,0,0,0,0,0,0,0,42,0.909
Course 3,6,3,2.0,0.2,7,100.0,0,0,0,0,0,6,100.0,23.67,80,0.0,0.0,0.0,0.0,0.0,0.0,0.0,0.0,11.49,3,88.0,2,204,204,204,204,0,0,112,0,92,0,0,0,0,0,0,0,0,0,0,0,6,0.523
Course 3,15,12,1.25,0.63,25,100.0,0,0,0,0,0,23,100.0,39.83,461,0.0,0.0,0.0,0.0,0.0,0.0,0.0,0.0,13.43,12,1067.0,4,1092,1092,1092,1092,0,0,199,464,313,116,0,0,0,0,0,0,0,0,0,0,21,0.83
Course 3,24,14,1.71,0.7,41,100.0,0,0,0,0,0,30,100.0,34.51,589,0.0,0.0,0.0,0.0,0.0,0.0,0.0,0.0,14.72,14,1464.0,4,1316,1316,1316,1316,0,0,173,349,703,91,0,0,0,0,0,0,0,0,0,0,27,0.854
Course 3,82,30,2.73,0.57,100,100.0,0,0,0,0,0,48,100.0,45.46,1334,0.0,0.0,0.0,0.0,0.0,0.0,0.0,0.0,10.88,30,5458.0,6,2905,3004,3005,3005,0,0,170,1416,768,551,99,0,0,0,1,0,0,0,0,0,48,0.707
Course 3,1,1,1.0,1.0,1,0.0,0,0,0,0,0,0,0.0,0.0,2,0.0,0.0,0.0,0.0,0.0,0.0,0.0,0.0,13.92,1,0.0,1,3,3,3,3,0,0,3,0,0,0,0,0,0,0,0,0,0,0,0,0,0,1.0
Course 3,51,33,1.55,0.85,62,100.0,0,0,0,0,0,59,100.0,27.36,977,0.0,0.0,0.0,0.0,0.0,0.0,0.0,0.0,10.75,33,3516.0,6,2177,2275,2275,2275,0,0,370,867,578,362,42,56,0,0,0,0,0,0,0,0,54,0.851
Course 3,33,22,1.5,0.88,6,100.0,0,0,0,0,0,46,100.0,44.16,1169,0.0,0.0,0.0,0.0,0.0,0.0,0.0,0.0,13.84,22,3112.0,5,2558,2560,2560,2560,0,0,213,1197,683,465,2,0,0,0,0,0,0,0,0,0,43,0.9
Course 3,62,27,2.3,0.68,76,100.0,0,0,0,0,0,48,100.0,46.51,1198,0.0,0.0,0.0,0.0,0.0,0.0,0.0,0.0,10.91,27,5009.0,7,2577,2689,2689,2689,0,0,157,1062,778,580,104,5,3,0,0,0,0,0,0,0,48,0.813
Course 3,9,8,1.13,0.67,12,100.0,0,0,0,0,0,10,100.0,23.15,221,0.0,0.0,0.0,0.0,0.0,0.0,0.0,0.0,15.93,8,295.0,3,482,482,482,482,0,0,147,252,83,0,0,0,0,0,0,0,0,0,0,0,9,0.815
Course 3,27,22,1.23,0.92,25,100.0,0,0,0,0,0,40,100.0,34.86,741,0.0,0.0,0.0,0.0,0.0,0.0,0.0,0.0,14.84,22,1162.0,4,1749,1749,1749,1749,0,0,117,831,584,217,0,0,0,0,0,0,0,0,0,0,39,0.89
Course 3,19,14,1.36,0.23,21,100.0,0,0,0,0,0,23,100.0,31.93,488,0.0,0.0,0.0,0.0,0.0,0.0,0.0,0.0,13.37,14,627.0,6,1081,1082,1083,1083,0,0,111,377,470,123,1,0,0,0,0,1,0,0,0,0,23,0.474
Course 3,49,31,1.58,0.54,95,100.0,0,0,0,0,0,55,100.0,36.91,1104,0.0,0.0,0.0,0.0,0.0,0.0,0.0,0.0,10.74,31,4978.0,9,2232,2486,2588,2588,0,0,194,947,622,469,99,154,1,101,1,0,0,0,0,0,53,0.768
Course 3,13,10,1.3,0.71,16,100.0,0,0,0,0,0,12,100.0,21.63,331,0.0,0.0,0.0,0.0,0.0,0.0,0.0,0.0,14.33,10,962.0,3,725,725,725,725,0,0,143,263,319,0,0,0,0,0,0,0,0,0,0,0,12,0.839
Course 3,31,23,1.35,0.59,40,100.0,0,0,0,0,0,46,100.0,39.54,948,0.0,0.0,0.0,0.0,0.0,0.0,0.0,0.0,12.63,23,2123.0,6,2219,2225,2225,2225,0,0,151,892,700,476,5,0,1,0,0,0,0,0,0,0,44,0.759
Course 3,39,20,1.95,0.8,38,100.0,0,0,0,0,0,34,100.0,39.03,734,0.0,0.0,0.0,0.0,0.0,0.0,0.0,0.0,12.92,20,1083.0,5,1614,1617,1617,1617,0,0,119,664,531,300,3,0,0,0,0,0,0,0,0,0,33,0.871
Course 3,5,3,1.67,0.38,7,100.0,0,0,0,0,0,3,100.0,31.33,46,0.0,0.0,0.0,0.0,0.0,0.0,0.0,0.0,7.14,3,647.0,2,103,103,103,103,0,0,6,97,0,0,0,0,0,0,0,0,0,0,0,0,3,0.626
Course 3,1,1,1.0,1.0,1,100.0,0,0,0,0,0,2,100.0,13.5,7,0.0,0.0,0.0,0.0,0.0,0.0,0.0,0.0,15.02,1,10.0,1,22,22,22,22,0,0,22,0,0,0,0,0,0,0,0,0,0,0,0,0,2,1.0
Course 3,22,18,1.22,0.82,22,100.0,0,0,0,0,0,35,100.0,42.97,679,0.0,0.0,0.0,0.0,0.0,0.0,0.0,0.0,15.52,18,1377.0,4,1559,1559,1559,1559,0,0,160,699,539,161,0,0,0,0,0,0,0,0,0,0,35,0.873
Course 3,32,16,2.0,0.73,29,100.0,0,0,0,0,0,33,100.0,38.59,801,0.0,0.0,0.0,0.0,0.0,0.0,0.0,0.0,13.84,16,1734.0,4,1725,1725,1725,1725,0,0,140,619,780,186,0,0,0,0,0,0,0,0,0,0,31,0.876
Course 3,29,18,1.61,0.82,38,100.0,0,0,0,0,0,25,100.0,41.89,548,0.0,0.0,0.0,0.0,0.0,0.0,0.0,0.0,13.46,18,852.0,4,1186,1186,1186,1186,0,0,130,715,273,68,0,0,0,0,0,0,0,0,0,0,25,0.858
Course 3,19,14,1.36,0.93,12,100.0,0,0,0,0,0,29,100.0,47.59,659,0.0,0.0,0.0,0.0,0.0,0.0,0.0,0.0,14.57,14,1293.0,3,1466,1466,1466,1466,0,0,174,823,469,0,0,0,0,0,0,0,0,0,0,0,29,0.906
Course 3,41,22,1.86,0.96,30,100.0,0,0,0,0,0,42,100.0,38.87,870,0.0,0.0,0.0,0.0,0.0,0.0,0.0,0.0,13.55,22,7964.0,4,1971,1971,1971,1971,0,0,166,837,584,384,0,0,0,0,0,0,0,0,0,0,42,0.901
Course 3,27,16,1.69,0.76,32,100.0,0,0,0,0,0,30,100.0,26.41,487,0.0,0.0,0.0,0.0,0.0,0.0,0.0,0.0,14.03,16,1908.0,4,1189,1189,1189,1189,0,0,102,462,461,164,0,0,0,0,0,0,0,0,0,0,28,0.856
Course 3,21,16,1.31,0.36,17,100.0,0,0,0,0,0,27,100.0,47.96,580,0.0,0.0,0.0,0.0,0.0,0.0,0.0,0.0,11.43,16,1286.0,5,1289,1291,1291,1291,0,0,149,887,167,86,0,0,2,0,0,0,0,0,0,0,27,0.567
Course 3,26,19,1.37,0.95,32,100.0,0,0,0,0,0,40,100.0,39.2,902,0.0,0.0,0.0,0.0,0.0,0.0,0.0,0.0,12.97,19,2415.0,4,2059,2059,2059,2059,0,0,179,972,609,299,0,0,0,0,0,0,0,0,0,0,39,0.909
Course 3,39,21,1.86,0.95,39,100.0,0,0,0,0,0,42,100.0,37.73,898,0.0,0.0,0.0,0.0,0.0,0.0,0.0,0.0,11.31,21,4331.0,4,1919,1919,1919,1919,0,0,168,756,617,378,0,0,0,0,0,0,0,0,0,0,39,0.902
Course 3,6,6,1.0,0.43,5,100.0,0,0,0,0,0,14,100.0,32.08,323,0.0,0.0,0.0,0.0,0.0,0.0,0.0,0.0,16.87,6,203.0,3,750,750,750,750,0,0,57,224,469,0,0,0,0,0,0,0,0,0,0,0,14,0.778
Course 3,30,17,1.76,0.77,42,100.0,0,0,0,0,0,31,100.0,46.06,687,0.0,0.0,0.0,0.0,0.0,0.0,0.0,0.0,14.39,17,2741.0,4,1542,1542,1542,1542,0,0,155,914,284,189,0,0,0,0,0,0,0,0,0,0,31,0.873
Course 3,60,37,1.62,0.7,55,100.0,0,0,0,0,0,55,100.0,17.1,940,0.0,0.0,0.0,0.0,0.0,0.0,0.0,0.0,10.94,36,1917.0,9,1998,2227,2232,2232,0,0,98,781,659,460,3,6,220,1,4,0,0,0,0,0,53,0.796
Course 3,10,9,1.11,0.53,12,100.0,0,0,0,0,0,13,100.0,16.69,224,0.0,0.0,0.0,0.0,0.0,0.0,0.0,0.0,15.19,8,782.0,3,530,530,530,530,0,0,52,273,205,0,0,0,0,0,0,0,0,0,0,0,12,0.773
Course 3,19,8,2.38,0.53,20,100.0,0,0,0,0,0,14,100.0,36.58,299,0.0,0.0,0.0,0.0,0.0,0.0,0.0,0.0,16.01,8,182.0,3,628,628,628,628,0,0,44,280,304,0,0,0,0,0,0,0,0,0,0,0,14,0.795
Course 3,52,28,1.86,0.9,70,100.0,0,0,0,0,0,54,100.0,38.03,1266,0.0,0.0,0.0,0.0,0.0,0.0,0.0,0.0,12.67,28,5456.0,5,2596,2920,2920,2920,0,0,182,1051,731,632,324,0,0,0,0,0,0,0,0,0,52,0.9
Course 3,18,16,1.13,0.73,11,100.0,0,0,0,0,0,33,100.0,38.75,749,0.0,0.0,0.0,0.0,0.0,0.0,0.0,0.0,12.74,16,1517.0,4,1702,1702,1702,1702,0,0,151,922,432,197,0,0,0,0,0,0,0,0,0,0,33,0.872
Course 3,4,4,1.0,0.27,7,100.0,0,0,0,0,0,6,100.0,38.86,38,0.0,0.0,0.0,0.0,0.0,0.0,0.0,0.0,10.84,4,55.0,3,122,122,122,122,0,0,62,22,38,0,0,0,0,0,0,0,0,0,0,0,5,0.548
Course 3,39,32,1.22,0.48,41,100.0,0,0,0,0,0,58,100.0,34.51,1282,0.0,0.0,0.0,0.0,0.0,0.0,0.0,0.0,13.32,31,1577.0,7,2698,2832,2944,2944,0,0,228,997,873,600,134,0,0,24,0,88,0,0,0,0,57,0.681
Course 3,20,15,1.33,0.94,31,100.0,0,0,0,0,0,28,100.0,15.9,553,0.0,0.0,0.0,0.0,0.0,0.0,0.0,0.0,14.67,15,828.0,3,1306,1306,1306,1306,0,0,123,755,428,0,0,0,0,0,0,0,0,0,0,0,28,0.898
Course 3,3,3,1.0,0.25,4,100.0,0,0,0,0,0,6,100.0,38.19,118,0.0,0.0,0.0,0.0,0.0,0.0,0.0,0.0,14.41,3,131.0,2,307,307,307,307,0,0,170,0,137,0,0,0,0,0,0,0,0,0,0,0,6,0.636
Course 3,18,17,1.06,0.94,18,100.0,0,0,0,0,0,35,100.0,37.44,650,0.0,0.0,0.0,0.0,0.0,0.0,0.0,0.0,15.72,17,342.0,4,1467,1467,1467,1467,0,0,61,805,517,84,0,0,0,0,0,0,0,0,0,0,34,0.898
Course 3,49,32,1.53,0.5,65,100.0,0,0,0,0,0,48,100.0,41.36,796,0.0,0.0,0.0,0.0,0.0,0.0,0.0,0.0,13.88,32,4346.0,8,1598,1665,1818,1818,0,0,148,626,413,411,26,41,0,0,73,80,0,0,0,0,47,0.633
Course 3,19,17,1.12,0.31,45,100.0,0,0,0,0,0,33,100.0,39.96,606,0.0,0.0,0.0,0.0,0.0,0.0,0.0,0.0,10.21,17,1150.0,5,1464,1464,1480,1480,0,0,166,554,651,93,0,0,0,0,16,0,0,0,0,0,32,0.521
Course 3,15,13,1.15,0.5,11,100.0,0,0,0,0,0,24,100.0,41.82,416,0.0,0.0,0.0,0.0,0.0,0.0,0.0,0.0,12.71,13,783.0,5,919,936,936,936,0,0,153,463,218,85,17,0,0,0,0,0,0,0,0,0,24,0.773
Course 3,36,30,1.2,0.71,33,100.0,0,0,0,0,0,50,100.0,36.04,1059,0.0,0.0,0.0,0.0,0.0,0.0,0.0,0.0,11.25,30,2005.0,7,2194,2364,2364,2364,0,0,175,842,692,485,107,17,46,0,0,0,0,0,0,0,48,0.831
Course 3,2,1,2.0,1.0,1,0.0,0,0,0,0,0,0,0.0,0.0,3,0.0,0.0,0.0,0.0,0.0,0.0,0.0,0.0,13.84,1,17.0,1,5,5,5,5,0,0,5,0,0,0,0,0,0,0,0,0,0,0,0,0,0,1.0
Course 3,30,14,2.14,0.54,50,100.0,0,0,0,0,0,26,100.0,35.91,552,0.0,0.0,0.0,0.0,0.0,0.0,0.0,0.0,13.99,14,1665.0,5,1177,1258,1258,1258,0,0,21,537,445,174,81,0,0,0,0,0,0,0,0,0,25,0.823
Course 3,37,24,1.54,0.45,127,100.0,0,0,0,0,0,46,100.0,34.79,957,0.0,0.0,0.0,0.0,0.0,0.0,0.0,0.0,14.97,24,3282.0,5,2168,2168,2174,2174,0,0,161,938,609,460,0,0,0,0,6,0,0,0,0,0,43,0.613
Course 3,19,12,1.58,0.67,41,100.0,0,0,0,0,0,23,100.0,17.79,436,0.0,0.0,0.0,0.0,0.0,0.0,0.0,0.0,16.52,12,1004.0,4,1110,1110,1110,1110,0,0,82,586,417,25,0,0,0,0,0,0,0,0,0,0,23,0.857
Course 3,25,19,1.32,0.83,33,100.0,0,0,0,0,0,36,100.0,15.57,577,0.0,0.0,0.0,0.0,0.0,0.0,0.0,0.0,14.5,19,2229.0,4,1451,1451,1451,1451,0,0,122,602,479,248,0,0,0,0,0,0,0,0,0,0,35,0.871
Course 3,19,15,1.27,0.56,23,100.0,0,0,0,0,0,29,100.0,24.74,573,0.0,0.0,0.0,0.0,0.0,0.0,0.0,0.0,16.48,15,1043.0,5,1329,1333,1333,1333,0,0,101,412,597,219,4,0,0,0,0,0,0,0,0,0,27,0.812
Course 3,17,14,1.21,0.33,27,100.0,0,0,0,0,0,25,100.0,36.97,397,0.0,0.0,0.0,0.0,0.0,0.0,0.0,0.0,13.34,14,869.0,5,955,957,957,957,0,0,112,514,328,1,0,0,2,0,0,0,0,0,0,0,25,0.588
Course 3,39,24,1.63,0.56,51,100.0,0,0,0,0,0,42,100.0,44.38,1156,0.0,0.0,0.0,0.0,0.0,0.0,0.0,0.0,14.29,24,2102.0,7,2461,2467,2467,2467,0,0,137,852,920,552,3,2,1,0,0,0,0,0,0,0,40,0.774
Course 3,28,17,1.65,0.81,25,100.0,0,0,0,0,0,35,100.0,31.4,818,0.0,0.0,0.0,0.0,0.0,0.0,0.0,0.0,15.87,17,507.0,4,1837,1837,1837,1837,0,0,128,847,845,17,0,0,0,0,0,0,0,0,0,0,35,0.884
Course 3,28,17,1.65,0.85,51,100.0,0,0,0,0,0,37,100.0,37.38,1030,0.0,0.0,0.0,0.0,0.0,0.0,0.0,0.0,14.47,17,613.0,4,2270,2270,2270,2270,0,0,146,814,978,332,0,0,0,0,0,0,0,0,0,0,36,0.905
Course 3,27,17,1.59,0.74,25,100.0,0,0,0,0,0,33,100.0,43.1,652,0.0,0.0,0.0,0.0,0.0,0.0,0.0,0.0,14.85,17,1000.0,4,1472,1472,1472,1472,0,0,98,522,654,198,0,0,0,0,0,0,0,0,0,0,33,0.856
Course 3,15,10,1.5,0.67,33,100.0,0,0,0,0,0,23,100.0,29.46,411,0.0,0.0,0.0,0.0,0.0,0.0,0.0,0.0,11.16,10,1164.0,3,942,942,942,942,0,0,135,487,320,0,0,0,0,0,0,0,0,0,0,0,21,0.858
Course 3,20,18,1.11,0.55,26,100.0,0,0,0,0,0,38,100.0,19.37,573,0.0,0.0,0.0,0.0,0.0,0.0,0.0,0.0,16.04,18,1044.0,5,1408,1408,1408,1408,132,38,320,548,370,0,0,0,0,0,0,0,0,0,0,0,33,0.788
Course 3,13,11,1.18,0.5,30,100.0,0,0,0,0,0,33,100.0,23.38,398,0.0,0.0,0.0,0.0,0.0,0.0,0.0,0.0,11.61,12,205.0,4,896,896,896,896,0,232,199,288,177,0,0,0,0,0,0,0,0,0,0,0,33,0.794
Course 3,32,22,1.45,0.61,72,100.0,0,0,0,0,0,31,100.0,25.52,692,0.0,0.0,0.0,0.0,0.0,0.0,0.0,0.0,7.11,22,1083.0,6,1539,1539,1539,1539,64,85,64,493,676,157,0,0,0,0,0,0,0,0,0,0,30,0.818
Course 3,40,31,1.29,0.55,73,100.0,0,0,0,0,0,60,100.0,42.16,962,0.0,0.0,0.0,0.0,0.0,0.0,0.0,0.0,12.74,31,2111.0,8,2204,2209,2209,2209,222,195,350,646,533,258,2,0,3,0,0,0,0,0,0,0,60,0.781
Course 3,47,26,1.81,0.62,46,100.0,0,0,0,0,0,51,100.0,31.2,765,0.0,0.0,0.0,0.0,0.0,0.0,0.0,0.0,14.92,26,1350.0,7,1638,1703,1703,1703,178,102,165,665,336,192,65,0,0,0,0,0,0,0,0,0,49,0.808
Course 3,38,29,1.31,0.83,54,100.0,0,0,0,0,0,61,100.0,44.78,1276,0.0,0.0,0.0,0.0,0.0,0.0,0.0,0.0,15.88,29,2915.0,6,2847,2847,2847,2847,269,268,296,1346,578,90,0,0,0,0,0,0,0,0,0,0,60,0.888
Course 3,52,33,1.58,0.92,131,100.0,0,0,0,0,0,67,100.0,37.74,947,0.0,0.0,0.0,0.0,0.0,0.0,0.0,0.0,14.16,34,3121.0,7,2214,2235,2235,2235,0,367,242,729,506,370,19,2,0,0,0,0,0,0,0,0,66,0.833
Course 3,39,33,1.18,0.85,117,100.0,0,0,0,0,0,62,100.0,44.88,1646,0.0,0.0,0.0,0.0,0.0,0.0,0.0,0.0,14.03,33,2120.0,7,3628,3629,3629,3629,117,201,288,1179,1049,794,1,0,0,0,0,0,0,0,0,0,60,0.895
Course 3,39,29,1.34,0.69,71,100.0,0,0,0,0,0,61,100.0,36.9,1350,0.0,0.0,0.0,0.0,0.0,0.0,0.0,0.0,14.81,29,1498.0,7,2900,2902,2902,2902,204,181,349,980,892,294,2,0,0,0,0,0,0,0,0,0,61,0.853
Course 3,28,19,1.47,0.7,48,100.0,0,0,0,0,0,47,100.0,37.36,594,0.0,0.0,0.0,0.0,0.0,0.0,0.0,0.0,14.53,19,300.0,5,1347,1347,1347,1347,0,369,221,241,421,95,0,0,0,0,0,0,0,0,0,0,46,0.834
Course 3,33,27,1.22,0.69,64,100.0,0,0,0,0,0,42,100.0,37.87,538,0.0,0.0,0.0,0.0,0.0,0.0,0.0,0.0,14.72,26,2318.0,6,1280,1280,1280,1280,265,275,191,379,147,23,0,0,0,0,0,0,0,0,0,0,42,0.786
Course 3,56,26,2.15,0.43,71,100.0,0,0,0,0,0,40,100.0,37.58,697,0.0,0.0,0.0,0.0,0.0,0.0,0.0,0.0,14.06,24,2401.0,9,1595,1598,1599,1599,18,107,178,691,430,171,2,1,0,1,0,0,0,0,0,0,40,0.679
Course 3,49,39,1.26,0.95,51,100.0,0,0,0,0,0,75,100.0,37.79,1521,0.0,0.0,0.0,0.0,0.0,0.0,0.0,0.0,15.4,39,2373.0,6,3462,3462,3462,3462,240,230,410,939,1024,619,0,0,0,0,0,0,0,0,0,0,73,0.899
Course 3,47,29,1.62,0.78,115,100.0,0,0,0,0,0,60,100.0,40.06,1184,0.0,0.0,0.0,0.0,0.0,0.0,0.0,0.0,12.34,29,5954.0,6,2609,2609,2609,2609,147,306,328,877,586,365,0,0,0,0,0,0,0,0,0,0,58,0.875
Course 3,72,33,2.18,0.77,73,100.0,0,0,0,0,0,64,100.0,40.59,1128,0.0,0.0,0.0,0.0,0.0,0.0,0.0,0.0,13.57,33,3507.0,7,2455,2525,2525,2525,254,238,347,767,563,286,70,0,0,0,0,0,0,0,0,0,64,0.86
Course 3,47,32,1.47,0.71,98,100.0,0,0,0,0,0,66,100.0,28.13,988,0.0,0.0,0.0,0.0,0.0,0.0,0.0,0.0,14.97,32,3860.0,7,2251,2254,2254,2254,212,149,216,746,608,320,3,0,0,0,0,0,0,0,0,0,66,0.837
Course 3,56,40,1.4,0.77,70,100.0,0,0,0,0,0,73,100.0,35.95,1117,0.0,0.0,0.0,0.0,0.0,0.0,0.0,0.0,15.58,40,4616.0,8,2464,2508,2508,2508,178,144,225,1081,522,314,42,2,0,0,0,0,0,0,0,0,70,0.841
Course 3,55,31,1.77,0.72,73,100.0,0,0,0,0,0,59,100.0,35.11,844,0.0,0.0,0.0,0.0,0.0,0.0,0.0,0.0,12.31,31,2443.0,7,1915,1919,1919,1919,75,183,197,668,521,271,4,0,0,0,0,0,0,0,0,0,58,0.821
Course 3,38,29,1.31,0.76,23,100.0,0,0,0,0,0,59,100.0,39.03,985,0.0,0.0,0.0,0.0,0.0,0.0,0.0,0.0,10.04,28,1654.0,6,2127,2127,2127,2127,209,140,150,901,561,166,0,0,0,0,0,0,0,0,0,0,57,0.85
Course 3,27,19,1.42,0.56,54,100.0,0,0,0,0,0,33,100.0,28.98,731,0.0,0.0,0.0,0.0,0.0,0.0,0.0,0.0,9.79,19,3023.0,5,1554,1554,1554,1554,181,73,102,709,489,0,0,0,0,0,0,0,0,0,0,0,31,0.804
Course 3,48,30,1.6,0.7,94,100.0,0,0,0,0,0,59,100.0,41.49,1075,0.0,0.0,0.0,0.0,0.0,0.0,0.0,0.0,11.91,32,4588.0,8,2390,2486,2490,2490,225,238,291,845,602,189,96,0,0,0,4,0,0,0,0,0,59,0.665
Course 3,42,29,1.45,0.83,42,100.0,0,0,0,0,0,56,100.0,42.24,895,0.0,0.0,0.0,0.0,0.0,0.0,0.0,0.0,16.26,28,3242.0,6,2062,2062,2062,2062,197,244,340,703,493,85,0,0,0,0,0,0,0,0,0,0,56,0.866
Course 3,75,43,1.74,0.83,124,100.0,0,0,0,0,0,87,100.0,43.19,1718,0.0,0.0,0.0,0.0,0.0,0.0,0.0,0.0,11.03,43,6209.0,8,3534,3804,3804,3804,367,353,291,1210,769,544,156,114,0,0,0,0,0,0,0,0,83,0.86
Course 3,59,42,1.4,0.58,108,100.0,0,0,0,0,0,83,100.0,38.96,1417,0.0,0.0,0.0,0.0,0.0,0.0,0.0,0.0,15.59,42,2759.0,11,2850,3165,3207,3207,364,180,359,1032,562,353,90,18,207,34,8,0,0,0,0,0,77,0.795
Course 3,25,17,1.47,0.49,56,100.0,0,0,0,0,0,36,100.0,29.5,410,0.0,0.0,0.0,0.0,0.0,0.0,0.0,0.0,12.66,17,1381.0,6,946,946,946,946,174,89,179,341,137,26,0,0,0,0,0,0,0,0,0,0,35,0.759
Course 3,28,21,1.33,0.68,50,100.0,0,0,0,0,0,36,100.0,34.38,328,0.0,0.0,0.0,0.0,0.0,0.0,0.0,0.0,14.0,21,3251.0,5,838,838,838,838,178,150,200,197,113,0,0,0,0,0,0,0,0,0,0,0,30,0.799
Course 3,48,24,2.0,0.62,113,100.0,0,0,0,0,0,44,100.0,34.07,867,0.0,0.0,0.0,0.0,0.0,0.0,0.0,0.0,12.56,24,4124.0,6,1879,1879,1879,1879,209,122,296,876,281,95,0,0,0,0,0,0,0,0,0,0,43,0.816
Course 3,17,15,1.13,0.42,44,100.0,0,0,0,0,0,27,100.0,32.75,484,0.0,0.0,0.0,0.0,0.0,0.0,0.0,0.0,12.91,15,540.0,5,1045,1045,1045,1045,47,63,125,0,623,187,0,0,0,0,0,0,0,0,0,0,27,0.684
Course 3,58,40,1.45,0.8,145,100.0,0,0,0,0,0,79,100.0,40.36,1350,0.0,0.0,0.0,0.0,0.0,0.0,0.0,0.0,10.68,40,5395.0,8,2923,3054,3054,3054,283,242,401,877,621,499,87,44,0,0,0,0,0,0,0,0,78,0.847
Course 3,22,16,1.38,0.5,47,100.0,0,0,0,0,0,27,100.0,43.68,440,0.0,0.0,0.0,0.0,0.0,0.0,0.0,0.0,13.05,16,906.0,5,988,988,988,988,67,110,136,269,406,0,0,0,0,0,0,0,0,0,0,0,27,0.762
Course 3,20,14,1.43,0.44,47,100.0,0,0,0,0,0,43,100.0,22.24,420,0.0,0.0,0.0,0.0,0.0,0.0,0.0,0.0,14.41,14,238.0,5,968,968,968,968,81,196,179,189,323,0,0,0,0,0,0,0,0,0,0,0,41,0.73
Course 3,42,20,2.1,0.57,54,100.0,0,0,0,0,0,47,100.0,37.5,680,0.0,0.0,0.0,0.0,0.0,0.0,0.0,0.0,8.84,17,729.0,5,1472,1472,1472,1472,153,224,448,160,487,0,0,0,0,0,0,0,0,0,0,0,42,0.796
Course 3,49,24,2.04,0.62,85,100.0,0,0,0,0,0,64,100.0,31.95,1154,0.0,0.0,0.0,0.0,0.0,0.0,0.0,0.0,14.18,24,1476.0,6,2408,2408,2408,2408,265,134,674,779,470,86,0,0,0,0,0,0,0,0,0,0,61,0.819
Course 3,13,11,1.18,0.31,27,100.0,0,0,0,0,0,17,100.0,15.83,293,0.0,0.0,0.0,0.0,0.0,0.0,0.0,0.0,11.54,11,581.0,6,641,641,641,641,95,85,37,105,245,74,0,0,0,0,0,0,0,0,0,0,17,0.637
Course 3,35,20,1.75,0.56,107,100.0,0,0,0,0,0,45,100.0,33.91,683,0.0,0.0,0.0,0.0,0.0,0.0,0.0,0.0,14.53,20,1361.0,6,1543,1543,1543,1543,208,299,158,549,282,47,0,0,0,0,0,0,0,0,0,0,44,0.797
Course 3,42,28,1.5,0.65,89,100.0,0,0,0,0,0,63,100.0,39.76,1029,0.0,0.0,0.0,0.0,0.0,0.0,0.0,0.0,14.19,28,2790.0,7,2255,2339,2339,2339,191,254,254,780,360,416,84,0,0,0,0,0,0,0,0,0,62,0.843
Course 3,27,22,1.23,0.71,95,100.0,0,0,0,0,0,54,100.0,30.9,656,0.0,0.0,0.0,0.0,0.0,0.0,0.0,0.0,15.13,22,1043.0,5,1581,1581,1581,1581,0,295,231,438,438,179,0,0,0,0,0,0,0,0,0,0,54,0.85
Course 3,23,21,1.1,0.55,38,100.0,0,0,0,0,0,37,100.0,16.04,575,0.0,0.0,0.0,0.0,0.0,0.0,0.0,0.0,14.29,21,398.0,6,1350,1350,1350,1350,203,52,176,171,573,175,0,0,0,0,0,0,0,0,0,0,36,0.775
Course 3,30,26,1.15,0.79,107,100.0,0,0,0,0,0,51,100.0,15.99,767,0.0,0.0,0.0,0.0,0.0,0.0,0.0,0.0,11.94,26,2084.0,6,1778,1784,1784,1784,0,106,222,559,632,259,6,0,0,0,0,0,0,0,0,0,49,0.848
Course 3,24,20,1.2,0.54,96,100.0,0,0,0,0,0,38,100.0,35.73,733,0.0,0.0,0.0,0.0,0.0,0.0,0.0,0.0,16.06,20,877.0,6,1736,1736,1736,1736,280,87,165,437,649,118,0,0,0,0,0,0,0,0,0,0,37,0.804
Course 3,44,29,1.52,0.67,59,100.0,0,0,0,0,0,59,100.0,42.46,1335,0.0,0.0,0.0,0.0,0.0,0.0,0.0,0.0,15.47,29,3269.0,7,2828,2921,2921,2921,257,257,249,923,903,239,93,0,0,0,0,0,0,0,0,0,59,0.853
Course 3,12,9,1.33,0.29,44,100.0,0,0,0,0,0,31,100.0,35.19,365,0.0,0.0,0.0,0.0,0.0,0.0,0.0,0.0,12.91,9,111.0,5,791,791,791,791,39,347,10,263,132,0,0,0,0,0,0,0,0,0,0,0,30,0.69
Course 3,64,38,1.68,0.68,43,100.0,0,0,0,0,0,73,100.0,44.4,1392,0.0,0.0,0.0,0.0,0.0,0.0,0.0,0.0,13.2,38,2981.0,8,3040,3048,3048,3048,346,249,281,1030,796,338,4,0,4,0,0,0,0,0,0,0,70,0.778
Course 3,40,27,1.48,0.5,107,100.0,0,0,0,0,0,60,100.0,38.81,907,0.0,0.0,0.0,0.0,0.0,0.0,0.0,0.0,13.03,27,2058.0,7,1979,2092,2092,2092,181,222,151,685,445,295,0,113,0,0,0,0,0,0,0,0,59,0.73
Course 3,34,30,1.13,0.75,101,100.0,0,0,0,0,0,56,100.0,16.76,781,0.0,0.0,0.0,0.0,0.0,0.0,0.0,0.0,13.94,29,1661.0,6,1827,1827,1827,1827,150,337,230,586,460,64,0,0,0,0,0,0,0,0,0,0,56,0.84
Course 3,26,14,1.86,0.52,45,100.0,0,0,0,0,0,26,100.0,32.58,436,0.0,0.0,0.0,0.0,0.0,0.0,0.0,0.0,8.17,14,780.0,5,951,951,951,951,0,93,202,380,272,4,0,0,0,0,0,0,0,0,0,0,25,0.778
Course 3,61,42,1.45,0.81,74,100.0,0,0,0,0,0,76,100.0,42.83,1301,0.0,0.0,0.0,0.0,0.0,0.0,0.0,0.0,14.42,42,2510.0,8,2873,2950,2950,2950,264,291,441,623,705,549,5,72,0,0,0,0,0,0,0,0,73,0.86
Course 3,18,16,1.13,0.48,46,100.0,0,0,0,0,0,36,100.0,26.95,392,0.0,0.0,0.0,0.0,0.0,0.0,0.0,0.0,15.67,15,1003.0,5,969,969,969,969,128,71,193,189,388,0,0,0,0,0,0,0,0,0,0,0,35,0.733
Course 3,57,30,1.9,0.83,294,100.0,0,0,0,0,0,62,100.0,34.62,1196,0.0,0.0,0.0,0.0,0.0,0.0,0.0,0.0,13.71,30,3548.0,6,2738,2738,2738,2738,165,268,345,1225,609,126,0,0,0,0,0,0,0,0,0,0,62,0.882
Course 3,12,9,1.33,0.31,13,100.0,0,0,0,0,0,10,100.0,12.5,241,0.0,0.0,0.0,0.0,0.0,0.0,0.0,0.0,15.37,9,1487.0,3,499,499,499,499,0,2,0,0,223,274,0,0,0,0,0,0,0,0,0,0,8,0.536
Course 3,28,19,1.47,0.56,95,100.0,0,0,0,0,0,43,100.0,35.4,515,0.0,0.0,0.0,0.0,0.0,0.0,0.0,0.0,17.1,19,996.0,6,1273,1273,1273,1273,171,224,162,273,353,90,0,0,0,0,0,0,0,0,0,0,42,0.797
Course 3,11,8,1.38,0.23,26,100.0,0,0,0,0,0,14,100.0,31.86,200,0.0,0.0,0.0,0.0,0.0,0.0,0.0,0.0,14.12,8,566.0,6,453,453,453,453,59,43,87,90,86,88,0,0,0,0,0,0,0,0,0,0,14,0.58
Course 3,6,5,1.2,0.16,7,100.0,0,0,0,0,0,7,100.0,18.5,87,0.0,0.0,0.0,0.0,0.0,0.0,0.0,0.0,16.1,5,98.0,3,212,212,212,212,90,0,3,0,119,0,0,0,0,0,0,0,0,0,0,0,7,0.433
Course 3,48,28,1.71,0.68,98,100.0,0,0,0,0,0,78,100.0,37.45,1516,0.0,0.0,0.0,0.0,0.0,0.0,0.0,0.0,14.72,28,2011.0,6,3505,3507,3507,3507,4,0,926,1195,846,534,2,0,0,0,0,0,0,0,0,0,73,0.817
Course 3,33,16,2.06,0.52,102,100.0,0,0,0,0,0,43,100.0,32.0,620,0.0,0.0,0.0,0.0,0.0,0.0,0.0,0.0,15.93,15,379.0,5,1361,1361,1361,1361,10,377,270,514,190,0,0,0,0,0,0,0,0,0,0,0,41,0.807
Course 3,19,12,1.58,0.38,40,100.0,0,0,0,0,0,27,100.0,30.43,506,0.0,0.0,0.0,0.0,0.0,0.0,0.0,0.0,13.94,12,304.0,5,1112,1112,1112,1112,40,75,94,562,341,0,0,0,0,0,0,0,0,0,0,0,26,0.716
Course 3,27,19,1.42,0.61,31,100.0,0,0,0,0,0,36,100.0,31.24,487,0.0,0.0,0.0,0.0,0.0,0.0,0.0,0.0,13.73,19,377.0,5,1124,1124,1124,1124,162,172,270,264,256,0,0,0,0,0,0,0,0,0,0,0,36,0.792
Course 3,19,11,1.73,0.31,33,100.0,0,0,0,0,0,24,100.0,35.53,259,0.0,0.0,0.0,0.0,0.0,0.0,0.0,0.0,14.39,11,3225.0,5,653,653,653,653,292,160,34,0,74,93,0,0,0,0,0,0,0,0,0,0,23,0.629
Course 3,75,59,1.27,0.8,181,100.0,0,0,0,0,0,116,100.0,34.52,1775,0.0,0.0,0.0,0.0,0.0,0.0,0.0,0.0,14.63,59,3614.0,11,3213,3971,4384,4384,308,251,497,880,679,598,99,57,602,233,180,0,0,0,0,0,112,0.843
Course 3,12,9,1.33,0.31,42,100.0,0,0,0,0,0,20,100.0,29.93,246,0.0,0.0,0.0,0.0,0.0,0.0,0.0,0.0,13.21,9,246.0,5,570,570,570,570,216,114,66,112,62,0,0,0,0,0,0,0,0,0,0,0,20,0.662
Course 3,30,18,1.67,0.67,36,100.0,0,0,0,0,0,39,100.0,40.89,475,0.0,0.0,0.0,0.0,0.0,0.0,0.0,0.0,11.88,17,854.0,5,1080,1080,1080,1080,141,183,154,509,93,0,0,0,0,0,0,0,0,0,0,0,39,0.821
Course 3,49,40,1.23,0.77,97,100.0,0,0,0,0,0,67,100.0,45.13,1214,0.0,0.0,0.0,0.0,0.0,0.0,0.0,0.0,13.61,40,2115.0,8,2778,2785,2785,2785,469,214,328,739,578,450,2,5,0,0,0,0,0,0,0,0,66,0.848
Course 3,52,40,1.3,0.51,36,98.84,0,0,0,0,0,87,98.84,29.71,1254,0.0,0.0,0.0,0.0,0.0,0.0,0.0,0.0,14.55,39,5165.0,9,2630,2975,3025,3025,292,269,316,730,553,470,99,0,246,0,0,50,0,0,0,0,85,0.679
Course 3,29,20,1.45,0.45,42,100.0,0,0,0,0,0,39,100.0,33.33,759,0.0,0.0,0.0,0.0,0.0,0.0,0.0,0.0,12.34,20,2560.0,5,1801,1809,1809,1809,0,0,133,692,703,273,0,0,8,0,0,0,0,0,0,0,37,0.635
Course 3,60,38,1.58,0.64,114,100.0,0,0,0,0,0,67,100.0,25.91,1118,0.0,0.0,0.0,0.0,0.0,0.0,0.0,0.0,14.6,38,2931.0,8,2759,2842,2842,2842,146,287,347,914,723,342,1,0,82,0,0,0,0,0,0,0,65,0.743
Course 3,58,37,1.57,0.93,84,100.0,0,0,0,0,0,67,100.0,32.25,964,0.0,0.0,0.0,0.0,0.0,0.0,0.0,0.0,13.55,37,4215.0,7,2271,2357,2357,2357,125,252,214,758,584,338,86,0,0,0,0,0,0,0,0,0,67,0.877
Course 3,35,26,1.35,0.65,53,100.0,0,0,0,0,0,55,100.0,31.32,767,0.0,0.0,0.0,0.0,0.0,0.0,0.0,0.0,14.91,26,513.0,7,1729,1744,1744,1744,0,366,142,375,579,267,14,1,0,0,0,0,0,0,0,0,54,0.813
Course 3,53,29,1.83,0.85,165,100.0,0,0,0,0,0,56,100.0,39.7,1049,0.0,0.0,0.0,0.0,0.0,0.0,0.0,0.0,14.38,29,3348.0,6,2425,2426,2426,2426,0,189,240,957,687,352,1,0,0,0,0,0,0,0,0,0,55,0.881
Course 3,60,32,1.88,0.7,86,100.0,0,0,0,0,0,49,100.0,25.84,810,0.0,0.0,0.0,0.0,0.0,0.0,0.0,0.0,9.0,32,3475.0,8,1920,2020,2020,2020,32,118,123,625,602,420,59,41,0,0,0,0,0,0,0,0,49,0.836
Course 3,20,17,1.18,0.52,71,100.0,0,0,0,0,0,31,100.0,11.05,548,0.0,0.0,0.0,0.0,0.0,0.0,0.0,0.0,15.1,17,961.0,6,1307,1307,1307,1307,50,6,115,245,609,282,0,0,0,0,0,0,0,0,0,0,30,0.786
Course 3,2,2,1.0,0.33,4,100.0,0,0,0,0,0,2,100.0,27.0,14,0.0,0.0,0.0,0.0,0.0,0.0,0.0,0.0,10.75,2,22.0,2,41,41,41,41,0,14,27,0,0,0,0,0,0,0,0,0,0,0,0,0,2,0.562
Course 3,52,39,1.33,0.56,98,100.0,0,0,0,0,0,61,100.0,37.74,1008,0.0,0.0,0.0,0.0,0.0,0.0,0.0,0.0,14.76,37,1874.0,11,2087,2197,2229,2229,55,187,332,674,471,368,67,7,36,2,30,0,0,0,0,0,59,0.741
Course 3,24,14,1.71,0.33,43,100.0,0,0,0,0,0,28,100.0,31.29,352,0.0,0.0,0.0,0.0,0.0,0.0,0.0,0.0,11.18,14,1400.0,6,817,823,823,823,0,129,166,0,439,83,4,2,0,0,0,0,0,0,0,0,27,0.633
Course 3,9,8,1.13,0.33,16,100.0,0,0,0,0,0,17,100.0,46.8,301,0.0,0.0,0.0,0.0,0.0,0.0,0.0,0.0,13.08,8,112.0,4,671,671,671,671,0,134,38,149,350,0,0,0,0,0,0,0,0,0,0,0,17,0.702
Course 3,21,18,1.17,0.72,11,100.0,0,0,0,0,0,26,100.0,4.17,441,0.0,0.0,0.0,0.0,0.0,0.0,0.0,0.0,12.43,18,545.0,4,936,936,936,936,0,124,118,362,332,0,0,0,0,0,0,0,0,0,0,0,26,0.83
Course 3,17,12,1.42,0.48,21,100.0,0,0,0,0,0,27,100.0,26.22,423,0.0,0.0,0.0,0.0,0.0,0.0,0.0,0.0,12.61,12,613.0,4,926,926,926,926,0,127,108,204,487,0,0,0,0,0,0,0,0,0,0,0,26,0.761
Course 3,57,32,1.78,0.58,52,100.0,0,0,0,0,0,59,100.0,40.15,1030,0.0,0.0,0.0,0.0,0.0,0.0,0.0,0.0,14.31,32,2762.0,8,2184,2219,2224,2224,0,133,293,844,560,354,3,32,0,5,0,0,0,0,0,0,56,0.736
Course 3,9,6,1.5,0.35,22,100.0,0,0,0,0,0,28,100.0,39.86,255,0.0,0.0,0.0,0.0,0.0,0.0,0.0,0.0,6.21,5,213.0,3,645,645,645,645,0,95,482,68,0,0,0,0,0,0,0,0,0,0,0,0,27,0.801
Course 3,6,6,1.0,0.25,16,100.0,0,0,0,0,0,7,100.0,22.71,67,0.0,0.0,0.0,0.0,0.0,0.0,0.0,0.0,14.03,5,57.0,3,155,155,155,155,0,1,140,0,14,0,0,0,0,0,0,0,0,0,0,0,7,0.444
Course 3,42,35,1.2,0.76,125,100.0,0,0,0,0,0,67,100.0,15.85,1021,0.0,0.0,0.0,0.0,0.0,0.0,0.0,0.0,14.26,35,2109.0,8,2281,2369,2369,2369,27,192,274,742,609,437,87,1,0,0,0,0,0,0,0,0,65,0.828
Course 3,52,36,1.44,0.53,127,100.0,0,0,0,0,0,64,100.0,36.61,989,0.0,0.0,0.0,0.0,0.0,0.0,0.0,0.0,14.74,36,3233.0,10,2033,2130,2198,2198,121,378,320,605,511,98,95,2,0,67,1,0,0,0,0,0,63,0.733
Course 3,39,25,1.56,0.64,72,100.0,0,0,0,0,0,48,100.0,33.12,669,0.0,0.0,0.0,0.0,0.0,0.0,0.0,0.0,14.05,25,2200.0,6,1578,1598,1598,1598,0,318,172,234,493,361,20,0,0,0,0,0,0,0,0,0,47,0.809
Course 3,31,23,1.35,0.62,71,100.0,0,0,0,0,0,44,100.0,41.09,667,0.0,0.0,0.0,0.0,0.0,0.0,0.0,0.0,12.43,23,2497.0,6,1542,1545,1545,1545,0,142,271,500,464,165,3,0,0,0,0,0,0,0,0,0,44,0.774
Course 3,32,25,1.28,0.35,92,100.0,0,0,0,0,0,54,100.0,39.2,647,0.0,0.0,0.0,0.0,0.0,0.0,0.0,0.0,14.72,24,2354.0,7,1571,1571,1573,1573,67,300,269,469,282,184,0,0,0,0,2,0,0,0,0,0,51,0.523
Course 3,30,17,1.76,0.47,42,100.0,0,0,0,0,0,31,100.0,42.8,537,0.0,0.0,0.0,0.0,0.0,0.0,0.0,0.0,13.61,17,690.0,6,1189,1189,1189,1189,79,30,255,183,370,272,0,0,0,0,0,0,0,0,0,0,31,0.764
Course 3,9,7,1.29,0.26,33,100.0,0,0,0,0,0,21,100.0,30.17,268,0.0,0.0,0.0,0.0,0.0,0.0,0.0,0.0,12.97,7,93.0,4,656,656,656,656,0,148,177,0,292,39,0,0,0,0,0,0,0,0,0,0,21,0.616
Course 3,5,4,1.25,0.18,9,100.0,0,0,0,0,0,11,100.0,33.05,99,0.0,0.0,0.0,0.0,0.0,0.0,0.0,0.0,12.71,4,690.0,3,250,250,250,250,0,111,53,0,86,0,0,0,0,0,0,0,0,0,0,0,11,0.5
Course 3,4,4,1.0,0.15,7,100.0,0,0,0,0,0,2,100.0,48.5,43,0.0,0.0,0.0,0.0,0.0,0.0,0.0,0.0,14.84,3,26.0,2,98,98,98,98,1,0,0,0,97,0,0,0,0,0,0,0,0,0,0,0,2,0.284
Course 3,23,20,1.15,0.29,53,100.0,0,0,0,0,0,28,100.0,22.91,466,0.0,0.0,0.0,0.0,0.0,0.0,0.0,0.0,14.79,20,518.0,6,1081,1081,1112,1112,39,73,227,510,232,0,0,0,0,0,31,0,0,0,0,0,28,0.455
Course 3,25,19,1.32,0.37,27,100.0,0,0,0,0,0,44,100.0,34.19,779,0.0,0.0,0.0,0.0,0.0,0.0,0.0,0.0,10.74,19,2016.0,7,1527,1536,1536,1536,0,284,217,306,521,199,2,0,7,0,0,0,0,0,0,0,44,0.68
Course 3,50,37,1.35,0.67,116,100.0,0,0,0,0,0,56,100.0,37.49,1050,0.0,0.0,0.0,0.0,0.0,0.0,0.0,0.0,12.47,37,3237.0,8,2309,2422,2422,2422,279,237,295,449,716,333,76,37,0,0,0,0,0,0,0,0,56,0.831
Course 3,2,2,1.0,0.29,2,100.0,0,0,0,0,0,2,100.0,39.25,12,0.0,0.0,0.0,0.0,0.0,0.0,0.0,0.0,15.1,2,25.0,2,32,32,32,32,0,1,31,0,0,0,0,0,0,0,0,0,0,0,0,0,2,0.485
Course 3,36,30,1.2,0.81,70,100.0,0,0,0,0,0,63,100.0,45.06,888,0.0,0.0,0.0,0.0,0.0,0.0,0.0,0.0,15.25,30,1017.0,6,2094,2094,2094,2094,109,342,236,463,609,335,0,0,0,0,0,0,0,0,0,0,63,0.86
Course 3,58,34,1.71,0.85,62,100.0,0,0,0,0,0,73,100.0,43.65,1842,0.0,0.0,0.0,0.0,0.0,0.0,0.0,0.0,14.92,34,3803.0,7,3527,3675,3675,3675,126,490,330,990,911,680,148,0,0,0,0,0,0,0,0,0,72,0.891
Course 3,55,26,2.12,0.68,80,100.0,0,0,0,0,0,65,100.0,41.22,1032,0.0,0.0,0.0,0.0,0.0,0.0,0.0,0.0,14.61,25,3905.0,6,2317,2317,2317,2317,69,300,357,749,563,279,0,0,0,0,0,0,0,0,0,0,62,0.847
Course 3,62,39,1.59,0.6,59,100.0,0,0,0,0,0,77,100.0,44.63,1318,0.0,0.0,0.0,0.0,0.0,0.0,0.0,0.0,9.81,38,2385.0,9,2762,2764,2829,2829,159,522,273,684,655,469,1,1,0,65,0,0,0,0,0,0,76,0.735
Course 3,40,31,1.29,0.84,79,100.0,0,0,0,0,0,67,100.0,40.77,1082,0.0,0.0,0.0,0.0,0.0,0.0,0.0,0.0,14.37,31,1673.0,6,2446,2446,2446,2446,174,218,490,642,572,350,0,0,0,0,0,0,0,0,0,0,65,0.878
Course 3,33,24,1.38,0.77,47,100.0,0,0,0,0,0,56,100.0,36.32,807,0.0,0.0,0.0,0.0,0.0,0.0,0.0,0.0,11.84,24,2272.0,5,1872,1872,1872,1872,0,344,335,419,516,258,0,0,0,0,0,0,0,0,0,0,55,0.863
Course 3,32,21,1.52,0.72,34,100.0,0,0,0,0,0,47,100.0,37.91,911,0.0,0.0,0.0,0.0,0.0,0.0,0.0,0.0,15.08,21,2090.0,5,2085,2085,2085,2085,0,153,394,781,571,186,0,0,0,0,0,0,0,0,0,0,42,0.857
Course 3,34,30,1.13,0.38,65,100.0,0,0,0,0,0,66,100.0,32.65,1057,0.0,0.0,0.0,0.0,0.0,0.0,0.0,0.0,14.17,30,1848.0,9,2295,2302,2330,2330,4,315,241,834,547,354,3,4,0,0,0,28,0,0,0,0,66,0.628
Course 3,9,5,1.8,0.19,18,100.0,0,0,0,0,0,8,100.0,29.5,223,0.0,0.0,0.0,0.0,0.0,0.0,0.0,0.0,15.16,4,1234.0,3,486,486,486,486,0,36,0,0,311,139,0,0,0,0,0,0,0,0,0,0,8,0.54
Course 3,46,32,1.44,0.74,77,100.0,0,0,0,0,0,67,100.0,42.86,1137,0.0,0.0,0.0,0.0,0.0,0.0,0.0,0.0,12.66,32,1899.0,7,2546,2564,2564,2564,93,406,306,758,894,89,18,0,0,0,0,0,0,0,0,0,66,0.823
Course 3,68,38,1.79,0.57,87,100.0,0,0,0,0,0,55,100.0,30.97,886,0.0,0.0,0.0,0.0,0.0,0.0,0.0,0.0,9.5,39,4883.0,10,1846,1994,2026,2026,0,163,211,349,588,535,9,86,53,31,1,0,0,0,0,0,55,0.739
Course 3,55,27,2.04,0.63,85,100.0,0,0,0,0,0,55,100.0,38.17,788,0.0,0.0,0.0,0.0,0.0,0.0,0.0,0.0,10.56,27,3351.0,7,1739,1814,1814,1814,46,221,207,590,482,193,75,0,0,0,0,0,0,0,0,0,53,0.776
Course 3,6,4,1.5,0.19,11,100.0,0,0,0,0,0,16,100.0,42.29,165,0.0,0.0,0.0,0.0,0.0,0.0,0.0,0.0,13.28,4,454.0,2,402,402,402,402,0,301,0,0,101,0,0,0,0,0,0,0,0,0,0,0,16,0.539
Course 3,14,13,1.08,0.46,31,100.0,0,0,0,0,0,28,100.0,39.45,440,0.0,0.0,0.0,0.0,0.0,0.0,0.0,0.0,12.65,12,238.0,5,976,976,976,976,0,150,147,213,275,191,0,0,0,0,0,0,0,0,0,0,28,0.774
Course 3,86,68,1.26,0.83,103,100.0,0,0,0,0,0,126,100.0,27.65,1413,0.0,0.0,0.0,0.0,0.0,0.0,0.0,0.0,13.48,68,5825.0,13,2433,2880,3394,3396,87,197,225,642,708,574,223,43,181,122,205,187,2,0,0,0,121,0.845
Course 3,38,33,1.15,0.51,42,100.0,0,0,0,0,0,70,100.0,42.21,985,0.0,0.0,0.0,0.0,0.0,0.0,0.0,0.0,12.87,33,2078.0,8,2152,2155,2216,2216,120,265,449,457,350,511,0,3,0,61,0,0,0,0,0,0,68,0.694
Course 3,38,26,1.46,0.76,47,100.0,0,0,0,0,0,54,100.0,35.78,798,0.0,0.0,0.0,0.0,0.0,0.0,0.0,0.0,13.88,26,2722.0,6,1810,1810,1810,1810,24,203,235,554,535,259,0,0,0,0,0,0,0,0,0,0,53,0.835
Course 3,18,11,1.64,0.46,28,100.0,0,0,0,0,0,22,100.0,35.84,353,0.0,0.0,0.0,0.0,0.0,0.0,0.0,0.0,10.36,11,537.0,4,791,791,791,791,0,156,81,94,460,0,0,0,0,0,0,0,0,0,0,0,22,0.741
Course 3,15,12,1.25,0.27,39,100.0,0,0,0,0,0,17,100.0,20.13,212,0.0,0.0,0.0,0.0,0.0,0.0,0.0,0.0,6.23,11,285.0,5,501,501,501,501,31,49,114,5,302,0,0,0,0,0,0,0,0,0,0,0,17,0.665
Course 3,20,18,1.11,0.43,39,100.0,0,0,0,0,0,49,100.0,26.95,555,0.0,0.0,0.0,0.0,0.0,0.0,0.0,0.0,14.97,18,490.0,5,1215,1313,1313,1313,0,216,206,358,435,0,0,98,0,0,0,0,0,0,0,0,48,0.665
Course 3,38,30,1.27,0.42,42,100.0,0,0,0,0,0,62,100.0,15.74,885,0.0,0.0,0.0,0.0,0.0,0.0,0.0,0.0,16.23,29,1266.0,9,1890,1892,1981,1981,0,299,267,438,534,352,2,0,0,36,40,13,0,0,0,0,60,0.615
Course 3,50,32,1.56,0.82,4,100.0,0,0,0,0,0,58,100.0,36.76,849,0.0,0.0,0.0,0.0,0.0,0.0,0.0,0.0,13.53,29,3564.0,7,1844,1845,1845,1845,28,203,221,601,458,333,1,0,0,0,0,0,0,0,0,0,56,0.846
Course 3,31,20,1.55,0.71,68,100.0,0,0,0,0,0,50,100.0,37.74,821,0.0,0.0,0.0,0.0,0.0,0.0,0.0,0.0,15.13,19,1244.0,5,1800,1800,1800,1800,0,305,195,473,567,260,0,0,0,0,0,0,0,0,0,0,47,0.854
Course 3,27,24,1.13,0.73,32,100.0,0,0,0,0,0,59,100.0,41.57,902,0.0,0.0,0.0,0.0,0.0,0.0,0.0,0.0,12.86,24,1354.0,6,1966,1966,1966,1966,41,457,311,773,297,87,0,0,0,0,0,0,0,0,0,0,58,0.848
Course 3,74,68,1.09,0.82,76,100.0,0,0,0,0,0,131,100.0,31.52,1593,0.0,0.0,0.0,0.0,0.0,0.0,0.0,0.0,11.18,68,2464.0,13,2815,3148,3879,3880,156,275,294,882,683,525,97,159,77,238,266,227,1,0,0,0,122,0.844
Course 3,31,19,1.63,0.79,34,100.0,0,0,0,0,0,41,100.0,33.43,612,0.0,0.0,0.0,0.0,0.0,0.0,0.0,0.0,13.54,19,2057.0,4,1266,1266,1266,1266,0,91,188,517,470,0,0,0,0,0,0,0,0,0,0,0,38,0.851
Course 3,49,36,1.36,0.46,73,100.0,0,0,0,0,0,69,100.0,33.31,1060,0.0,0.0,0.0,0.0,0.0,0.0,0.0,0.0,14.69,36,2426.0,9,2301,2301,2465,2465,204,269,245,738,569,276,0,0,0,89,38,37,0,0,0,0,69,0.635
Course 3,98,68,1.44,0.84,127,100.0,0,0,0,0,0,109,100.0,19.65,1353,0.0,0.0,0.0,0.0,0.0,0.0,0.0,0.0,12.74,68,9439.0,13,2714,3042,3538,3540,55,229,279,765,793,593,100,155,73,143,182,171,2,0,0,0,108,0.844
Course 3,17,15,1.13,0.45,43,100.0,0,0,0,0,0,23,100.0,35.75,411,0.0,0.0,0.0,0.0,0.0,0.0,0.0,0.0,15.34,15,244.0,6,933,951,951,951,0,109,114,225,304,181,18,0,0,0,0,0,0,0,0,0,23,0.734
Course 3,13,9,1.44,0.9,34,100.0,0,0,0,0,0,20,100.0,21.52,234,0.0,0.0,0.0,0.0,0.0,0.0,0.0,0.0,14.93,9,86.0,3,526,526,526,526,0,85,261,180,0,0,0,0,0,0,0,0,0,0,0,0,20,0.874
Course 3,3,2,1.5,1.0,4,100.0,0,0,0,0,0,4,100.0,17.25,101,0.0,0.0,0.0,0.0,0.0,0.0,0.0,0.0,9.32,2,106.0,1,217,217,217,217,0,0,0,0,217,0,0,0,0,0,0,0,0,0,0,0,3,0.936
Course 3,34,27,1.26,0.41,88,100.0,0,0,0,0,0,58,100.0,28.09,813,0.0,0.0,0.0,0.0,0.0,0.0,0.0,0.0,14.54,27,2522.0,9,1949,1951,1988,1988,77,312,336,478,386,360,0,2,0,32,5,0,0,0,0,0,58,0.674
Course 3,15,10,1.5,0.26,32,100.0,0,0,0,0,0,11,100.0,22.82,384,0.0,0.0,0.0,0.0,0.0,0.0,0.0,0.0,14.86,10,1499.0,6,838,838,838,838,26,21,51,584,154,2,0,0,0,0,0,0,0,0,0,0,11,0.649
Course 3,37,20,1.85,0.53,92,100.0,0,0,0,0,0,44,100.0,33.53,726,0.0,0.0,0.0,0.0,0.0,0.0,0.0,0.0,11.91,20,2730.0,6,1696,1696,1696,1696,119,361,152,256,546,262,0,0,0,0,0,0,0,0,0,0,44,0.809
Course 3,26,19,1.37,0.51,70,100.0,0,0,0,0,0,38,100.0,27.44,526,0.0,0.0,0.0,0.0,0.0,0.0,0.0,0.0,12.51,19,1810.0,5,1258,1258,1258,1258,45,0,246,236,638,93,0,0,0,0,0,0,0,0,0,0,36,0.729
Course 3,8,7,1.14,0.29,11,100.0,0,0,0,0,0,9,100.0,35.78,205,0.0,0.0,0.0,0.0,0.0,0.0,0.0,0.0,9.28,7,171.0,3,472,472,472,472,0,47,28,0,397,0,0,0,0,0,0,0,0,0,0,0,9,0.614
Course 3,11,8,1.38,0.28,13,100.0,0,0,0,0,0,26,100.0,32.59,517,0.0,0.0,0.0,0.0,0.0,0.0,0.0,0.0,13.95,8,1083.0,4,1161,1161,1161,1161,0,325,0,198,548,90,0,0,0,0,0,0,0,0,0,0,25,0.676
Course 3,1,1,1.0,1.0,2,0.0,0,0,0,0,0,0,0.0,0.0,0,0.0,0.0,0.0,0.0,0.0,0.0,0.0,0.0,8.17,1,0.0,1,2,2,2,2,0,2,0,0,0,0,0,0,0,0,0,0,0,0,0,0,0,1.0
Course 3,1,1,1.0,1.0,1,0.0,0,0,0,0,0,0,0.0,0.0,0,0.0,0.0,0.0,0.0,0.0,0.0,0.0,0.0,10.18,1,0.0,1,1,1,1,1,0,1,0,0,0,0,0,0,0,0,0,0,0,0,0,0,0,0.0
Course 3,41,25,1.64,0.76,64,100.0,0,0,0,0,0,62,100.0,39.03,1180,0.0,0.0,0.0,0.0,0.0,0.0,0.0,0.0,14.64,25,4255.0,6,2453,2453,2453,2453,48,397,183,764,796,265,0,0,0,0,0,0,0,0,0,0,60,0.871
Course 3,8,7,1.14,0.26,18,100.0,0,0,0,0,0,13,100.0,31.68,214,0.0,0.0,0.0,0.0,0.0,0.0,0.0,0.0,12.86,7,89.0,5,465,465,465,465,0,3,87,9,273,93,0,0,0,0,0,0,0,0,0,0,13,0.64
Course 3,11,9,1.22,0.35,29,100.0,0,0,0,0,0,18,100.0,16.33,258,0.0,0.0,0.0,0.0,0.0,0.0,0.0,0.0,12.93,9,180.0,4,602,602,602,602,0,149,140,0,225,88,0,0,0,0,0,0,0,0,0,0,18,0.653
Course 3,16,14,1.14,0.44,18,100.0,0,0,0,0,0,35,100.0,32.13,333,0.0,0.0,0.0,0.0,0.0,0.0,0.0,0.0,14.18,10,689.0,4,748,748,748,748,0,381,259,99,9,0,0,0,0,0,0,0,0,0,0,0,33,0.73
Course 3,53,34,1.56,0.83,74,100.0,0,0,0,0,0,68,100.0,37.34,1360,0.0,0.0,0.0,0.0,0.0,0.0,0.0,0.0,13.99,34,1871.0,7,2648,2751,2751,2751,51,239,272,858,735,493,103,0,0,0,0,0,0,0,0,0,68,0.87
Course 3,20,15,1.33,0.45,79,100.0,0,0,0,0,0,39,100.0,40.65,494,0.0,0.0,0.0,0.0,0.0,0.0,0.0,0.0,8.36,15,1981.0,5,1100,1100,1100,1100,55,352,146,0,439,108,0,0,0,0,0,0,0,0,0,0,37,0.728
Course 3,27,14,1.93,0.5,72,100.0,0,0,0,0,0,43,100.0,39.46,588,0.0,0.0,0.0,0.0,0.0,0.0,0.0,0.0,11.27,14,2764.0,5,1410,1410,1410,1410,0,365,456,94,490,5,0,0,0,0,0,0,0,0,0,0,43,0.796
Course 3,58,43,1.35,0.61,80,100.0,0,0,0,0,0,78,100.0,34.86,1200,0.0,0.0,0.0,0.0,0.0,0.0,0.0,0.0,13.87,43,3710.0,10,2380,2427,2598,2598,176,344,386,536,561,377,5,42,0,61,110,0,0,0,0,0,77,0.732
Course 3,9,7,1.29,0.37,33,100.0,0,0,0,0,0,19,100.0,5.32,169,0.0,0.0,0.0,0.0,0.0,0.0,0.0,0.0,9.53,7,738.0,3,361,361,361,361,0,51,226,0,84,0,0,0,0,0,0,0,0,0,0,0,16,0.639
Course 3,7,7,1.0,0.7,29,100.0,0,0,0,0,0,18,100.0,33.53,121,0.0,0.0,0.0,0.0,0.0,0.0,0.0,0.0,15.39,7,105.0,2,332,332,332,332,0,154,178,0,0,0,0,0,0,0,0,0,0,0,0,0,18,0.826
Course 3,1,1,1.0,1.0,4,0.0,0,0,0,0,0,0,0.0,0.0,1,0.0,0.0,0.0,0.0,0.0,0.0,0.0,0.0,5.8,1,1.0,1,5,5,5,5,0,5,0,0,0,0,0,0,0,0,0,0,0,0,0,0,0,1.0
Course 3,8,6,1.33,0.55,37,100.0,0,0,0,0,0,20,100.0,40.65,179,0.0,0.0,0.0,0.0,0.0,0.0,0.0,0.0,15.01,6,214.0,3,464,464,464,464,102,134,228,0,0,0,0,0,0,0,0,0,0,0,0,0,20,0.792
Course 3,5,5,1.0,0.16,3,100.0,0,0,0,0,0,13,100.0,45.85,170,0.0,0.0,0.0,0.0,0.0,0.0,0.0,0.0,13.07,5,127.0,4,352,352,352,352,49,148,107,0,48,0,0,0,0,0,0,0,0,0,0,0,13,0.507
Course 3,154,76,2.03,0.95,166,100.0,0,0,0,0,0,128,100.0,34.24,2210,0.0,0.0,0.0,0.0,0.0,0.0,0.0,0.0,13.3,76,21318.0,13,3194,3816,4673,4679,4,760,521,960,558,391,220,172,230,339,293,225,6,0,0,0,128,0.881
Course 3,17,15,1.13,0.43,29,100.0,0,0,0,0,0,21,100.0,30.48,328,0.0,0.0,0.0,0.0,0.0,0.0,0.0,0.0,16.43,15,1191.0,6,795,795,795,795,117,42,247,114,270,5,0,0,0,0,0,0,0,0,0,0,20,0.707
Course 3,44,34,1.29,0.47,43,100.0,0,0,0,0,0,47,100.0,14.26,750,0.0,0.0,0.0,0.0,0.0,0.0,0.0,0.0,13.72,34,2107.0,11,1438,1524,1680,1680,113,92,114,236,712,171,41,3,42,1,155,0,0,0,0,0,45,0.71
Course 3,1,1,1.0,1.0,1,0.0,0,0,0,0,0,0,0.0,0.0,0,0.0,0.0,0.0,0.0,0.0,0.0,0.0,0.0,5.57,1,0.0,1,1,1,1,1,0,1,0,0,0,0,0,0,0,0,0,0,0,0,0,0,0,0.0
Course 3,10,9,1.11,0.28,13,100.0,0,0,0,0,0,10,100.0,30.05,158,0.0,0.0,0.0,0.0,0.0,0.0,0.0,0.0,13.23,9,674.0,6,395,395,395,395,11,85,83,60,107,49,0,0,0,0,0,0,0,0,0,0,10,0.606
Course 3,20,14,1.43,0.45,31,100.0,0,0,0,0,0,22,100.0,27.05,491,0.0,0.0,0.0,0.0,0.0,0.0,0.0,0.0,15.74,14,865.0,6,1117,1117,1117,1117,4,403,307,115,215,73,0,0,0,0,0,0,0,0,0,0,20,0.769
Course 3,2,1,2.0,1.0,3,0.0,0,0,0,0,0,0,0.0,0.0,2,0.0,0.0,0.0,0.0,0.0,0.0,0.0,0.0,14.37,1,114.0,1,5,5,5,5,5,0,0,0,0,0,0,0,0,0,0,0,0,0,0,0,0,1.0
Course 3,9,7,1.29,0.11,24,100.0,0,0,0,0,0,11,100.0,48.5,160,0.0,0.0,0.0,0.0,0.0,0.0,0.0,0.0,14.54,7,434.0,5,423,423,426,426,38,123,153,0,109,0,0,0,0,3,0,0,0,0,0,0,11,0.342
Course 3,26,20,1.3,0.67,26,100.0,0,0,0,0,0,43,100.0,44.57,543,0.0,0.0,0.0,0.0,0.0,0.0,0.0,0.0,14.63,20,1397.0,5,1415,1415,1415,1415,121,514,347,265,168,0,0,0,0,0,0,0,0,0,0,0,43,0.818
Course 3,30,15,2.0,0.65,72,100.0,0,0,0,0,0,52,100.0,38.29,787,0.0,0.0,0.0,0.0,0.0,0.0,0.0,0.0,13.72,15,2350.0,4,1945,1945,1945,1945,0,267,606,950,122,0,0,0,0,0,0,0,0,0,0,0,47,0.872
Course 3,117,53,2.21,0.77,127,100.0,0,0,0,0,0,96,100.0,39.21,2000,0.0,0.0,0.0,0.0,0.0,0.0,0.0,0.0,14.47,53,11183.0,10,3866,4396,4401,4401,191,231,424,1151,1072,797,177,63,290,0,5,0,0,0,0,0,92,0.828
Course 3,1,1,1.0,1.0,1,0.0,0,0,0,0,0,0,0.0,0.0,1,0.0,0.0,0.0,0.0,0.0,0.0,0.0,0.0,4.02,1,2.0,1,2,2,2,2,0,0,2,0,0,0,0,0,0,0,0,0,0,0,0,0,0,1.0
Course 3,42,24,1.75,0.65,35,100.0,0,0,0,0,0,59,100.0,49.46,868,0.0,0.0,0.0,0.0,0.0,0.0,0.0,0.0,15.09,23,2096.0,6,2027,2027,2027,2027,108,296,837,370,316,100,0,0,0,0,0,0,0,0,0,0,48,0.83
Course 3,70,49,1.43,0.7,122,100.0,0,0,0,0,0,76,100.0,42.24,1711,0.0,0.0,0.0,0.0,0.0,0.0,0.0,0.0,15.81,49,6125.0,11,4024,4126,4137,4137,364,437,497,1303,867,556,43,6,53,7,4,0,0,0,0,0,72,0.837
Course 3,50,26,1.92,0.44,67,100.0,0,0,0,0,0,65,100.0,40.34,1018,0.0,0.0,0.0,0.0,0.0,0.0,0.0,0.0,13.58,26,1537.0,7,2308,2380,2380,2380,64,365,239,701,520,419,0,0,72,0,0,0,0,0,0,0,62,0.696
Course 3,24,22,1.09,0.92,35,100.0,0,0,0,0,0,46,100.0,44.73,656,0.0,0.0,0.0,0.0,0.0,0.0,0.0,0.0,14.93,22,1507.0,4,1581,1581,1581,1581,269,281,440,591,0,0,0,0,0,0,0,0,0,0,0,0,45,0.885
Course 3,14,9,1.56,0.6,25,100.0,0,0,0,0,0,20,100.0,30.93,187,0.0,0.0,0.0,0.0,0.0,0.0,0.0,0.0,13.21,9,1706.0,3,466,466,466,466,0,286,165,15,0,0,0,0,0,0,0,0,0,0,0,0,19,0.788
Course 3,17,11,1.55,0.41,19,100.0,0,0,0,0,0,31,100.0,41.42,343,0.0,0.0,0.0,0.0,0.0,0.0,0.0,0.0,11.88,11,1798.0,3,799,799,799,799,0,460,262,0,77,0,0,0,0,0,0,0,0,0,0,0,30,0.633
Course 3,35,26,1.35,0.72,37,100.0,0,0,0,0,0,51,100.0,42.14,1104,0.0,0.0,0.0,0.0,0.0,0.0,0.0,0.0,15.28,26,3034.0,6,2518,2518,2518,2518,256,338,917,605,286,116,0,0,0,0,0,0,0,0,0,0,51,0.86
Course 3,3,3,1.0,0.38,8,100.0,0,0,0,0,0,6,100.0,38.58,48,0.0,0.0,0.0,0.0,0.0,0.0,0.0,0.0,16.57,3,55.0,2,127,127,127,127,0,26,101,0,0,0,0,0,0,0,0,0,0,0,0,0,6,0.65
Course 3,51,30,1.7,0.43,106,100.0,0,0,0,0,0,70,100.0,40.48,1355,0.0,0.0,0.0,0.0,0.0,0.0,0.0,0.0,14.6,30,3191.0,8,3143,3144,3145,3145,135,370,621,1060,763,194,1,0,0,0,1,0,0,0,0,0,64,0.656
Course 3,34,29,1.17,0.91,19,100.0,0,0,0,0,0,55,100.0,45.08,1138,0.0,0.0,0.0,0.0,0.0,0.0,0.0,0.0,11.68,29,1110.0,5,2601,2601,2601,2601,270,300,429,1299,303,0,0,0,0,0,0,0,0,0,0,0,54,0.894
Course 3,10,7,1.43,0.28,40,100.0,0,0,0,0,0,24,100.0,42.54,233,0.0,0.0,0.0,0.0,0.0,0.0,0.0,0.0,7.31,6,260.0,2,581,581,581,581,0,511,70,0,0,0,0,0,0,0,0,0,0,0,0,0,22,0.895
Course 3,1,1,1.0,1.0,2,0.0,0,0,0,0,0,0,0.0,0.0,0,0.0,0.0,0.0,0.0,0.0,0.0,0.0,0.0,5.68,1,0.0,1,5,5,5,5,0,5,0,0,0,0,0,0,0,0,0,0,0,0,0,0,0,1.0
Course 3,45,32,1.41,0.82,53,100.0,0,0,0,0,0,51,100.0,40.54,964,0.0,0.0,0.0,0.0,0.0,0.0,0.0,0.0,15.31,32,2476.0,7,2236,2239,2239,2239,178,226,371,617,449,395,3,0,0,0,0,0,0,0,0,0,51,0.862
Course 3,32,26,1.23,0.7,11,100.0,0,0,0,0,0,52,100.0,42.04,1032,0.0,0.0,0.0,0.0,0.0,0.0,0.0,0.0,14.0,26,1679.0,6,2356,2356,2356,2356,192,301,312,717,522,312,0,0,0,0,0,0,0,0,0,0,50,0.853
Course 3,9,7,1.29,0.54,23,100.0,0,0,0,0,0,28,100.0,40.36,246,0.0,0.0,0.0,0.0,0.0,0.0,0.0,0.0,12.02,7,981.0,3,634,634,634,634,0,330,290,14,0,0,0,0,0,0,0,0,0,0,0,0,27,0.808
Course 3,4,4,1.0,0.15,3,100.0,0,0,0,0,0,7,100.0,33.21,108,0.0,0.0,0.0,0.0,0.0,0.0,0.0,0.0,14.63,4,145.0,2,245,245,245,245,0,69,0,0,176,0,0,0,0,0,0,0,0,0,0,0,6,0.415
Course 3,3,3,1.0,0.3,4,100.0,0,0,0,0,0,2,100.0,0.0,11,0.0,0.0,0.0,0.0,0.0,0.0,0.0,0.0,14.59,3,6.0,2,24,24,24,24,0,1,23,0,0,0,0,0,0,0,0,0,0,0,0,0,2,0.405
Course 3,17,15,1.13,0.22,46,100.0,0,0,0,0,0,29,100.0,41.57,268,0.0,0.0,0.0,0.0,0.0,0.0,0.0,0.0,13.24,14,873.0,6,697,697,700,700,90,213,272,0,3,119,0,0,0,0,3,0,0,0,0,0,29,0.416
Course 3,34,34,1.0,0.92,63,100.0,0,0,0,0,0,63,100.0,41.14,1053,0.0,0.0,0.0,0.0,0.0,0.0,0.0,0.0,12.88,34,715.0,6,2551,2551,2551,2551,250,250,304,697,657,393,0,0,0,0,0,0,0,0,0,0,63,0.884
Course 3,63,40,1.58,0.58,60,100.0,0,0,0,0,0,73,100.0,41.09,1327,0.0,0.0,0.0,0.0,0.0,0.0,0.0,0.0,12.47,39,3064.0,9,3285,3292,3338,3338,235,550,506,905,707,382,3,4,0,0,46,0,0,0,0,0,70,0.716
Course 3,27,21,1.29,0.66,98,100.0,0,0,0,0,0,30,100.0,38.32,303,0.0,0.0,0.0,0.0,0.0,0.0,0.0,0.0,14.98,21,1811.0,5,703,703,703,703,197,214,169,14,109,0,0,0,0,0,0,0,0,0,0,0,29,0.771
Course 3,16,12,1.33,0.33,47,100.0,0,0,0,0,0,28,100.0,39.78,401,0.0,0.0,0.0,0.0,0.0,0.0,0.0,0.0,15.62,12,898.0,6,960,960,960,960,142,197,130,271,215,5,0,0,0,0,0,0,0,0,0,0,26,0.708
Course 3,11,10,1.1,0.32,18,100.0,0,0,0,0,0,22,100.0,25.27,404,0.0,0.0,0.0,0.0,0.0,0.0,0.0,0.0,14.72,10,746.0,5,920,920,920,920,0,55,156,271,372,66,0,0,0,0,0,0,0,0,0,0,19,0.723
Course 3,53,38,1.39,0.66,53,100.0,0,0,0,0,0,65,100.0,41.94,1205,0.0,0.0,0.0,0.0,0.0,0.0,0.0,0.0,13.08,38,2236.0,8,2943,2979,2979,2979,272,392,422,898,629,330,0,5,31,0,0,0,0,0,0,0,64,0.788
Course 3,24,19,1.26,0.66,22,100.0,0,0,0,0,0,33,100.0,37.89,504,0.0,0.0,0.0,0.0,0.0,0.0,0.0,0.0,16.43,19,986.0,5,1161,1161,1161,1161,136,247,210,223,345,0,0,0,0,0,0,0,0,0,0,0,31,0.816
Course 3,35,28,1.25,0.7,55,100.0,0,0,0,0,0,41,100.0,27.33,675,0.0,0.0,0.0,0.0,0.0,0.0,0.0,0.0,16.77,28,1499.0,6,1659,1659,1659,1659,94,194,287,461,472,151,0,0,0,0,0,0,0,0,0,0,39,0.82
Course 3,10,7,1.43,0.44,8,100.0,0,0,0,0,0,11,100.0,31.14,187,0.0,0.0,0.0,0.0,0.0,0.0,0.0,0.0,13.45,6,442.0,2,459,459,459,459,0,0,250,209,0,0,0,0,0,0,0,0,0,0,0,0,11,0.794
Course 3,27,24,1.13,0.75,23,100.0,0,0,0,0,0,41,100.0,41.47,639,0.0,0.0,0.0,0.0,0.0,0.0,0.0,0.0,14.8,24,653.0,5,1431,1431,1431,1431,167,282,303,329,350,0,0,0,0,0,0,0,0,0,0,0,39,0.845
Course 3,5,5,1.0,0.26,8,100.0,0,0,0,0,0,9,100.0,37.0,196,0.0,0.0,0.0,0.0,0.0,0.0,0.0,0.0,15.18,5,220.0,2,471,471,471,471,0,0,60,0,411,0,0,0,0,0,0,0,0,0,0,0,9,0.59
Course 3,11,7,1.57,0.41,27,100.0,0,0,0,0,0,14,100.0,43.21,171,0.0,0.0,0.0,0.0,0.0,0.0,0.0,0.0,7.36,7,769.0,3,451,451,451,451,0,278,65,108,0,0,0,0,0,0,0,0,0,0,0,0,14,0.744
Course 3,4,4,1.0,0.11,2,100.0,0,0,0,0,0,4,100.0,42.42,85,0.0,0.0,0.0,0.0,0.0,0.0,0.0,0.0,16.05,2,78.0,1,210,210,210,210,0,0,0,0,0,210,0,0,0,0,0,0,0,0,0,0,4,0.935
Course 3,26,23,1.13,0.68,39,100.0,0,0,0,0,0,55,100.0,41.75,1234,0.0,0.0,0.0,0.0,0.0,0.0,0.0,0.0,14.88,23,1782.0,6,2748,2748,2748,2748,205,268,594,1046,475,160,0,0,0,0,0,0,0,0,0,0,52,0.864
Course 3,32,21,1.52,0.95,52,100.0,0,0,0,0,0,52,100.0,45.59,806,0.0,0.0,0.0,0.0,0.0,0.0,0.0,0.0,12.93,21,1255.0,4,1826,1826,1826,1826,0,427,319,796,284,0,0,0,0,0,0,0,0,0,0,0,52,0.9
Course 3,1,1,1.0,1.0,1,0.0,0,0,0,0,0,0,0.0,0.0,0,0.0,0.0,0.0,0.0,0.0,0.0,0.0,0.0,6.73,1,0.0,1,1,1,1,1,0,1,0,0,0,0,0,0,0,0,0,0,0,0,0,0,0,0.0
Course 3,86,42,2.05,0.59,74,100.0,0,0,0,0,0,84,100.0,38.32,1711,0.0,0.0,0.0,0.0,0.0,0.0,0.0,0.0,12.77,42,3318.0,10,3498,3571,3638,3638,118,831,521,863,671,494,25,48,0,5,62,0,0,0,0,0,81,0.75
Course 3,63,35,1.8,0.49,73,100.0,0,0,0,0,0,74,100.0,36.58,1450,0.0,0.0,0.0,0.0,0.0,0.0,0.0,0.0,13.36,35,2186.0,9,3281,3422,3437,3437,49,468,550,981,845,388,85,56,0,0,15,0,0,0,0,0,69,0.696
Course 3,67,47,1.43,0.59,128,100.0,0,0,0,0,0,93,100.0,37.73,1447,0.0,0.0,0.0,0.0,0.0,0.0,0.0,0.0,13.92,47,3589.0,10,3482,3620,3697,3697,385,414,438,1008,693,544,0,42,96,0,43,34,0,0,0,0,85,0.759
Course 3,57,39,1.46,0.53,70,100.0,0,0,0,0,0,83,100.0,38.78,1219,0.0,0.0,0.0,0.0,0.0,0.0,0.0,0.0,15.51,39,4761.0,11,2640,2892,3004,3004,82,458,372,808,535,385,7,142,103,111,0,1,0,0,0,0,81,0.745
Course 3,14,9,1.56,0.38,19,100.0,0,0,0,0,0,16,100.0,20.6,238,0.0,0.0,0.0,0.0,0.0,0.0,0.0,0.0,13.07,8,1364.0,4,593,593,593,593,0,23,233,72,265,0,0,0,0,0,0,0,0,0,0,0,14,0.706
Course 3,14,12,1.17,0.48,19,100.0,0,0,0,0,0,19,100.0,30.98,308,0.0,0.0,0.0,0.0,0.0,0.0,0.0,0.0,12.72,12,610.0,4,705,705,705,705,0,44,143,256,262,0,0,0,0,0,0,0,0,0,0,0,18,0.754
Course 3,123,57,2.16,0.7,242,100.0,0,0,0,0,0,99,100.0,39.08,1652,0.0,0.0,0.0,0.0,0.0,0.0,0.0,0.0,12.76,56,7543.0,13,3533,3868,4004,4005,166,688,509,936,706,528,98,129,108,40,92,4,1,0,0,0,96,0.818
Course 3,11,11,1.0,0.55,14,100.0,0,0,0,0,0,17,100.0,41.18,309,0.0,0.0,0.0,0.0,0.0,0.0,0.0,0.0,13.07,10,336.0,4,713,713,713,713,0,385,183,142,3,0,0,0,0,0,0,0,0,0,0,0,17,0.761
Course 3,46,28,1.64,0.97,47,100.0,0,0,0,0,0,59,100.0,43.84,838,0.0,0.0,0.0,0.0,0.0,0.0,0.0,0.0,12.69,28,3697.0,5,2000,2000,2000,2000,132,374,282,841,371,0,0,0,0,0,0,0,0,0,0,0,59,0.892
Course 3,34,27,1.26,0.79,36,100.0,0,0,0,0,0,56,100.0,43.28,975,0.0,0.0,0.0,0.0,0.0,0.0,0.0,0.0,13.91,27,1357.0,6,2231,2231,2231,2231,183,336,397,633,597,85,0,0,0,0,0,0,0,0,0,0,55,0.865
Course 3,10,9,1.11,0.45,17,100.0,0,0,0,0,0,31,100.0,42.15,330,0.0,0.0,0.0,0.0,0.0,0.0,0.0,0.0,8.04,9,884.0,3,765,765,765,765,0,436,328,0,1,0,0,0,0,0,0,0,0,0,0,0,31,0.708
Course 3,22,17,1.29,0.77,30,100.0,0,0,0,0,0,47,100.0,38.89,651,0.0,0.0,0.0,0.0,0.0,0.0,0.0,0.0,13.25,17,2959.0,4,1518,1518,1518,1518,0,419,251,752,96,0,0,0,0,0,0,0,0,0,0,0,46,0.869
Course 3,10,8,1.25,0.24,19,100.0,0,0,0,0,0,14,100.0,23.64,199,0.0,0.0,0.0,0.0,0.0,0.0,0.0,0.0,13.85,8,274.0,5,451,451,451,451,31,45,184,0,117,74,0,0,0,0,0,0,0,0,0,0,14,0.559
Course 3,9,5,1.8,0.29,7,100.0,0,0,0,0,0,6,100.0,50.33,89,0.0,0.0,0.0,0.0,0.0,0.0,0.0,0.0,14.18,4,282.0,3,229,229,229,229,0,0,0,148,53,28,0,0,0,0,0,0,0,0,0,0,5,0.604
Course 3,34,23,1.48,0.41,36,100.0,0,0,0,0,0,31,100.0,43.01,520,0.0,0.0,0.0,0.0,0.0,0.0,0.0,0.0,15.31,21,1618.0,8,1262,1269,1269,1269,357,181,242,287,16,179,0,6,1,0,0,0,0,0,0,0,30,0.652
Course 3,13,8,1.63,0.1,13,100.0,0,0,0,0,0,13,100.0,11.31,153,0.0,0.0,0.0,0.0,0.0,0.0,0.0,0.0,14.92,8,508.0,5,305,367,386,386,86,195,0,0,24,0,0,0,62,0,0,19,0,0,0,0,11,0.342
Course 3,6,5,1.2,0.5,9,100.0,0,0,0,0,0,11,100.0,42.77,110,0.0,0.0,0.0,0.0,0.0,0.0,0.0,0.0,15.13,5,292.0,2,292,292,292,292,0,132,160,0,0,0,0,0,0,0,0,0,0,0,0,0,10,0.755
Course 3,4,3,1.33,0.11,3,100.0,0,0,0,0,0,4,100.0,29.13,33,0.0,0.0,0.0,0.0,0.0,0.0,0.0,0.0,13.43,3,667.0,3,70,70,70,70,9,59,0,0,2,0,0,0,0,0,0,0,0,0,0,0,3,0.287
Course 3,45,29,1.55,0.38,45,100.0,0,0,0,0,0,60,100.0,44.69,1111,0.0,0.0,0.0,0.0,0.0,0.0,0.0,0.0,14.27,29,5330.0,7,2918,2919,2922,2922,212,628,485,904,689,0,0,1,0,0,0,3,0,0,0,0,57,0.619
Course 3,14,7,2.0,0.88,91,100.0,0,0,0,0,0,25,100.0,41.56,328,0.0,0.0,0.0,0.0,0.0,0.0,0.0,0.0,12.47,7,1763.0,2,793,793,793,793,0,641,152,0,0,0,0,0,0,0,0,0,0,0,0,0,25,0.904
Course 3,30,28,1.07,0.47,26,100.0,0,0,0,0,0,50,100.0,28.72,824,0.0,0.0,0.0,0.0,0.0,0.0,0.0,0.0,15.35,28,1004.0,7,1858,1911,1911,1911,291,207,514,335,391,120,0,0,53,0,0,0,0,0,0,0,49,0.661
Course 3,20,16,1.25,0.5,35,100.0,0,0,0,0,0,27,100.0,29.54,326,0.0,0.0,0.0,0.0,0.0,0.0,0.0,0.0,15.33,16,563.0,5,846,846,846,846,0,140,180,88,368,70,0,0,0,0,0,0,0,0,0,0,26,0.733
Course 3,20,17,1.18,0.63,25,100.0,0,0,0,0,0,27,100.0,34.85,235,0.0,0.0,0.0,0.0,0.0,0.0,0.0,0.0,15.05,17,273.0,4,586,586,586,586,106,242,235,0,3,0,0,0,0,0,0,0,0,0,0,0,26,0.722
Course 3,11,8,1.38,0.31,12,100.0,0,0,0,0,0,9,100.0,4.33,75,0.0,0.0,0.0,0.0,0.0,0.0,0.0,0.0,16.39,7,127.0,3,154,154,154,154,64,41,49,0,0,0,0,0,0,0,0,0,0,0,0,0,8,0.63
Course 3,69,51,1.35,0.75,72,100.0,0,0,0,0,0,92,100.0,36.59,1639,0.0,0.0,0.0,0.0,0.0,0.0,0.0,0.0,14.76,52,6697.0,10,3685,3851,4028,4028,462,345,577,940,746,615,145,11,10,177,0,0,0,0,0,0,87,0.836
Course 3,23,19,1.21,0.29,22,100.0,0,0,0,0,0,36,100.0,32.7,584,0.0,0.0,0.0,0.0,0.0,0.0,0.0,0.0,12.71,18,1147.0,8,1352,1457,1476,1476,61,138,319,295,439,100,0,0,105,19,0,0,0,0,0,0,35,0.593
Course 3,39,31,1.26,0.39,59,100.0,0,0,0,0,0,51,100.0,26.5,648,0.0,0.0,0.0,0.0,0.0,0.0,0.0,0.0,12.27,28,3565.0,11,1426,1522,1620,1620,170,310,128,335,390,93,0,24,72,55,38,5,0,0,0,0,50,0.671
Course 3,45,40,1.13,0.53,47,100.0,0,0,0,0,0,81,100.0,37.36,1162,0.0,0.0,0.0,0.0,0.0,0.0,0.0,0.0,13.9,40,2911.0,12,2596,2732,2844,2844,165,393,422,636,597,383,33,56,47,17,36,59,0,0,0,0,78,0.751
Course 3,21,19,1.11,0.28,21,100.0,0,0,0,0,0,30,100.0,38.1,314,0.0,0.0,0.0,0.0,0.0,0.0,0.0,0.0,14.59,19,717.0,6,782,782,783,783,167,247,252,91,25,0,0,0,0,1,0,0,0,0,0,0,30,0.43
Course 3,30,29,1.03,0.49,35,100.0,0,0,0,0,0,52,100.0,37.55,983,0.0,0.0,0.0,0.0,0.0,0.0,0.0,0.0,13.66,28,702.0,8,2119,2225,2225,2225,64,181,283,623,558,410,77,0,29,0,0,0,0,0,0,0,51,0.705
Course 3,34,28,1.21,0.33,41,100.0,0,0,0,0,0,40,100.0,26.07,511,0.0,0.0,0.0,0.0,0.0,0.0,0.0,0.0,14.8,26,1663.0,9,1282,1311,1314,1317,188,257,334,57,271,175,0,0,29,0,3,0,3,0,0,0,36,0.556
Course 3,31,25,1.24,0.4,4,100.0,0,0,0,0,0,49,100.0,36.04,657,0.0,0.0,0.0,0.0,0.0,0.0,0.0,0.0,14.18,25,1376.0,8,1520,1559,1581,1581,44,190,297,164,482,343,0,0,39,22,0,0,0,0,0,0,49,0.63
Course 3,56,35,1.6,0.58,50,100.0,0,0,0,0,0,52,100.0,39.79,718,0.0,0.0,0.0,0.0,0.0,0.0,0.0,0.0,14.45,33,2553.0,9,1768,1819,1819,1819,40,354,305,514,391,164,29,12,10,0,0,0,0,0,0,0,48,0.741
Course 3,28,24,1.17,0.71,34,100.0,0,0,0,0,0,45,100.0,32.17,596,0.0,0.0,0.0,0.0,0.0,0.0,0.0,0.0,12.71,24,1914.0,5,1674,1674,1674,1674,345,336,621,88,284,0,0,0,0,0,0,0,0,0,0,0,36,0.838
Course 3,17,16,1.06,0.44,18,100.0,0,0,0,0,0,20,100.0,41.98,265,0.0,0.0,0.0,0.0,0.0,0.0,0.0,0.0,15.18,15,519.0,6,712,712,712,712,54,229,198,75,143,13,0,0,0,0,0,0,0,0,0,0,20,0.692
Course 3,35,25,1.4,0.44,77,100.0,0,0,0,0,0,56,100.0,43.82,898,0.0,0.0,0.0,0.0,0.0,0.0,0.0,0.0,16.81,24,3222.0,7,2206,2208,2208,2208,4,488,461,490,711,52,0,0,2,0,0,0,0,0,0,0,56,0.665
Course 3,10,8,1.25,0.67,16,100.0,0,0,0,0,0,11,100.0,42.68,113,0.0,0.0,0.0,0.0,0.0,0.0,0.0,0.0,14.85,8,282.0,2,289,289,289,289,0,148,141,0,0,0,0,0,0,0,0,0,0,0,0,0,10,0.789
Course 3,65,51,1.27,0.67,75,100.0,0,0,0,0,0,91,100.0,39.32,1878,0.0,0.0,0.0,0.0,0.0,0.0,0.0,0.0,13.45,51,4689.0,10,4342,4492,4500,4500,264,606,711,1295,799,667,6,69,75,0,8,0,0,0,0,0,84,0.816
Course 3,51,32,1.59,0.42,54,100.0,0,0,0,0,0,56,100.0,34.51,1016,0.0,0.0,0.0,0.0,0.0,0.0,0.0,0.0,13.04,30,4511.0,9,2366,2366,2484,2484,128,498,671,103,536,430,0,0,0,1,4,113,0,0,0,0,50,0.636
Course 3,13,7,1.86,0.26,24,100.0,0,0,0,0,0,11,100.0,25.14,105,0.0,0.0,0.0,0.0,0.0,0.0,0.0,0.0,13.76,6,1174.0,3,254,254,254,254,0,207,0,0,9,38,0,0,0,0,0,0,0,0,0,0,10,0.43
Course 3,5,4,1.25,0.06,7,100.0,0,0,0,0,0,7,100.0,25.8,94,0.0,0.0,0.0,0.0,0.0,0.0,0.0,0.0,16.56,4,138.0,3,215,215,232,232,0,144,0,0,71,0,0,0,0,0,0,17,0,0,0,0,7,0.227
Course 3,16,10,1.6,0.28,16,100.0,0,0,0,0,0,24,100.0,35.47,332,0.0,0.0,0.0,0.0,0.0,0.0,0.0,0.0,15.96,10,614.0,6,899,926,926,926,0,257,227,98,204,113,27,0,0,0,0,0,0,0,0,0,16,0.694
Course 3,3,3,1.0,0.13,3,100.0,0,0,0,0,0,3,100.0,7.67,49,0.0,0.0,0.0,0.0,0.0,0.0,0.0,0.0,8.14,3,49.0,2,101,101,101,101,0,13,0,0,88,0,0,0,0,0,0,0,0,0,0,0,3,0.313
Course 3,30,17,1.76,0.26,94,100.0,0,0,0,0,0,35,100.0,42.63,416,0.0,0.0,0.0,0.0,0.0,0.0,0.0,0.0,13.83,17,3100.0,6,995,995,1002,1002,79,355,178,194,189,0,0,0,0,0,7,0,0,0,0,0,35,0.46
Course 3,52,44,1.18,0.77,64,100.0,0,0,0,0,0,93,100.0,31.77,1598,0.0,0.0,0.0,0.0,0.0,0.0,0.0,0.0,12.85,44,3408.0,9,3517,3791,3791,3791,120,616,528,980,682,591,128,34,112,0,0,0,0,0,0,0,91,0.853
Course 3,42,35,1.2,0.52,62,100.0,0,0,0,0,0,69,100.0,42.45,969,0.0,0.0,0.0,0.0,0.0,0.0,0.0,0.0,13.53,35,2024.0,8,2297,2313,2345,2345,258,268,392,676,596,107,16,0,0,32,0,0,0,0,0,0,66,0.649
Course 3,60,44,1.36,0.64,55,100.0,0,0,0,0,0,94,100.0,33.51,1488,0.0,0.0,0.0,0.0,0.0,0.0,0.0,0.0,15.37,43,3847.0,10,3413,3600,3647,3647,288,674,553,687,621,590,24,45,118,0,47,0,0,0,0,0,68,0.791
Course 3,21,18,1.17,0.6,16,100.0,0,0,0,0,0,30,100.0,30.22,518,0.0,0.0,0.0,0.0,0.0,0.0,0.0,0.0,15.85,18,1362.0,5,1247,1247,1247,1247,0,168,281,133,360,305,0,0,0,0,0,0,0,0,0,0,30,0.79
Course 3,66,45,1.47,0.56,41,100.0,0,0,0,0,0,69,100.0,42.02,1207,0.0,0.0,0.0,0.0,0.0,0.0,0.0,0.0,11.8,44,4549.0,12,2708,2744,2789,2789,225,579,435,753,518,198,7,3,26,3,1,41,0,0,0,0,67,0.762
Course 3,43,36,1.19,0.61,48,100.0,0,0,0,0,0,68,100.0,36.01,1044,0.0,0.0,0.0,0.0,0.0,0.0,0.0,0.0,13.94,36,2077.0,8,2430,2466,2466,2466,362,290,358,512,570,338,0,1,35,0,0,0,0,0,0,0,65,0.749
Course 3,22,19,1.16,0.32,45,100.0,0,0,0,0,0,33,100.0,25.82,512,0.0,0.0,0.0,0.0,0.0,0.0,0.0,0.0,15.64,18,1011.0,7,1292,1319,1319,1319,183,238,164,149,386,172,0,0,27,0,0,0,0,0,0,0,28,0.607
Course 3,2,1,2.0,1.0,2,100.0,0,0,0,0,0,3,100.0,32.33,22,0.0,0.0,0.0,0.0,0.0,0.0,0.0,0.0,16.4,1,140.0,1,71,71,71,71,71,0,0,0,0,0,0,0,0,0,0,0,0,0,0,0,2,1.0
Course 3,9,6,1.5,0.6,11,100.0,0,0,0,0,0,14,100.0,39.89,135,0.0,0.0,0.0,0.0,0.0,0.0,0.0,0.0,14.12,6,542.0,2,420,420,420,420,0,139,281,0,0,0,0,0,0,0,0,0,0,0,0,0,14,0.811
Course 3,73,48,1.52,0.6,46,100.0,0,0,0,0,0,78,100.0,33.96,1256,0.0,0.0,0.0,0.0,0.0,0.0,0.0,0.0,12.32,48,8272.0,12,2668,2755,2908,2908,371,410,348,765,391,383,3,4,80,60,77,16,0,0,0,0,74,0.777
Course 3,33,20,1.65,0.29,35,100.0,0,0,0,0,0,38,100.0,23.98,772,0.0,0.0,0.0,0.0,0.0,0.0,0.0,0.0,13.34,18,1576.0,5,1576,1580,1627,1627,0,0,0,443,675,458,0,4,0,0,47,0,0,0,0,0,31,0.647
Course 3,23,17,1.35,0.29,46,100.0,0,0,0,0,0,39,100.0,39.06,476,0.0,0.0,0.0,0.0,0.0,0.0,0.0,0.0,13.42,16,1631.0,7,1035,1037,1038,1038,0,344,333,2,179,177,0,0,2,1,0,0,0,0,0,0,39,0.55
Course 3,5,3,1.67,0.38,6,100.0,0,0,0,0,0,9,100.0,32.56,81,0.0,0.0,0.0,0.0,0.0,0.0,0.0,0.0,13.51,3,302.0,2,197,197,197,197,0,149,48,0,0,0,0,0,0,0,0,0,0,0,0,0,8,0.723
Course 3,1,1,1.0,1.0,2,0.0,0,0,0,0,0,0,0.0,0.0,1,0.0,0.0,0.0,0.0,0.0,0.0,0.0,0.0,6.38,1,1.0,1,3,3,3,3,0,3,0,0,0,0,0,0,0,0,0,0,0,0,0,0,0,1.0
Course 3,52,32,1.63,0.42,15,100.0,0,0,0,0,0,55,100.0,36.45,1086,0.0,0.0,0.0,0.0,0.0,0.0,0.0,0.0,13.12,32,4281.0,9,2279,2318,2470,2470,275,634,494,391,454,31,0,39,0,126,0,26,0,0,0,0,50,0.667
Course 3,62,50,1.24,0.68,91,100.0,0,0,0,0,0,110,100.0,13.86,1653,0.0,0.0,0.0,0.0,0.0,0.0,0.0,0.0,16.81,50,3673.0,11,3479,3909,4030,4030,496,478,443,1156,619,287,101,5,324,89,32,0,0,0,0,0,92,0.838
Course 3,31,30,1.03,0.44,30,100.0,0,0,0,0,0,56,100.0,43.49,1233,0.0,0.0,0.0,0.0,0.0,0.0,0.0,0.0,13.07,29,1221.0,7,2841,2930,2930,2930,187,322,441,854,761,276,0,0,89,0,0,0,0,0,0,0,56,0.699
Course 3,113,64,1.77,0.83,36,100.0,0,0,0,0,0,100,100.0,36.34,1878,0.0,0.0,0.0,0.0,0.0,0.0,0.0,0.0,12.28,64,13003.0,12,3824,4255,4677,4677,345,502,572,1016,790,599,7,140,284,239,105,78,0,0,0,0,97,0.86
Course 3,18,16,1.13,0.62,29,100.0,0,0,0,0,0,30,100.0,34.74,485,0.0,0.0,0.0,0.0,0.0,0.0,0.0,0.0,17.37,15,496.0,4,1152,1152,1152,1152,268,335,400,149,0,0,0,0,0,0,0,0,0,0,0,0,30,0.86
Course 3,50,38,1.32,0.5,129,100.0,0,0,0,0,0,41,100.0,26.72,920,0.0,0.0,0.0,0.0,0.0,0.0,0.0,0.0,14.25,38,6184.0,11,1826,1911,2174,2178,0,87,2,397,954,386,0,6,79,121,31,111,4,0,0,0,39,0.725
Course 3,1,1,1.0,1.0,1,100.0,0,0,0,0,0,2,100.0,14.5,18,0.0,0.0,0.0,0.0,0.0,0.0,0.0,0.0,14.95,1,30.0,1,48,48,48,48,0,0,48,0,0,0,0,0,0,0,0,0,0,0,0,0,2,1.0
Course 3,22,16,1.38,0.48,55,100.0,0,0,0,0,0,40,100.0,40.51,518,0.0,0.0,0.0,0.0,0.0,0.0,0.0,0.0,15.2,15,1163.0,6,1322,1322,1322,1322,172,366,210,378,100,96,0,0,0,0,0,0,0,0,0,0,39,0.754
Course 3,3,2,1.5,1.0,2,100.0,0,0,0,0,0,3,100.0,32.0,23,0.0,0.0,0.0,0.0,0.0,0.0,0.0,0.0,13.71,2,20.0,1,53,53,53,53,0,53,0,0,0,0,0,0,0,0,0,0,0,0,0,0,3,0.879
Course 3,30,25,1.2,0.69,35,100.0,0,0,0,0,0,44,100.0,43.84,842,0.0,0.0,0.0,0.0,0.0,0.0,0.0,0.0,12.96,25,1343.0,6,2062,2062,2062,2062,542,485,285,371,339,40,0,0,0,0,0,0,0,0,0,0,35,0.842
Course 3,38,30,1.27,0.45,83,100.0,0,0,0,0,0,51,100.0,33.0,790,0.0,0.0,0.0,0.0,0.0,0.0,0.0,0.0,13.52,30,2426.0,9,1742,1820,1911,1911,23,165,183,284,549,538,1,0,77,91,0,0,0,0,0,0,50,0.697
Course 3,23,14,1.64,0.44,42,100.0,0,0,0,0,0,33,100.0,35.47,393,0.0,0.0,0.0,0.0,0.0,0.0,0.0,0.0,13.68,13,378.0,4,914,914,914,914,161,245,226,0,282,0,0,0,0,0,0,0,0,0,0,0,33,0.699
Course 3,17,16,1.06,0.23,19,100.0,0,0,0,0,0,37,100.0,37.49,528,0.0,0.0,0.0,0.0,0.0,0.0,0.0,0.0,17.37,16,521.0,7,1280,1280,1285,1285,216,349,86,130,396,103,0,0,0,0,5,0,0,0,0,0,36,0.491
Course 3,4,4,1.0,0.16,5,100.0,0,0,0,0,0,2,100.0,39.5,41,0.0,0.0,0.0,0.0,0.0,0.0,0.0,0.0,14.97,3,38.0,2,94,94,94,94,93,0,1,0,0,0,0,0,0,0,0,0,0,0,0,0,2,0.517
Course 3,6,5,1.2,0.38,15,100.0,0,0,0,0,0,7,100.0,14.57,153,0.0,0.0,0.0,0.0,0.0,0.0,0.0,0.0,7.32,4,307.0,2,383,383,383,383,0,0,101,282,0,0,0,0,0,0,0,0,0,0,0,0,7,0.811
Course 3,24,20,1.2,0.32,12,100.0,0,0,0,0,0,27,100.0,42.52,572,0.0,0.0,0.0,0.0,0.0,0.0,0.0,0.0,10.95,19,627.0,6,1245,1245,1257,1257,0,29,3,789,406,18,0,0,0,0,12,0,0,0,0,0,27,0.517
Course 3,28,21,1.33,0.42,48,100.0,0,0,0,0,0,30,100.0,43.69,460,0.0,0.0,0.0,0.0,0.0,0.0,0.0,0.0,11.82,20,2093.0,5,1084,1084,1084,1084,0,112,313,367,198,94,0,0,0,0,0,0,0,0,0,0,30,0.829
Course 3,2,2,1.0,0.14,2,0.0,0,0,0,0,0,0,0.0,0.0,1,0.0,0.0,0.0,0.0,0.0,0.0,0.0,0.0,7.85,2,1.0,2,4,4,4,4,0,3,0,1,0,0,0,0,0,0,0,0,0,0,0,0,0,0.14
Course 3,14,9,1.56,0.16,25,100.0,0,0,0,0,0,15,100.0,42.57,174,0.0,0.0,0.0,0.0,0.0,0.0,0.0,0.0,16.36,9,283.0,5,516,517,517,517,222,271,22,0,1,0,0,1,0,0,0,0,0,0,0,0,14,0.43
Course 3,54,42,1.29,0.75,76,100.0,0,0,0,0,0,80,100.0,44.6,1395,0.0,0.0,0.0,0.0,0.0,0.0,0.0,0.0,12.32,42,2387.0,8,3230,3326,3326,3326,375,403,414,843,649,546,95,0,1,0,0,0,0,0,0,0,76,0.822
Course 3,37,23,1.61,0.35,31,100.0,0,0,0,0,0,51,100.0,42.42,883,0.0,0.0,0.0,0.0,0.0,0.0,0.0,0.0,14.3,22,1383.0,7,2017,2018,2021,2021,0,542,315,365,495,300,0,1,0,0,3,0,0,0,0,0,49,0.639
Course 3,55,32,1.72,0.49,92,100.0,0,0,0,0,0,66,100.0,45.08,1284,0.0,0.0,0.0,0.0,0.0,0.0,0.0,0.0,15.8,32,3625.0,8,2869,2906,2947,2947,81,271,329,844,708,636,37,0,0,41,0,0,0,0,0,0,64,0.729
Course 3,16,11,1.45,0.46,16,100.0,0,0,0,0,0,20,100.0,32.06,301,0.0,0.0,0.0,0.0,0.0,0.0,0.0,0.0,15.66,10,1275.0,3,715,715,715,715,0,48,252,0,415,0,0,0,0,0,0,0,0,0,0,0,19,0.698
Course 3,10,9,1.11,0.18,24,100.0,0,0,0,0,0,17,100.0,37.71,424,0.0,0.0,0.0,0.0,0.0,0.0,0.0,0.0,12.69,9,599.0,5,1003,1009,1009,1009,16,195,200,592,0,0,0,6,0,0,0,0,0,0,0,0,16,0.513
Course 3,1,1,1.0,1.0,1,100.0,0,0,0,0,0,1,100.0,0.0,12,0.0,0.0,0.0,0.0,0.0,0.0,0.0,0.0,6.23,1,3.0,1,17,17,17,17,0,17,0,0,0,0,0,0,0,0,0,0,0,0,0,0,1,1.0
Course 3,2,1,2.0,1.0,3,0.0,0,0,0,0,0,0,0.0,0.0,2,0.0,0.0,0.0,0.0,0.0,0.0,0.0,0.0,6.4,1,3.0,1,5,5,5,5,0,5,0,0,0,0,0,0,0,0,0,0,0,0,0,0,0,1.0
Course 3,12,9,1.33,0.6,22,100.0,0,0,0,0,0,17,100.0,36.03,163,0.0,0.0,0.0,0.0,0.0,0.0,0.0,0.0,12.25,9,383.0,3,411,411,411,411,0,104,231,76,0,0,0,0,0,0,0,0,0,0,0,0,15,0.763
Course 3,9,9,1.0,0.28,29,100.0,0,0,0,0,0,25,100.0,44.82,427,0.0,0.0,0.0,0.0,0.0,0.0,0.0,0.0,13.99,9,192.0,5,956,956,956,956,63,190,6,511,186,0,0,0,0,0,0,0,0,0,0,0,25,0.678
Course 3,57,36,1.58,0.53,70,100.0,0,0,0,0,0,74,100.0,43.35,1470,0.0,0.0,0.0,0.0,0.0,0.0,0.0,0.0,14.65,35,2890.0,9,3395,3429,3437,3437,2,418,550,942,880,603,32,2,0,0,8,0,0,0,0,0,71,0.72
Course 3,14,13,1.08,0.25,11,100.0,0,0,0,0,0,19,100.0,47.38,596,0.0,0.0,0.0,0.0,0.0,0.0,0.0,0.0,11.2,13,677.0,5,1281,1282,1282,1282,0,25,149,1061,46,0,0,0,1,0,0,0,0,0,0,0,19,0.535
Course 3,25,21,1.19,0.72,12,100.0,0,0,0,0,0,45,100.0,36.96,988,0.0,0.0,0.0,0.0,0.0,0.0,0.0,0.0,16.23,21,1251.0,5,2182,2182,2182,2182,0,79,536,864,511,192,0,0,0,0,0,0,0,0,0,0,45,0.867
Course 3,3,2,1.5,0.29,4,100.0,0,0,0,0,0,3,100.0,29.33,22,0.0,0.0,0.0,0.0,0.0,0.0,0.0,0.0,15.31,2,645.0,2,62,62,62,62,0,10,52,0,0,0,0,0,0,0,0,0,0,0,0,0,3,0.568
Course 3,15,13,1.15,0.38,15,100.0,0,0,0,0,0,21,100.0,32.94,352,0.0,0.0,0.0,0.0,0.0,0.0,0.0,0.0,13.96,13,783.0,6,783,783,783,783,7,53,176,305,216,26,0,0,0,0,0,0,0,0,0,0,21,0.711
Course 3,42,30,1.4,0.83,62,100.0,0,0,0,0,0,67,100.0,45.6,1236,0.0,0.0,0.0,0.0,0.0,0.0,0.0,0.0,16.09,29,2683.0,6,2957,2957,2957,2957,256,493,472,905,596,235,0,0,0,0,0,0,0,0,0,0,66,0.878
Course 3,2,1,2.0,1.0,2,100.0,0,0,0,0,0,2,100.0,8.5,7,0.0,0.0,0.0,0.0,0.0,0.0,0.0,0.0,8.48,1,605.0,1,25,25,25,25,0,25,0,0,0,0,0,0,0,0,0,0,0,0,0,0,2,1.0
Course 3,9,5,1.8,0.17,8,100.0,0,0,0,0,0,5,100.0,50.43,91,0.0,0.0,0.0,0.0,0.0,0.0,0.0,0.0,14.29,4,278.0,3,215,215,215,215,0,2,0,39,0,174,0,0,0,0,0,0,0,0,0,0,5,0.431
Course 3,43,23,1.87,0.62,75,100.0,0,0,0,0,0,50,100.0,45.73,653,0.0,0.0,0.0,0.0,0.0,0.0,0.0,0.0,16.71,22,2469.0,6,1504,1538,1538,1538,0,112,750,295,284,63,34,0,0,0,0,0,0,0,0,0,49,0.787
Course 3,3,2,1.5,0.11,1,100.0,0,0,0,0,0,2,100.0,47.25,28,0.0,0.0,0.0,0.0,0.0,0.0,0.0,0.0,17.96,1,34.0,1,65,65,65,65,0,65,0,0,0,0,0,0,0,0,0,0,0,0,0,0,2,1.0
Course 3,50,33,1.52,0.58,53,100.0,0,0,0,0,0,64,100.0,36.8,1762,0.0,0.0,0.0,0.0,0.0,0.0,0.0,0.0,13.9,33,4051.0,7,3879,3974,3976,3976,0,385,362,1346,1239,547,95,0,0,2,0,0,0,0,0,0,63,0.749
Course 3,2,2,1.0,0.2,1,100.0,0,0,0,0,0,1,100.0,23.0,14,0.0,0.0,0.0,0.0,0.0,0.0,0.0,0.0,8.64,1,13.0,1,35,35,35,35,0,0,35,0,0,0,0,0,0,0,0,0,0,0,0,0,1,1.0
Course 3,53,36,1.47,0.64,90,100.0,0,0,0,0,0,71,100.0,42.78,1461,0.0,0.0,0.0,0.0,0.0,0.0,0.0,0.0,13.76,35,5037.0,8,3315,3341,3341,3341,334,522,447,1134,505,373,4,0,22,0,0,0,0,0,0,0,67,0.799
Course 3,54,34,1.59,0.63,37,100.0,0,0,0,0,0,67,100.0,47.17,1420,0.0,0.0,0.0,0.0,0.0,0.0,0.0,0.0,14.89,34,4233.0,7,3067,3104,3104,3104,0,506,342,1209,587,423,32,0,5,0,0,0,0,0,0,0,64,0.745
Course 3,2,1,2.0,1.0,2,0.0,0,0,0,0,0,0,0.0,0.0,4,0.0,0.0,0.0,0.0,0.0,0.0,0.0,0.0,6.3,1,157.0,1,6,6,6,6,0,0,6,0,0,0,0,0,0,0,0,0,0,0,0,0,0,1.0
Course 3,3,3,1.0,0.21,3,100.0,0,0,0,0,0,2,100.0,70.0,52,0.0,0.0,0.0,0.0,0.0,0.0,0.0,0.0,12.38,3,35.0,2,127,127,127,127,0,53,0,74,0,0,0,0,0,0,0,0,0,0,0,0,2,0.52
Course 3,26,24,1.08,0.71,32,100.0,0,0,0,0,0,51,100.0,41.9,841,0.0,0.0,0.0,0.0,0.0,0.0,0.0,0.0,13.06,24,1540.0,6,2032,2032,2032,2032,7,273,510,403,489,350,0,0,0,0,0,0,0,0,0,0,50,0.853
Course 3,20,15,1.33,0.48,18,100.0,0,0,0,0,0,27,100.0,40.63,570,0.0,0.0,0.0,0.0,0.0,0.0,0.0,0.0,15.2,15,1133.0,5,1292,1292,1292,1292,0,126,220,873,69,4,0,0,0,0,0,0,0,0,0,0,24,0.783
Course 3,1,1,1.0,1.0,1,100.0,0,0,0,0,0,1,100.0,0.0,12,0.0,0.0,0.0,0.0,0.0,0.0,0.0,0.0,8.78,1,26.0,1,32,32,32,32,0,0,32,0,0,0,0,0,0,0,0,0,0,0,0,0,1,1.0
Course 3,82,44,1.86,0.68,118,100.0,0,0,0,0,0,79,100.0,40.49,1419,0.0,0.0,0.0,0.0,0.0,0.0,0.0,0.0,9.12,44,4667.0,9,3200,3255,3297,3297,371,280,453,924,713,459,0,6,49,42,0,0,0,0,0,0,76,0.796
Course 3,45,34,1.32,0.79,60,100.0,0,0,0,0,0,75,100.0,44.22,1415,0.0,0.0,0.0,0.0,0.0,0.0,0.0,0.0,14.31,34,4215.0,7,3102,3194,3194,3194,350,270,442,846,651,543,92,0,0,0,0,0,0,0,0,0,73,0.875
Course 3,30,22,1.36,0.81,40,100.0,0,0,0,0,0,48,100.0,44.0,727,0.0,0.0,0.0,0.0,0.0,0.0,0.0,0.0,13.4,22,3602.0,5,1875,1875,1875,1875,152,526,414,682,101,0,0,0,0,0,0,0,0,0,0,0,48,0.879
Course 3,38,30,1.27,0.44,50,100.0,0,0,0,0,0,39,100.0,46.09,470,0.0,0.0,0.0,0.0,0.0,0.0,0.0,0.0,14.01,30,2766.0,9,1115,1131,1161,1161,313,303,218,249,19,13,14,2,0,30,0,0,0,0,0,0,38,0.634
Course 3,27,21,1.29,0.7,44,100.0,0,0,0,0,0,37,100.0,39.04,667,0.0,0.0,0.0,0.0,0.0,0.0,0.0,0.0,12.31,21,3678.0,5,1557,1557,1557,1557,0,271,246,405,508,127,0,0,0,0,0,0,0,0,0,0,35,0.853
Course 3,2,2,1.0,1.0,4,0.0,0,0,0,0,0,0,0.0,0.0,25,0.0,0.0,0.0,0.0,0.0,0.0,0.0,0.0,6.24,2,4.0,1,29,29,29,29,0,29,0,0,0,0,0,0,0,0,0,0,0,0,0,0,0,0.843
Course 3,23,18,1.28,0.26,26,100.0,0,0,0,0,0,33,100.0,37.06,401,0.0,0.0,0.0,0.0,0.0,0.0,0.0,0.0,15.53,17,1444.0,5,930,930,1167,1167,210,423,293,4,0,0,0,0,0,237,0,0,0,0,0,0,33,0.434
Course 3,2,2,1.0,0.13,1,100.0,0,0,0,0,0,1,100.0,26.0,6,0.0,0.0,0.0,0.0,0.0,0.0,0.0,0.0,15.6,1,9.0,1,18,18,18,18,0,18,0,0,0,0,0,0,0,0,0,0,0,0,0,0,1,1.0
Course 3,21,17,1.24,0.61,19,100.0,0,0,0,0,0,32,100.0,43.32,377,0.0,0.0,0.0,0.0,0.0,0.0,0.0,0.0,14.86,16,2228.0,3,957,957,957,957,322,247,388,0,0,0,0,0,0,0,0,0,0,0,0,0,31,0.859
Course 3,44,37,1.19,0.6,106,100.0,0,0,0,0,0,78,100.0,38.74,1642,0.0,0.0,0.0,0.0,0.0,0.0,0.0,0.0,11.81,37,2594.0,10,3370,3594,3684,3684,0,373,280,1184,949,584,24,25,175,86,4,0,0,0,0,0,74,0.797
Course 3,50,27,1.85,0.75,77,100.0,0,0,0,0,0,66,100.0,41.89,1210,0.0,0.0,0.0,0.0,0.0,0.0,0.0,0.0,13.09,27,3569.0,6,2724,2818,2818,2818,0,450,290,1032,690,262,94,0,0,0,0,0,0,0,0,0,66,0.862
Course 3,4,3,1.33,1.0,6,100.0,0,0,0,0,0,10,100.0,55.8,141,0.0,0.0,0.0,0.0,0.0,0.0,0.0,0.0,15.96,3,155.0,1,346,346,346,346,0,346,0,0,0,0,0,0,0,0,0,0,0,0,0,0,10,0.929
Course 3,2,2,1.0,0.09,5,100.0,0,0,0,0,0,1,100.0,25.0,40,0.0,0.0,0.0,0.0,0.0,0.0,0.0,0.0,12.25,2,18.0,2,88,88,88,88,0,3,0,0,85,0,0,0,0,0,0,0,0,0,0,0,1,0.299
Course 3,6,4,1.5,0.29,7,100.0,0,0,0,0,0,13,100.0,52.5,279,0.0,0.0,0.0,0.0,0.0,0.0,0.0,0.0,15.33,4,268.0,3,613,613,613,613,0,216,68,329,0,0,0,0,0,0,0,0,0,0,0,0,13,0.734
Course 3,2,2,1.0,0.05,3,100.0,0,0,0,0,0,1,100.0,3.0,10,0.0,0.0,0.0,0.0,0.0,0.0,0.0,0.0,11.81,2,8.0,2,10,21,21,21,0,10,0,0,0,0,0,11,0,0,0,0,0,0,0,0,1,0.096
Course 3,26,19,1.37,0.35,29,100.0,0,0,0,0,0,30,100.0,41.0,470,0.0,0.0,0.0,0.0,0.0,0.0,0.0,0.0,13.43,19,1795.0,8,1022,1140,1140,1140,87,104,276,99,427,29,115,3,0,0,0,0,0,0,0,0,29,0.661
Course 3,44,32,1.38,1.0,48,100.0,0,0,0,0,0,61,100.0,40.96,1050,0.0,0.0,0.0,0.0,0.0,0.0,0.0,0.0,12.39,31,3902.0,5,2447,2447,2447,2447,426,352,332,936,401,0,0,0,0,0,0,0,0,0,0,0,59,0.896
Course 3,2,2,1.0,0.25,3,100.0,0,0,0,0,0,3,100.0,0.0,18,0.0,0.0,0.0,0.0,0.0,0.0,0.0,0.0,11.4,2,2.0,2,36,36,36,36,16,20,0,0,0,0,0,0,0,0,0,0,0,0,0,0,3,0.462
Course 3,37,27,1.37,0.63,48,100.0,0,0,0,0,0,66,100.0,31.02,1148,0.0,0.0,0.0,0.0,0.0,0.0,0.0,0.0,13.8,27,3679.0,7,2784,2785,2785,2785,70,503,604,766,611,230,1,0,0,0,0,0,0,0,0,0,62,0.836
Course 3,26,22,1.18,0.34,26,100.0,0,0,0,0,0,28,100.0,40.15,523,0.0,0.0,0.0,0.0,0.0,0.0,0.0,0.0,13.66,22,1377.0,7,1299,1299,1301,1301,0,308,370,16,403,202,0,0,0,1,1,0,0,0,0,0,27,0.526
Course 3,28,26,1.08,0.79,71,100.0,0,0,0,0,0,54,100.0,44.97,815,0.0,0.0,0.0,0.0,0.0,0.0,0.0,0.0,13.05,25,621.0,5,2013,2013,2013,2013,213,204,401,747,448,0,0,0,0,0,0,0,0,0,0,0,54,0.86
Course 3,5,4,1.25,0.21,5,100.0,0,0,0,0,0,4,100.0,46.38,40,0.0,0.0,0.0,0.0,0.0,0.0,0.0,0.0,16.12,3,732.0,2,116,116,116,116,0,113,3,0,0,0,0,0,0,0,0,0,0,0,0,0,4,0.597
Course 3,34,30,1.13,0.42,38,100.0,0,0,0,0,0,54,100.0,41.83,765,0.0,0.0,0.0,0.0,0.0,0.0,0.0,0.0,13.57,30,1310.0,7,1853,1853,1863,1863,212,239,290,713,171,228,0,0,0,0,10,0,0,0,0,0,54,0.573
Course 3,19,16,1.19,0.48,29,100.0,0,0,0,0,0,35,100.0,33.1,468,0.0,0.0,0.0,0.0,0.0,0.0,0.0,0.0,14.7,16,2433.0,5,1119,1124,1124,1124,0,331,192,430,166,0,5,0,0,0,0,0,0,0,0,0,35,0.744
Course 3,2,2,1.0,1.0,2,100.0,0,0,0,0,0,6,100.0,42.75,73,0.0,0.0,0.0,0.0,0.0,0.0,0.0,0.0,15.73,2,181.0,1,232,232,232,232,232,0,0,0,0,0,0,0,0,0,0,0,0,0,0,0,4,0.938
Course 3,3,3,1.0,0.21,0,100.0,0,0,0,0,0,1,100.0,24.0,37,0.0,0.0,0.0,0.0,0.0,0.0,0.0,0.0,4.34,1,13.0,1,73,73,73,73,0,0,0,73,0,0,0,0,0,0,0,0,0,0,0,0,1,1.0
Course 3,5,5,1.0,0.22,13,100.0,0,0,0,0,0,3,100.0,15.33,59,0.0,0.0,0.0,0.0,0.0,0.0,0.0,0.0,7.51,5,51.0,3,134,134,134,134,0,38,2,0,94,0,0,0,0,0,0,0,0,0,0,0,3,0.458
Course 3,25,20,1.25,0.63,25,100.0,0,0,0,0,0,43,100.0,36.09,545,0.0,0.0,0.0,0.0,0.0,0.0,0.0,0.0,14.87,20,835.0,6,1264,1264,1264,1264,147,265,372,66,371,43,0,0,0,0,0,0,0,0,0,0,43,0.799
Course 3,66,51,1.29,0.73,71,100.0,0,0,0,0,0,95,100.0,39.97,1508,0.0,0.0,0.0,0.0,0.0,0.0,0.0,0.0,12.54,51,5007.0,11,3094,3584,3656,3656,300,264,367,876,698,589,104,92,294,69,3,0,0,0,0,0,94,0.827
Course 3,1,1,1.0,1.0,1,0.0,0,0,0,0,0,0,0.0,0.0,0,0.0,0.0,0.0,0.0,0.0,0.0,0.0,0.0,8.0,1,0.0,1,1,1,1,1,0,1,0,0,0,0,0,0,0,0,0,0,0,0,0,0,0,0.0
Course 3,10,10,1.0,0.15,12,100.0,0,0,0,0,0,10,100.0,22.0,105,0.0,0.0,0.0,0.0,0.0,0.0,0.0,0.0,15.47,10,213.0,5,282,282,307,307,1,24,125,0,132,0,0,0,0,0,25,0,0,0,0,0,10,0.297
Course 3,9,5,1.8,0.12,3,100.0,0,0,0,0,0,2,100.0,27.5,77,0.0,0.0,0.0,0.0,0.0,0.0,0.0,0.0,13.32,3,26.0,2,159,159,159,159,0,1,0,0,158,0,0,0,0,0,0,0,0,0,0,0,2,0.399
Course 3,62,32,1.94,0.63,85,100.0,0,0,0,0,0,64,100.0,40.42,1017,0.0,0.0,0.0,0.0,0.0,0.0,0.0,0.0,14.04,32,4482.0,8,2322,2330,2330,2330,297,183,371,807,396,268,1,7,0,0,0,0,0,0,0,0,59,0.797
Course 3,25,21,1.19,0.29,30,100.0,0,0,0,0,0,33,100.0,25.51,507,0.0,0.0,0.0,0.0,0.0,0.0,0.0,0.0,14.55,21,787.0,9,997,999,1246,1246,0,185,312,151,232,117,0,2,0,101,26,120,0,0,0,0,32,0.593
Course 3,6,6,1.0,0.75,18,100.0,0,0,0,0,0,11,100.0,46.33,290,0.0,0.0,0.0,0.0,0.0,0.0,0.0,0.0,10.62,6,197.0,2,684,684,684,684,0,0,65,619,0,0,0,0,0,0,0,0,0,0,0,0,11,0.879
Course 3,9,6,1.5,0.86,12,100.0,0,0,0,0,0,15,100.0,32.43,170,0.0,0.0,0.0,0.0,0.0,0.0,0.0,0.0,16.27,6,618.0,2,380,380,380,380,0,212,168,0,0,0,0,0,0,0,0,0,0,0,0,0,12,0.874
Course 3,16,12,1.33,0.2,18,100.0,0,0,0,0,0,17,100.0,33.5,250,0.0,0.0,0.0,0.0,0.0,0.0,0.0,0.0,13.78,11,1241.0,6,473,570,581,581,0,87,201,76,109,0,0,0,97,0,11,0,0,0,0,0,17,0.448
Course 3,2,2,1.0,0.07,2,100.0,0,0,0,0,0,2,100.0,24.5,37,0.0,0.0,0.0,0.0,0.0,0.0,0.0,0.0,5.13,2,35.0,2,87,87,87,87,0,17,0,0,0,70,0,0,0,0,0,0,0,0,0,0,2,0.264
Course 3,8,7,1.14,0.26,13,100.0,0,0,0,0,0,15,100.0,32.31,164,0.0,0.0,0.0,0.0,0.0,0.0,0.0,0.0,16.04,6,263.0,4,382,382,382,382,52,273,18,0,39,0,0,0,0,0,0,0,0,0,0,0,12,0.563
Course 3,71,40,1.78,0.6,83,100.0,0,0,0,0,0,79,100.0,43.61,1483,0.0,0.0,0.0,0.0,0.0,0.0,0.0,0.0,14.23,39,6081.0,7,3498,3498,3612,3612,309,560,525,850,673,581,0,0,0,114,0,0,0,0,0,0,78,0.691
Course 3,74,53,1.4,0.66,11,100.0,0,0,0,0,0,91,100.0,33.19,1942,0.0,0.0,0.0,0.0,0.0,0.0,0.0,0.0,13.92,53,6875.0,12,3746,4016,4419,4419,65,641,539,1285,693,523,47,111,112,261,44,98,0,0,0,0,80,0.824
Course 3,9,8,1.13,0.14,15,100.0,0,0,0,0,0,10,100.0,16.7,156,0.0,0.0,0.0,0.0,0.0,0.0,0.0,0.0,14.87,8,197.0,5,363,363,374,374,0,48,61,0,187,67,0,0,0,11,0,0,0,0,0,0,8,0.384
Course 3,11,10,1.1,0.42,11,100.0,0,0,0,0,0,10,100.0,28.95,171,0.0,0.0,0.0,0.0,0.0,0.0,0.0,0.0,13.1,9,240.0,4,458,458,458,458,0,163,248,36,11,0,0,0,0,0,0,0,0,0,0,0,9,0.641
Course 3,60,37,1.62,0.47,34,100.0,0,0,0,0,0,76,100.0,41.86,1076,0.0,0.0,0.0,0.0,0.0,0.0,0.0,0.0,12.75,36,3893.0,9,2404,2448,2462,2462,167,338,387,696,483,333,9,0,35,0,0,14,0,0,0,0,73,0.645
Course 3,53,40,1.33,0.57,64,100.0,0,0,0,0,0,73,100.0,37.69,1182,0.0,0.0,0.0,0.0,0.0,0.0,0.0,0.0,12.26,39,3028.0,11,2518,2715,2875,2875,283,121,386,536,706,486,100,28,69,141,19,0,0,0,0,0,72,0.784
Course 3,81,27,3.0,0.4,107,100.0,0,0,0,0,0,56,100.0,32.18,994,0.0,0.0,0.0,0.0,0.0,0.0,0.0,0.0,12.41,26,3930.0,9,2214,2220,2246,2246,65,237,186,1087,629,10,0,6,0,12,14,0,0,0,0,0,50,0.658
Course 3,10,5,2.0,0.71,20,100.0,0,0,0,0,0,11,100.0,46.55,208,0.0,0.0,0.0,0.0,0.0,0.0,0.0,0.0,14.18,5,1760.0,2,544,544,544,544,10,534,0,0,0,0,0,0,0,0,0,0,0,0,0,0,10,0.881
Course 3,31,25,1.24,0.83,40,100.0,0,0,0,0,0,62,100.0,42.24,921,0.0,0.0,0.0,0.0,0.0,0.0,0.0,0.0,14.3,25,948.0,5,2071,2071,2071,2071,0,413,235,592,528,303,0,0,0,0,0,0,0,0,0,0,61,0.872
Course 3,23,17,1.35,0.31,25,100.0,0,0,0,0,0,34,100.0,33.1,554,0.0,0.0,0.0,0.0,0.0,0.0,0.0,0.0,14.41,18,3187.0,8,1247,1251,1251,1251,4,356,8,313,239,327,0,1,3,0,0,0,0,0,0,0,31,0.646
Course 3,30,21,1.43,0.78,44,100.0,0,0,0,0,0,43,100.0,47.12,814,0.0,0.0,0.0,0.0,0.0,0.0,0.0,0.0,14.07,21,1217.0,5,1804,1804,1804,1804,0,123,362,953,334,32,0,0,0,0,0,0,0,0,0,0,42,0.868
Course 3,4,4,1.0,0.57,4,100.0,0,0,0,0,0,1,100.0,24.0,26,0.0,0.0,0.0,0.0,0.0,0.0,0.0,0.0,12.82,4,21.0,2,42,42,42,42,41,1,0,0,0,0,0,0,0,0,0,0,0,0,0,0,1,0.607
Course 3,25,16,1.56,0.53,34,100.0,0,0,0,0,0,31,100.0,38.22,536,0.0,0.0,0.0,0.0,0.0,0.0,0.0,0.0,13.83,15,501.0,5,1229,1229,1229,1229,4,98,445,498,184,0,0,0,0,0,0,0,0,0,0,0,31,0.766
Course 3,21,17,1.24,0.5,22,100.0,0,0,0,0,0,20,100.0,35.41,275,0.0,0.0,0.0,0.0,0.0,0.0,0.0,0.0,14.41,17,1241.0,6,719,719,719,719,75,209,5,191,178,61,0,0,0,0,0,0,0,0,0,0,19,0.71
Course 3,58,40,1.45,0.48,13,100.0,0,0,0,0,0,72,100.0,36.03,1359,0.0,0.0,0.0,0.0,0.0,0.0,0.0,0.0,14.22,40,2614.0,10,3130,3153,3184,3185,273,457,572,896,576,356,0,6,17,0,31,0,1,0,0,0,68,0.709
Course 3,8,7,1.14,0.26,18,100.0,0,0,0,0,0,9,100.0,40.0,182,0.0,0.0,0.0,0.0,0.0,0.0,0.0,0.0,11.24,7,201.0,5,439,439,439,439,0,43,68,114,131,83,0,0,0,0,0,0,0,0,0,0,9,0.643
Course 3,145,71,2.04,0.84,144,100.0,0,0,0,0,0,119,100.0,33.15,1922,0.0,0.0,0.0,0.0,0.0,0.0,0.0,0.0,12.16,71,8127.0,13,3935,4428,5249,5252,398,570,693,960,645,669,105,125,263,115,323,383,3,0,0,0,110,0.863
Course 3,68,39,1.74,0.49,232,100.0,0,0,0,0,0,86,100.0,26.32,1498,0.0,0.0,0.0,0.0,0.0,0.0,0.0,0.0,13.57,40,6965.0,11,3152,3255,3489,3489,295,435,399,953,678,392,0,13,90,3,155,76,0,0,0,0,66,0.753
Course 3,39,21,1.86,0.68,79,100.0,0,0,0,0,0,40,100.0,16.18,670,0.0,0.0,0.0,0.0,0.0,0.0,0.0,0.0,13.84,21,3978.0,5,1550,1550,1550,1550,0,79,265,455,568,183,0,0,0,0,0,0,0,0,0,0,31,0.819
Course 3,63,36,1.75,0.95,68,100.0,0,0,0,0,0,71,100.0,44.31,1133,0.0,0.0,0.0,0.0,0.0,0.0,0.0,0.0,13.52,36,3847.0,6,2623,2623,2623,2623,433,252,296,751,633,258,0,0,0,0,0,0,0,0,0,0,70,0.889
Course 3,35,26,1.35,0.51,17,100.0,0,0,0,0,0,61,100.0,38.1,1002,0.0,0.0,0.0,0.0,0.0,0.0,0.0,0.0,13.46,25,1906.0,7,2241,2269,2269,2269,0,400,335,774,369,363,0,1,27,0,0,0,0,0,0,0,60,0.729
Course 3,13,9,1.44,0.5,10,100.0,0,0,0,0,0,16,100.0,24.18,169,0.0,0.0,0.0,0.0,0.0,0.0,0.0,0.0,9.05,9,1368.0,4,435,435,435,435,4,327,96,8,0,0,0,0,0,0,0,0,0,0,0,0,14,0.758
Course 3,55,43,1.28,0.56,57,100.0,0,0,0,0,0,75,100.0,23.98,1016,0.0,0.0,0.0,0.0,0.0,0.0,0.0,0.0,13.19,39,3138.0,11,2462,2539,2702,2702,301,436,430,496,600,199,0,14,63,105,21,37,0,0,0,0,55,0.743
Course 3,23,19,1.21,0.68,20,100.0,0,0,0,0,0,36,100.0,41.41,492,0.0,0.0,0.0,0.0,0.0,0.0,0.0,0.0,13.47,19,853.0,5,1162,1162,1162,1162,78,175,245,245,419,0,0,0,0,0,0,0,0,0,0,0,35,0.825
Course 3,59,29,2.03,0.74,64,100.0,0,0,0,0,0,56,100.0,42.05,1349,0.0,0.0,0.0,0.0,0.0,0.0,0.0,0.0,12.98,29,2579.0,7,2851,2852,2852,2852,2,149,478,1463,570,189,1,0,0,0,0,0,0,0,0,0,56,0.849
Course 3,9,5,1.8,0.18,9,100.0,0,0,0,0,0,23,100.0,35.13,305,0.0,0.0,0.0,0.0,0.0,0.0,0.0,0.0,16.92,5,763.0,3,647,647,647,647,0,386,47,0,0,214,0,0,0,0,0,0,0,0,0,0,22,0.554
Course 3,17,14,1.21,0.41,18,100.0,0,0,0,0,0,24,100.0,38.1,407,0.0,0.0,0.0,0.0,0.0,0.0,0.0,0.0,15.28,14,1137.0,5,999,1001,1001,1001,0,60,181,0,588,170,2,0,0,0,0,0,0,0,0,0,24,0.691
Course 3,1,1,1.0,1.0,3,100.0,0,0,0,0,0,2,100.0,49.0,30,0.0,0.0,0.0,0.0,0.0,0.0,0.0,0.0,12.5,1,40.0,1,83,83,83,83,0,0,83,0,0,0,0,0,0,0,0,0,0,0,0,0,2,1.0
Course 3,1,1,1.0,1.0,3,0.0,0,0,0,0,0,0,0.0,0.0,0,0.0,0.0,0.0,0.0,0.0,0.0,0.0,0.0,6.69,1,63.0,1,3,3,3,3,0,3,0,0,0,0,0,0,0,0,0,0,0,0,0,0,0,1.0
Course 3,20,18,1.11,0.31,5,100.0,0,0,0,0,0,29,100.0,36.78,509,0.0,0.0,0.0,0.0,0.0,0.0,0.0,0.0,15.37,18,1136.0,5,1220,1220,1245,1245,0,253,271,0,595,101,0,0,0,25,0,0,0,0,0,0,28,0.527
Course 3,24,14,1.71,0.48,68,100.0,0,0,0,0,0,42,100.0,42.4,656,0.0,0.0,0.0,0.0,0.0,0.0,0.0,0.0,15.04,14,1178.0,5,1447,1447,1447,1447,0,475,212,300,367,93,0,0,0,0,0,0,0,0,0,0,40,0.794
Course 3,54,33,1.64,0.46,55,100.0,0,0,0,0,0,58,100.0,31.78,1126,0.0,0.0,0.0,0.0,0.0,0.0,0.0,0.0,13.32,33,5528.0,7,2637,2637,2764,2764,0,339,564,1058,541,135,0,0,0,78,0,49,0,0,0,0,50,0.641
Course 3,14,13,1.08,0.2,20,100.0,0,0,0,0,0,15,100.0,49.62,239,0.0,0.0,0.0,0.0,0.0,0.0,0.0,0.0,14.0,13,818.0,6,587,587,621,621,3,261,86,0,230,7,0,0,0,34,0,0,0,0,0,0,13,0.418
Course 3,43,31,1.39,0.78,43,100.0,0,0,0,0,0,70,100.0,43.22,1103,0.0,0.0,0.0,0.0,0.0,0.0,0.0,0.0,12.73,31,3438.0,6,2570,2570,2570,2570,226,286,398,779,460,421,0,0,0,0,0,0,0,0,0,0,67,0.861
Course 3,29,26,1.12,0.35,31,100.0,0,0,0,0,0,41,100.0,35.32,632,0.0,0.0,0.0,0.0,0.0,0.0,0.0,0.0,12.63,26,985.0,9,1508,1509,1653,1653,102,343,512,12,539,0,0,0,1,89,22,33,0,0,0,0,41,0.57
Course 3,48,32,1.5,0.53,65,100.0,0,0,0,0,0,71,100.0,26.2,1334,0.0,0.0,0.0,0.0,0.0,0.0,0.0,0.0,15.79,32,5831.0,8,3167,3180,3180,3180,438,803,635,724,396,171,1,0,12,0,0,0,0,0,0,0,54,0.744
Course 3,6,4,1.5,0.57,5,100.0,0,0,0,0,0,11,100.0,45.91,106,0.0,0.0,0.0,0.0,0.0,0.0,0.0,0.0,17.2,4,143.0,2,270,270,270,270,0,145,125,0,0,0,0,0,0,0,0,0,0,0,0,0,10,0.815
Course 3,21,18,1.17,0.24,4,100.0,0,0,0,0,0,17,100.0,36.31,308,0.0,0.0,0.0,0.0,0.0,0.0,0.0,0.0,13.41,16,248.0,5,744,744,744,752,0,25,0,70,524,125,0,0,0,0,0,0,8,0,0,0,17,0.38
Course 3,40,28,1.43,0.45,84,100.0,0,0,0,0,0,55,100.0,39.3,1628,0.0,0.0,0.0,0.0,0.0,0.0,0.0,0.0,14.96,28,825.0,8,3395,3491,3571,3571,0,150,158,1600,1114,373,96,0,0,36,44,0,0,0,0,0,52,0.699
Course 3,1,1,1.0,1.0,0,0.0,0,0,0,0,0,0,0.0,0.0,1,0.0,0.0,0.0,0.0,0.0,0.0,0.0,0.0,8.1,1,0.0,1,1,1,1,1,1,0,0,0,0,0,0,0,0,0,0,0,0,0,0,0,0,0.0
Course 3,2,1,2.0,1.0,4,100.0,0,0,0,0,0,14,100.0,40.07,165,0.0,0.0,0.0,0.0,0.0,0.0,0.0,0.0,16.98,1,687.0,1,368,368,368,368,0,368,0,0,0,0,0,0,0,0,0,0,0,0,0,0,12,1.0
Course 3,3,3,1.0,0.5,3,100.0,0,0,0,0,0,3,100.0,6.67,23,0.0,0.0,0.0,0.0,0.0,0.0,0.0,0.0,14.54,3,31.0,2,64,64,64,64,0,41,23,0,0,0,0,0,0,0,0,0,0,0,0,0,3,0.661
Course 3,2,1,2.0,1.0,2,100.0,0,0,0,0,0,2,100.0,46.58,51,0.0,0.0,0.0,0.0,0.0,0.0,0.0,0.0,13.36,1,34.0,1,115,115,115,115,0,0,0,0,115,0,0,0,0,0,0,0,0,0,0,0,2,1.0
Course 3,1,1,1.0,1.0,1,0.0,0,0,0,0,0,0,0.0,0.0,2,0.0,0.0,0.0,0.0,0.0,0.0,0.0,0.0,6.3,1,2.0,1,3,3,3,3,0,3,0,0,0,0,0,0,0,0,0,0,0,0,0,0,0,1.0
Course 3,31,27,1.15,0.49,30,100.0,0,0,0,0,0,60,100.0,35.26,830,0.0,0.0,0.0,0.0,0.0,0.0,0.0,0.0,16.63,27,1451.0,9,1671,1956,1956,1956,43,230,243,399,466,290,92,54,139,0,0,0,0,0,0,0,60,0.75
Course 3,60,49,1.22,0.58,32,100.0,0,0,0,0,0,91,100.0,35.25,1671,0.0,0.0,0.0,0.0,0.0,0.0,0.0,0.0,14.38,49,4469.0,12,3460,3610,3996,3998,369,380,522,1087,824,278,91,0,59,89,136,161,2,0,0,0,89,0.757
Course 3,50,37,1.35,0.88,66,100.0,0,0,0,0,0,70,100.0,45.94,1138,0.0,0.0,0.0,0.0,0.0,0.0,0.0,0.0,12.89,37,2539.0,7,2784,2788,2788,2788,269,410,457,866,540,242,4,0,0,0,0,0,0,0,0,0,66,0.881
Course 3,76,55,1.38,0.66,81,100.0,0,0,0,0,0,111,100.0,34.01,1476,0.0,0.0,0.0,0.0,0.0,0.0,0.0,0.0,15.46,55,5773.0,12,2780,3265,3542,3542,261,227,344,687,718,543,99,142,244,91,97,89,0,0,0,0,110,0.81
Course 3,101,51,1.98,0.62,165,100.0,0,0,0,0,0,106,100.0,40.42,1728,0.0,0.0,0.0,0.0,0.0,0.0,0.0,0.0,13.23,50,9478.0,11,3159,3667,3769,3769,203,261,205,1069,875,546,300,53,155,70,32,0,0,0,0,0,94,0.832
Course 3,44,34,1.29,0.48,53,100.0,0,0,0,0,0,65,100.0,39.04,1092,0.0,0.0,0.0,0.0,0.0,0.0,0.0,0.0,15.72,34,2275.0,9,2386,2482,2488,2488,257,214,305,663,488,459,0,4,92,0,6,0,0,0,0,0,64,0.717
Course 3,45,31,1.45,0.72,33,100.0,0,0,0,0,0,64,100.0,42.66,1123,0.0,0.0,0.0,0.0,0.0,0.0,0.0,0.0,14.84,31,5444.0,7,2403,2521,2521,2521,275,251,235,768,579,295,118,0,0,0,0,0,0,0,0,0,62,0.856
Course 3,84,67,1.25,0.79,215,100.0,0,0,0,0,0,126,100.0,34.03,1708,0.0,0.0,0.0,0.0,0.0,0.0,0.0,0.0,13.69,67,3974.0,13,3394,3861,4376,4381,436,361,426,977,621,573,230,75,162,166,185,164,5,0,0,0,125,0.842
Course 3,12,7,1.71,0.3,26,100.0,0,0,0,0,0,13,100.0,39.92,250,0.0,0.0,0.0,0.0,0.0,0.0,0.0,0.0,9.12,7,365.0,4,564,564,564,564,0,107,67,193,197,0,0,0,0,0,0,0,0,0,0,0,13,0.694
Course 3,7,5,1.4,0.33,12,100.0,0,0,0,0,0,11,100.0,30.64,181,0.0,0.0,0.0,0.0,0.0,0.0,0.0,0.0,17.02,5,179.0,3,397,397,397,397,179,67,151,0,0,0,0,0,0,0,0,0,0,0,0,0,10,0.696
Course 3,30,21,1.43,0.32,40,100.0,0,0,0,0,0,43,100.0,30.4,581,0.0,0.0,0.0,0.0,0.0,0.0,0.0,0.0,13.02,21,2858.0,8,1278,1278,1299,1299,49,163,48,518,350,150,0,0,0,18,3,0,0,0,0,0,40,0.553
Course 3,14,12,1.17,0.43,9,100.0,0,0,0,0,0,16,100.0,38.41,262,0.0,0.0,0.0,0.0,0.0,0.0,0.0,0.0,15.82,11,902.0,4,621,621,621,621,107,231,282,0,1,0,0,0,0,0,0,0,0,0,0,0,16,0.665
Course 3,44,38,1.16,0.48,43,100.0,0,0,0,0,0,74,100.0,43.3,1360,0.0,0.0,0.0,0.0,0.0,0.0,0.0,0.0,14.74,37,1831.0,10,3121,3220,3286,3286,378,426,479,879,653,306,99,0,0,47,8,11,0,0,0,0,73,0.673
Course 3,38,33,1.15,0.45,70,100.0,0,0,0,0,0,64,100.0,35.81,996,0.0,0.0,0.0,0.0,0.0,0.0,0.0,0.0,17.23,33,1132.0,8,2271,2365,2503,2503,331,325,232,786,89,508,94,0,0,0,138,0,0,0,0,0,64,0.619
Course 3,46,33,1.39,0.46,52,100.0,0,0,0,0,0,57,100.0,34.96,901,0.0,0.0,0.0,0.0,0.0,0.0,0.0,0.0,14.86,33,3109.0,10,1903,1909,2068,2068,103,266,261,481,384,408,3,3,0,105,54,0,0,0,0,0,55,0.702
Course 3,20,14,1.43,0.35,30,100.0,0,0,0,0,0,31,100.0,37.7,340,0.0,0.0,0.0,0.0,0.0,0.0,0.0,0.0,14.9,14,1040.0,6,823,823,823,823,73,159,210,49,238,94,0,0,0,0,0,0,0,0,0,0,30,0.684
Course 3,15,12,1.25,0.16,19,100.0,0,0,0,0,0,21,100.0,46.12,220,0.0,0.0,0.0,0.0,0.0,0.0,0.0,0.0,12.92,11,1063.0,4,522,522,566,566,317,168,0,0,37,0,0,0,0,0,44,0,0,0,0,0,21,0.338
Course 3,73,48,1.52,0.66,86,100.0,0,0,0,0,0,86,100.0,38.38,1727,0.0,0.0,0.0,0.0,0.0,0.0,0.0,0.0,12.76,47,4011.0,11,3947,4102,4217,4217,409,492,466,1281,810,489,115,1,39,59,56,0,0,0,0,0,80,0.82
Course 3,37,30,1.23,0.42,44,100.0,0,0,0,0,0,58,100.0,40.48,798,0.0,0.0,0.0,0.0,0.0,0.0,0.0,0.0,13.71,30,724.0,8,1730,1829,1904,1904,174,311,350,207,330,358,99,0,0,0,75,0,0,0,0,0,56,0.595
Course 3,31,26,1.19,0.38,47,100.0,0,0,0,0,0,43,100.0,33.19,604,0.0,0.0,0.0,0.0,0.0,0.0,0.0,0.0,14.5,26,2877.0,8,1456,1457,1511,1511,167,212,86,319,406,266,0,1,0,0,54,0,0,0,0,0,43,0.613
Course 3,19,12,1.58,0.39,35,100.0,0,0,0,0,0,30,100.0,40.32,307,0.0,0.0,0.0,0.0,0.0,0.0,0.0,0.0,13.2,12,624.0,5,711,711,711,711,53,261,251,6,140,0,0,0,0,0,0,0,0,0,0,0,30,0.726
Course 3,54,46,1.17,0.7,24,100.0,0,0,0,0,0,84,100.0,39.49,1736,0.0,0.0,0.0,0.0,0.0,0.0,0.0,0.0,14.25,46,2290.0,9,3684,3906,3941,3941,333,455,515,1113,747,521,204,18,0,35,0,0,0,0,0,0,84,0.814
Course 3,21,19,1.11,0.58,28,100.0,0,0,0,0,0,38,100.0,43.99,443,0.0,0.0,0.0,0.0,0.0,0.0,0.0,0.0,13.98,19,541.0,4,1116,1116,1116,1116,254,269,392,0,201,0,0,0,0,0,0,0,0,0,0,0,38,0.746
Course 3,127,71,1.79,0.84,38,100.0,0,0,0,0,0,101,100.0,27.82,1395,0.0,0.0,0.0,0.0,0.0,0.0,0.0,0.0,10.39,71,19739.0,13,2192,2558,3084,3087,219,273,253,722,381,344,21,143,202,139,267,120,3,0,0,0,97,0.838
Course 3,18,17,1.06,0.49,38,100.0,0,0,0,0,0,43,100.0,38.33,629,0.0,0.0,0.0,0.0,0.0,0.0,0.0,0.0,14.32,17,1200.0,6,1469,1469,1469,1469,54,272,171,473,403,96,0,0,0,0,0,0,0,0,0,0,43,0.795
Course 3,50,39,1.28,0.47,94,100.0,0,0,0,0,0,62,100.0,32.94,819,0.0,0.0,0.0,0.0,0.0,0.0,0.0,0.0,12.96,38,3121.0,11,2001,2022,2251,2251,305,447,493,309,308,139,0,4,17,52,103,74,0,0,0,0,60,0.702
Course 3,26,23,1.13,0.48,50,100.0,0,0,0,0,0,43,100.0,37.81,697,0.0,0.0,0.0,0.0,0.0,0.0,0.0,0.0,14.53,23,2415.0,8,1611,1619,1619,1619,57,251,240,241,518,304,4,4,0,0,0,0,0,0,0,0,43,0.75
Course 3,109,60,1.82,0.72,104,99.17,0,0,0,0,0,122,99.17,31.61,1693,0.0,0.0,0.0,0.0,0.0,0.0,0.0,0.0,15.73,58,4637.0,12,3056,3507,3953,3953,347,233,346,845,758,527,99,115,237,162,185,99,0,0,0,0,120,0.815
Course 3,28,22,1.27,0.31,29,100.0,0,0,0,0,0,37,100.0,42.05,385,0.0,0.0,0.0,0.0,0.0,0.0,0.0,0.0,14.26,21,1034.0,6,945,945,949,949,256,248,286,1,154,0,0,0,0,0,4,0,0,0,0,0,36,0.438
Course 3,54,38,1.42,0.49,61,100.0,0,0,0,0,0,83,100.0,32.04,916,0.0,0.0,0.0,0.0,0.0,0.0,0.0,0.0,16.05,37,2655.0,11,1706,2075,2184,2184,109,245,288,289,540,235,84,46,239,82,27,0,0,0,0,0,82,0.729
Course 3,97,56,1.73,0.67,87,100.0,0,0,0,0,0,112,100.0,30.85,2434,0.0,0.0,0.0,0.0,0.0,0.0,0.0,0.0,11.78,55,9995.0,11,4119,4383,5075,5075,607,553,1247,949,465,298,0,12,252,338,309,45,0,0,0,0,103,0.809
Course 3,72,52,1.38,0.62,97,100.0,0,0,0,0,0,105,100.0,36.61,1594,0.0,0.0,0.0,0.0,0.0,0.0,0.0,0.0,16.35,52,2590.0,13,2875,3330,3646,3650,262,260,355,945,599,454,127,3,325,27,113,176,4,0,0,0,104,0.789
Course 3,147,71,2.07,0.84,127,100.0,0,0,0,0,0,136,100.0,32.6,2149,0.0,0.0,0.0,0.0,0.0,0.0,0.0,0.0,14.95,70,8329.0,13,3207,3916,4769,4770,295,399,369,787,768,589,117,143,449,299,287,267,1,0,0,0,132,0.859
Course 3,30,28,1.07,0.72,50,100.0,0,0,0,0,0,54,100.0,42.23,880,0.0,0.0,0.0,0.0,0.0,0.0,0.0,0.0,16.65,28,464.0,6,2050,2050,2050,2050,306,346,332,403,483,180,0,0,0,0,0,0,0,0,0,0,53,0.841
Course 3,37,34,1.09,0.49,47,100.0,0,0,0,0,0,63,100.0,40.84,989,0.0,0.0,0.0,0.0,0.0,0.0,0.0,0.0,15.99,34,981.0,10,2303,2363,2393,2393,258,274,325,484,609,353,0,6,54,29,1,0,0,0,0,0,63,0.717
Course 3,3,3,1.0,0.09,5,100.0,0,0,0,0,0,3,100.0,33.33,36,0.0,0.0,0.0,0.0,0.0,0.0,0.0,0.0,16.22,3,34.0,3,87,87,87,87,0,63,0,0,4,20,0,0,0,0,0,0,0,0,0,0,3,0.278
Course 3,66,44,1.5,0.63,67,100.0,0,0,0,0,0,81,100.0,39.93,1246,0.0,0.0,0.0,0.0,0.0,0.0,0.0,0.0,12.7,43,4939.0,11,2742,2919,2988,2988,262,266,443,822,570,379,88,77,12,63,6,0,0,0,0,0,79,0.794
Course 3,38,31,1.23,0.82,46,100.0,0,0,0,0,0,55,100.0,44.94,859,0.0,0.0,0.0,0.0,0.0,0.0,0.0,0.0,13.77,30,1121.0,6,2150,2150,2150,2150,319,277,331,562,492,169,0,0,0,0,0,0,0,0,0,0,55,0.861
Course 3,43,33,1.3,0.61,40,100.0,0,0,0,0,0,62,100.0,45.66,1066,0.0,0.0,0.0,0.0,0.0,0.0,0.0,0.0,14.02,33,1750.0,7,2537,2543,2543,2543,274,249,388,580,742,304,0,6,0,0,0,0,0,0,0,0,62,0.734
Course 3,168,78,2.15,0.93,372,100.0,0,0,0,0,0,222,100.0,35.43,3171,0.0,0.0,0.0,0.0,0.0,0.0,0.0,0.0,12.26,78,14936.0,13,5757,6562,7345,7347,345,252,347,1717,1702,1394,476,47,282,304,238,241,2,0,0,0,137,0.897
Course 3,14,11,1.27,0.3,12,100.0,0,0,0,0,0,34,100.0,40.75,323,0.0,0.0,0.0,0.0,0.0,0.0,0.0,0.0,17.17,10,318.0,4,734,734,734,734,41,198,476,19,0,0,0,0,0,0,0,0,0,0,0,0,34,0.757
Course 3,65,41,1.59,0.58,57,100.0,0,0,0,0,0,80,100.0,41.39,1406,0.0,0.0,0.0,0.0,0.0,0.0,0.0,0.0,13.04,41,2865.0,8,3177,3180,3254,3254,256,456,419,901,778,367,3,0,0,0,74,0,0,0,0,0,76,0.657
Course 3,23,20,1.15,0.33,70,100.0,0,0,0,0,0,41,100.0,37.11,606,0.0,0.0,0.0,0.0,0.0,0.0,0.0,0.0,14.24,20,2207.0,7,1434,1435,1435,1435,355,232,138,338,360,11,0,0,1,0,0,0,0,0,0,0,39,0.622
Course 3,92,63,1.46,0.76,104,100.0,0,0,0,0,0,130,100.0,33.81,2185,0.0,0.0,0.0,0.0,0.0,0.0,0.0,0.0,15.02,63,2969.0,12,4054,4489,5070,5070,318,364,359,1196,993,824,200,34,201,215,129,237,0,0,0,0,126,0.838
Course 3,8,8,1.0,0.14,10,100.0,0,0,0,0,0,10,100.0,30.57,190,0.0,0.0,0.0,0.0,0.0,0.0,0.0,0.0,5.56,8,137.0,6,393,432,432,432,20,32,0,11,240,90,0,0,39,0,0,0,0,0,0,0,10,0.409
Course 3,118,63,1.87,0.85,34,100.0,0,0,0,0,0,113,100.0,36.45,2103,0.0,0.0,0.0,0.0,0.0,0.0,0.0,0.0,11.74,64,21159.0,11,4149,4489,4745,4745,436,501,590,1322,754,546,42,130,168,182,74,0,0,0,0,0,99,0.876
Course 3,11,11,1.0,0.31,14,100.0,0,0,0,0,0,17,100.0,44.5,220,0.0,0.0,0.0,0.0,0.0,0.0,0.0,0.0,7.78,10,146.0,5,531,531,531,531,132,76,37,0,196,90,0,0,0,0,0,0,0,0,0,0,17,0.594
Course 3,35,29,1.21,0.73,74,100.0,0,0,0,0,0,58,100.0,41.93,992,0.0,0.0,0.0,0.0,0.0,0.0,0.0,0.0,16.49,29,565.0,6,2324,2324,2324,2324,234,240,211,530,583,526,0,0,0,0,0,0,0,0,0,0,56,0.85
Course 3,41,35,1.17,0.48,43,100.0,0,0,0,0,0,50,100.0,29.72,907,0.0,0.0,0.0,0.0,0.0,0.0,0.0,0.0,11.37,32,593.0,10,1937,1966,2016,2016,129,264,123,536,478,407,0,2,27,11,39,0,0,0,0,0,49,0.715
Course 3,52,40,1.3,0.51,85,100.0,0,0,0,0,0,75,100.0,20.13,689,0.0,0.0,0.0,0.0,0.0,0.0,0.0,0.0,10.9,40,3353.0,12,1286,1575,1745,1745,53,275,227,130,331,270,4,9,276,55,63,52,0,0,0,0,73,0.719
Course 3,36,28,1.29,0.8,55,100.0,0,0,0,0,0,52,100.0,41.91,999,0.0,0.0,0.0,0.0,0.0,0.0,0.0,0.0,13.45,27,4039.0,6,2441,2441,2441,2441,203,304,340,844,563,187,0,0,0,0,0,0,0,0,0,0,50,0.873
Course 3,56,38,1.47,0.54,69,100.0,0,0,0,0,0,54,100.0,37.94,809,0.0,0.0,0.0,0.0,0.0,0.0,0.0,0.0,12.34,38,3440.0,11,1789,1847,1962,1962,139,234,186,564,422,244,2,1,55,73,42,0,0,0,0,0,54,0.744
Course 3,53,38,1.39,0.88,53,100.0,0,0,0,0,0,77,100.0,41.04,1264,0.0,0.0,0.0,0.0,0.0,0.0,0.0,0.0,14.56,38,1706.0,7,2843,2937,2937,2937,234,279,372,752,691,515,94,0,0,0,0,0,0,0,0,0,73,0.883
Course 3,2,2,1.0,0.09,1,0.0,0,0,0,0,0,0,0.0,0.0,2,0.0,0.0,0.0,0.0,0.0,0.0,0.0,0.0,16.28,1,0.0,1,3,3,3,3,0,3,0,0,0,0,0,0,0,0,0,0,0,0,0,0,0,1.0
Course 3,48,35,1.37,0.47,70,100.0,0,0,0,0,0,67,100.0,40.84,1329,0.0,0.0,0.0,0.0,0.0,0.0,0.0,0.0,13.7,35,1907.0,8,3019,3039,3106,3106,214,346,521,1244,523,171,20,0,0,0,67,0,0,0,0,0,67,0.654
Course 3,53,33,1.61,0.49,78,100.0,0,0,0,0,0,58,100.0,41.67,1122,0.0,0.0,0.0,0.0,0.0,0.0,0.0,0.0,16.06,33,2303.0,7,2568,2568,2581,2581,352,337,258,437,613,571,0,0,0,13,0,0,0,0,0,0,55,0.637
Course 3,15,13,1.15,0.33,26,100.0,0,0,0,0,0,24,100.0,48.16,363,0.0,0.0,0.0,0.0,0.0,0.0,0.0,0.0,15.88,13,401.0,6,908,908,908,908,123,150,86,42,106,401,0,0,0,0,0,0,0,0,0,0,24,0.7
Course 3,19,18,1.06,0.33,22,100.0,0,0,0,0,0,25,100.0,39.91,360,0.0,0.0,0.0,0.0,0.0,0.0,0.0,0.0,11.9,16,320.0,6,797,799,799,799,174,192,99,215,117,0,0,2,0,0,0,0,0,0,0,0,24,0.547
Course 3,49,40,1.23,0.77,56,100.0,0,0,0,0,0,84,100.0,43.54,1551,0.0,0.0,0.0,0.0,0.0,0.0,0.0,0.0,15.18,40,1500.0,8,3501,3603,3603,3603,287,312,541,974,680,707,97,5,0,0,0,0,0,0,0,0,79,0.839
Course 3,2,2,1.0,0.4,2,100.0,0,0,0,0,0,4,100.0,48.0,29,0.0,0.0,0.0,0.0,0.0,0.0,0.0,0.0,16.8,2,18.0,2,74,74,74,74,45,29,0,0,0,0,0,0,0,0,0,0,0,0,0,0,4,0.683
Course 3,2,2,1.0,0.08,3,100.0,0,0,0,0,0,4,100.0,29.75,67,0.0,0.0,0.0,0.0,0.0,0.0,0.0,0.0,15.55,2,46.0,2,156,156,156,156,84,0,0,72,0,0,0,0,0,0,0,0,0,0,0,0,4,0.352
Course 3,12,8,1.5,0.3,12,100.0,0,0,0,0,0,12,100.0,40.75,155,0.0,0.0,0.0,0.0,0.0,0.0,0.0,0.0,13.88,8,406.0,4,379,379,379,379,87,77,0,100,115,0,0,0,0,0,0,0,0,0,0,0,12,0.552
Course 3,66,46,1.43,0.58,91,100.0,0,0,0,0,0,98,100.0,31.58,1483,0.0,0.0,0.0,0.0,0.0,0.0,0.0,0.0,12.82,46,1788.0,12,2990,3261,3550,3550,83,320,332,1004,772,479,24,101,146,26,128,135,0,0,0,0,96,0.783
Course 3,55,46,1.2,0.57,140,100.0,0,0,0,0,0,95,100.0,33.18,1881,0.0,0.0,0.0,0.0,0.0,0.0,0.0,0.0,16.7,46,5764.0,12,4029,4170,4524,4524,63,308,535,1188,1140,795,1,98,42,126,80,148,0,0,0,0,92,0.809
Course 3,65,46,1.41,0.63,117,100.0,0,0,0,0,0,79,100.0,43.03,1674,0.0,0.0,0.0,0.0,0.0,0.0,0.0,0.0,13.25,46,5143.0,9,3833,3954,3961,3961,393,580,486,1007,705,662,114,7,0,0,7,0,0,0,0,0,78,0.752
Course 3,37,28,1.32,0.38,5,100.0,0,0,0,0,0,45,100.0,25.85,773,0.0,0.0,0.0,0.0,0.0,0.0,0.0,0.0,11.37,28,2945.0,10,1608,1645,1751,1751,0,107,74,398,732,297,0,29,8,6,72,28,0,0,0,0,42,0.671
Course 3,69,50,1.38,0.59,120,100.0,0,0,0,0,0,88,100.0,38.06,1311,0.0,0.0,0.0,0.0,0.0,0.0,0.0,0.0,16.45,50,5634.0,12,2846,3071,3387,3389,378,255,531,672,553,457,194,31,0,58,103,155,2,0,0,0,87,0.772
Course 3,69,43,1.6,0.55,74,100.0,0,0,0,0,0,97,100.0,32.14,1517,0.0,0.0,0.0,0.0,0.0,0.0,0.0,0.0,13.62,43,7245.0,9,3581,3581,3776,3776,201,506,706,1028,713,427,0,0,0,23,95,77,0,0,0,0,77,0.684
Course 3,102,63,1.62,0.8,182,100.0,0,0,0,0,0,122,100.0,32.4,2085,0.0,0.0,0.0,0.0,0.0,0.0,0.0,0.0,15.34,63,9611.0,12,3911,4306,4752,4752,183,181,532,1481,1006,528,136,53,206,219,128,99,0,0,0,0,114,0.858
Course 3,55,43,1.28,0.58,64,100.0,0,0,0,0,0,86,100.0,37.79,1279,0.0,0.0,0.0,0.0,0.0,0.0,0.0,0.0,13.88,43,2225.0,10,2504,2615,2869,2869,0,400,327,755,557,465,101,5,5,0,98,156,0,0,0,0,85,0.744
Course 3,32,25,1.28,0.39,30,100.0,0,0,0,0,0,50,100.0,40.46,912,0.0,0.0,0.0,0.0,0.0,0.0,0.0,0.0,16.67,25,1553.0,7,1935,2030,2209,2209,0,0,220,735,659,321,95,0,0,0,62,117,0,0,0,0,43,0.603
Course 3,36,27,1.33,0.35,56,100.0,0,0,0,0,0,47,100.0,34.49,775,0.0,0.0,0.0,0.0,0.0,0.0,0.0,0.0,13.45,27,836.0,8,1583,1688,1881,1881,157,0,181,455,688,102,105,0,0,0,146,47,0,0,0,0,46,0.578
Course 3,41,32,1.28,0.4,72,100.0,0,0,0,0,0,50,100.0,40.97,700,0.0,0.0,0.0,0.0,0.0,0.0,0.0,0.0,12.83,31,1647.0,10,1744,1745,1840,1840,253,19,437,307,524,204,0,0,1,14,67,14,0,0,0,0,50,0.648
Course 3,69,44,1.57,0.68,82,100.0,0,0,0,0,0,75,100.0,40.46,1235,0.0,0.0,0.0,0.0,0.0,0.0,0.0,0.0,14.91,44,4315.0,10,2923,3031,3032,3032,307,276,325,765,696,554,99,3,6,1,0,0,0,0,0,0,74,0.82
Course 3,88,62,1.42,0.75,223,100.0,0,0,0,0,0,130,100.0,32.88,1825,0.0,0.0,0.0,0.0,0.0,0.0,0.0,0.0,12.78,62,5950.0,13,3397,4069,4587,4588,184,446,496,942,773,556,94,43,535,126,193,199,1,0,0,0,123,0.828
Course 3,15,12,1.25,0.55,20,100.0,0,0,0,0,0,19,100.0,33.67,312,0.0,0.0,0.0,0.0,0.0,0.0,0.0,0.0,15.82,10,129.0,4,694,694,694,694,0,157,63,389,85,0,0,0,0,0,0,0,0,0,0,0,19,0.734
Course 3,18,13,1.38,0.62,36,100.0,0,0,0,0,0,23,100.0,35.91,432,0.0,0.0,0.0,0.0,0.0,0.0,0.0,0.0,13.46,13,135.0,4,970,970,970,970,0,0,128,297,461,84,0,0,0,0,0,0,0,0,0,0,23,0.816
Course 3,22,19,1.16,0.73,46,100.0,0,0,0,0,0,36,100.0,44.69,654,0.0,0.0,0.0,0.0,0.0,0.0,0.0,0.0,16.07,18,469.0,5,1489,1489,1489,1489,0,48,134,585,556,166,0,0,0,0,0,0,0,0,0,0,36,0.844
Course 3,32,20,1.6,0.67,42,100.0,0,0,0,0,0,32,100.0,35.43,652,0.0,0.0,0.0,0.0,0.0,0.0,0.0,0.0,13.53,20,2113.0,5,1392,1392,1392,1392,0,117,93,446,519,217,0,0,0,0,0,0,0,0,0,0,31,0.816
Course 3,56,49,1.14,0.59,94,100.0,0,0,0,0,0,97,100.0,36.81,1339,0.0,0.0,0.0,0.0,0.0,0.0,0.0,0.0,13.57,49,1871.0,9,2856,2946,3203,3203,281,245,349,749,629,603,90,0,0,0,133,124,0,0,0,0,92,0.653
Course 3,83,45,1.84,0.62,94,100.0,0,0,0,0,0,85,100.0,42.41,1580,0.0,0.0,0.0,0.0,0.0,0.0,0.0,0.0,12.25,44,11113.0,9,3677,3774,3851,3851,501,356,547,1003,697,573,94,3,0,0,77,0,0,0,0,0,79,0.733
Course 3,22,17,1.29,0.81,36,100.0,0,0,0,0,0,36,100.0,40.54,708,0.0,0.0,0.0,0.0,0.0,0.0,0.0,0.0,14.21,17,719.0,4,1563,1563,1563,1563,0,0,136,757,580,90,0,0,0,0,0,0,0,0,0,0,36,0.879
Course 3,53,39,1.36,0.5,112,100.0,0,0,0,0,0,82,100.0,40.79,1723,0.0,0.0,0.0,0.0,0.0,0.0,0.0,0.0,12.7,39,3533.0,8,3873,3873,3962,3962,444,545,584,1092,895,313,0,0,0,0,55,34,0,0,0,0,76,0.661
Course 3,37,28,1.32,0.78,50,100.0,0,0,0,0,0,58,100.0,42.28,964,0.0,0.0,0.0,0.0,0.0,0.0,0.0,0.0,11.06,28,1159.0,6,2201,2201,2201,2201,172,189,250,931,566,93,0,0,0,0,0,0,0,0,0,0,57,0.862
Course 3,47,26,1.81,0.62,65,100.0,0,0,0,0,0,52,100.0,37.96,1003,0.0,0.0,0.0,0.0,0.0,0.0,0.0,0.0,12.43,25,2995.0,7,2143,2218,2218,2218,72,94,447,602,601,327,75,0,0,0,0,0,0,0,0,0,52,0.803
Course 3,43,34,1.26,0.49,45,100.0,0,0,0,0,0,72,100.0,34.3,1144,0.0,0.0,0.0,0.0,0.0,0.0,0.0,0.0,16.36,32,2187.0,8,2633,2680,2716,2716,213,178,360,856,582,444,47,0,0,0,36,0,0,0,0,0,69,0.634
Course 3,131,69,1.9,0.85,285,100.0,0,0,0,0,0,128,100.0,36.06,1845,0.0,0.0,0.0,0.0,0.0,0.0,0.0,0.0,13.21,69,9597.0,12,4047,4521,4955,4955,396,623,511,999,858,660,93,9,372,192,210,32,0,0,0,0,124,0.856
Course 3,35,28,1.25,0.4,76,100.0,0,0,0,0,0,58,100.0,37.36,971,0.0,0.0,0.0,0.0,0.0,0.0,0.0,0.0,16.07,28,2155.0,7,2181,2181,2238,2238,251,223,195,754,468,290,0,0,0,0,57,0,0,0,0,0,58,0.596
Course 3,94,65,1.45,0.78,159,100.0,0,0,0,0,0,127,100.0,33.19,1710,0.0,0.0,0.0,0.0,0.0,0.0,0.0,0.0,12.07,65,4385.0,12,3494,3951,4337,4337,425,374,485,876,717,617,98,77,282,51,139,196,0,0,0,0,117,0.84
Course 3,72,53,1.36,0.62,75,100.0,0,0,0,0,0,94,100.0,38.0,1844,0.0,0.0,0.0,0.0,0.0,0.0,0.0,0.0,13.75,52,3777.0,11,3798,3988,4217,4218,396,425,530,1112,700,635,95,95,0,0,146,83,1,0,0,0,92,0.724
Course 3,69,44,1.57,0.59,112,100.0,0,0,0,0,0,94,100.0,30.07,1196,0.0,0.0,0.0,0.0,0.0,0.0,0.0,0.0,13.54,44,3451.0,12,2322,2683,2966,2966,83,296,373,768,466,336,97,5,259,22,199,62,0,0,0,0,90,0.778
Course 3,72,49,1.47,0.65,104,100.0,0,0,0,0,0,111,100.0,37.33,2127,0.0,0.0,0.0,0.0,0.0,0.0,0.0,0.0,14.72,48,4715.0,12,4354,4807,4997,4997,393,608,905,1104,787,557,104,70,279,109,78,3,0,0,0,0,104,0.825
Course 3,18,15,1.2,0.41,35,100.0,0,0,0,0,0,21,100.0,33.34,300,0.0,0.0,0.0,0.0,0.0,0.0,0.0,0.0,14.61,14,205.0,6,717,717,717,717,46,175,80,219,97,100,0,0,0,0,0,0,0,0,0,0,21,0.684
Course 3,131,80,1.64,0.94,251,100.0,0,0,0,0,0,137,100.0,33.57,2244,0.0,0.0,0.0,0.0,0.0,0.0,0.0,0.0,11.5,80,7345.0,13,4192,4855,5529,5530,328,275,392,1281,1008,908,334,31,298,195,257,222,1,0,0,0,134,0.885
Course 3,91,54,1.69,0.67,181,100.0,0,0,0,0,0,98,100.0,37.76,1525,0.0,0.0,0.0,0.0,0.0,0.0,0.0,0.0,11.17,54,7728.0,10,3255,3343,3658,3658,409,396,358,871,667,554,88,0,0,140,32,143,0,0,0,0,96,0.732
Course 3,76,49,1.55,0.6,174,100.0,0,0,0,0,0,91,100.0,36.76,1497,0.0,0.0,0.0,0.0,0.0,0.0,0.0,0.0,11.99,49,4378.0,10,3141,3249,3501,3501,292,540,334,799,695,481,108,0,0,97,15,140,0,0,0,0,91,0.721
Course 3,113,63,1.79,0.74,146,100.0,0,0,0,0,0,115,100.0,33.01,1649,0.0,0.0,0.0,0.0,0.0,0.0,0.0,0.0,12.68,63,11082.0,13,3146,3660,4013,4015,479,285,615,810,592,365,104,50,360,130,96,127,2,0,0,0,114,0.837
Course 3,70,41,1.71,0.53,131,100.0,0,0,0,0,0,83,100.0,39.06,1315,0.0,0.0,0.0,0.0,0.0,0.0,0.0,0.0,14.76,41,5983.0,11,2819,2918,3179,3179,371,251,418,728,541,510,15,0,84,170,58,33,0,0,0,0,81,0.734
Course 3,141,65,2.17,0.77,217,100.0,0,0,0,0,0,135,100.0,34.12,1773,0.0,0.0,0.0,0.0,0.0,0.0,0.0,0.0,12.66,65,6443.0,13,3331,3858,4420,4421,373,300,419,1026,648,565,257,16,254,159,209,194,1,0,0,0,130,0.828
Course 3,72,42,1.71,0.55,81,100.0,0,0,0,0,0,74,100.0,35.26,1388,0.0,0.0,0.0,0.0,0.0,0.0,0.0,0.0,13.92,42,3476.0,10,3118,3122,3237,3237,254,388,552,1045,600,279,0,4,0,23,54,38,0,0,0,0,69,0.739
Course 3,97,59,1.64,0.72,144,100.0,0,0,0,0,0,114,100.0,34.88,1611,0.0,0.0,0.0,0.0,0.0,0.0,0.0,0.0,11.97,59,6325.0,12,3029,3586,3896,3896,349,288,296,893,708,495,80,242,235,71,111,128,0,0,0,0,113,0.824
Course 3,147,76,1.93,0.92,228,100.0,0,0,0,0,0,134,100.0,32.31,1924,0.0,0.0,0.0,0.0,0.0,0.0,0.0,0.0,13.26,76,17376.0,13,3722,4407,4949,4955,256,483,671,924,810,578,159,279,247,158,226,158,6,0,0,0,132,0.874
Course 3,78,49,1.59,0.65,91,100.0,0,0,0,0,0,86,100.0,32.18,1602,0.0,0.0,0.0,0.0,0.0,0.0,0.0,0.0,11.24,49,8140.0,11,3650,3779,3907,3907,397,376,556,1012,746,563,88,3,38,20,108,0,0,0,0,0,81,0.793
Course 3,81,50,1.62,0.6,82,100.0,0,0,0,0,0,107,100.0,37.16,1465,0.0,0.0,0.0,0.0,0.0,0.0,0.0,0.0,13.76,50,4937.0,12,3119,3258,3577,3577,288,242,431,873,750,535,60,16,63,58,132,129,0,0,0,0,104,0.78
Course 3,14,12,1.17,0.38,17,100.0,0,0,0,0,0,21,100.0,13.1,353,0.0,0.0,0.0,0.0,0.0,0.0,0.0,0.0,11.27,11,694.0,4,788,788,788,788,47,0,173,310,258,0,0,0,0,0,0,0,0,0,0,0,19,0.636
Course 3,51,35,1.46,0.49,79,100.0,0,0,0,0,0,69,100.0,42.45,1110,0.0,0.0,0.0,0.0,0.0,0.0,0.0,0.0,13.08,34,4110.0,7,2568,2568,2614,2614,291,277,268,742,621,369,0,0,0,0,46,0,0,0,0,0,69,0.609
Course 3,21,15,1.4,0.65,36,100.0,0,0,0,0,0,42,100.0,45.27,621,0.0,0.0,0.0,0.0,0.0,0.0,0.0,0.0,13.89,15,726.0,4,1412,1412,1412,1412,0,0,301,278,573,260,0,0,0,0,0,0,0,0,0,0,41,0.82
Course 3,12,11,1.09,0.46,15,100.0,0,0,0,0,0,22,100.0,41.56,367,0.0,0.0,0.0,0.0,0.0,0.0,0.0,0.0,14.71,11,965.0,3,863,863,863,863,142,0,103,618,0,0,0,0,0,0,0,0,0,0,0,0,22,0.714
Course 3,96,66,1.45,0.79,125,100.0,0,0,0,0,0,124,100.0,34.71,1555,0.0,0.0,0.0,0.0,0.0,0.0,0.0,0.0,12.02,66,4759.0,13,3034,3430,4010,4011,245,294,309,840,756,590,161,40,195,110,229,241,1,0,0,0,122,0.834
Course 3,27,23,1.17,0.29,38,100.0,0,0,0,0,0,57,100.0,42.57,837,0.0,0.0,0.0,0.0,0.0,0.0,0.0,0.0,12.45,21,1601.0,7,2004,2004,2062,2062,113,208,425,768,284,206,0,0,0,0,0,58,0,0,0,0,56,0.508
Course 3,14,13,1.08,0.17,5,100.0,0,0,0,0,0,25,100.0,23.9,321,0.0,0.0,0.0,0.0,0.0,0.0,0.0,0.0,14.35,12,966.0,5,869,869,1000,1000,138,0,213,326,192,0,0,0,0,0,0,131,0,0,0,0,24,0.396
Course 3,16,10,1.6,0.18,20,100.0,0,0,0,0,0,16,100.0,31.23,343,0.0,0.0,0.0,0.0,0.0,0.0,0.0,0.0,15.15,10,884.0,5,756,756,779,779,0,0,108,486,75,87,0,0,0,0,23,0,0,0,0,0,15,0.424
Course 3,62,40,1.55,0.69,61,100.0,0,0,0,0,0,86,100.0,41.96,1303,0.0,0.0,0.0,0.0,0.0,0.0,0.0,0.0,14.02,40,2632.0,9,2876,3086,3086,3086,148,232,431,850,685,530,177,23,10,0,0,0,0,0,0,0,85,0.815
Course 3,52,42,1.24,0.51,40,100.0,0,0,0,0,0,84,100.0,32.35,1151,0.0,0.0,0.0,0.0,0.0,0.0,0.0,0.0,15.14,42,1926.0,10,2419,2531,2835,2835,51,325,354,748,557,384,102,10,0,0,104,200,0,0,0,0,82,0.684
Course 3,12,11,1.09,0.39,23,100.0,0,0,0,0,0,17,100.0,39.74,230,0.0,0.0,0.0,0.0,0.0,0.0,0.0,0.0,13.28,11,102.0,5,512,512,512,512,0,31,70,208,144,59,0,0,0,0,0,0,0,0,0,0,16,0.688
Course 3,53,40,1.33,0.91,85,100.0,0,0,0,0,0,75,100.0,37.95,1158,0.0,0.0,0.0,0.0,0.0,0.0,0.0,0.0,15.2,40,2717.0,7,2755,2760,2760,2760,239,213,329,872,628,474,5,0,0,0,0,0,0,0,0,0,72,0.881
Course 3,45,36,1.25,0.47,71,100.0,0,0,0,0,0,70,100.0,41.25,985,0.0,0.0,0.0,0.0,0.0,0.0,0.0,0.0,14.75,36,2180.0,8,2250,2250,2317,2317,181,276,334,693,563,203,0,0,0,0,38,29,0,0,0,0,69,0.593
Course 3,104,58,1.79,0.76,117,100.0,0,0,0,0,0,85,100.0,31.5,1659,0.0,0.0,0.0,0.0,0.0,0.0,0.0,0.0,11.93,58,7271.0,12,3495,3704,3810,3810,233,397,547,987,749,582,96,13,100,42,63,1,0,0,0,0,82,0.836
Course 3,46,39,1.18,0.49,55,100.0,0,0,0,0,0,78,100.0,25.07,1131,0.0,0.0,0.0,0.0,0.0,0.0,0.0,0.0,8.86,39,1197.0,10,2171,2362,2570,2570,134,103,310,806,552,266,89,102,0,0,68,140,0,0,0,0,77,0.698
Course 3,102,59,1.73,0.71,103,100.0,0,0,0,0,0,112,100.0,36.25,1581,0.0,0.0,0.0,0.0,0.0,0.0,0.0,0.0,13.3,58,4308.0,12,3113,3328,3746,3746,342,245,375,802,811,538,76,47,92,69,202,147,0,0,0,0,111,0.823
Course 3,54,47,1.15,0.58,60,100.0,0,0,0,0,0,98,100.0,35.57,1439,0.0,0.0,0.0,0.0,0.0,0.0,0.0,0.0,13.91,47,1245.0,10,2910,3003,3382,3382,131,334,277,860,690,618,90,0,3,0,189,190,0,0,0,0,98,0.723
Course 3,62,41,1.51,0.5,101,100.0,0,0,0,0,0,85,100.0,37.58,1267,0.0,0.0,0.0,0.0,0.0,0.0,0.0,0.0,9.89,41,2459.0,10,2496,2708,2858,2858,146,224,280,746,652,448,87,125,0,0,77,73,0,0,0,0,84,0.677
Course 3,88,64,1.38,0.78,95,100.0,0,0,0,0,0,131,100.0,32.97,1876,0.0,0.0,0.0,0.0,0.0,0.0,0.0,0.0,13.05,64,6380.0,13,3413,3956,4491,4492,175,257,574,971,799,637,109,158,276,127,190,218,1,0,0,0,126,0.838
Course 3,36,28,1.29,0.58,81,100.0,0,0,0,0,0,49,100.0,26.88,722,0.0,0.0,0.0,0.0,0.0,0.0,0.0,0.0,11.98,27,2196.0,8,1714,1723,1723,1723,146,207,240,478,443,200,4,5,0,0,0,0,0,0,0,0,47,0.777
Course 3,26,18,1.44,0.5,23,100.0,0,0,0,0,0,30,100.0,43.5,431,0.0,0.0,0.0,0.0,0.0,0.0,0.0,0.0,15.87,17,955.0,6,1017,1017,1017,1017,221,80,179,86,351,100,0,0,0,0,0,0,0,0,0,0,29,0.746
Course 3,101,71,1.42,0.88,104,100.0,0,0,0,0,0,129,100.0,33.25,1507,0.0,0.0,0.0,0.0,0.0,0.0,0.0,0.0,10.47,71,3573.0,12,2639,3165,3620,3620,267,237,271,731,627,506,181,102,243,89,212,154,0,0,0,0,128,0.854
Course 3,100,72,1.39,0.86,104,100.0,0,0,0,0,0,132,100.0,33.6,1656,0.0,0.0,0.0,0.0,0.0,0.0,0.0,0.0,11.27,72,4784.0,13,2762,3244,3803,3805,237,228,329,758,670,540,186,94,202,111,258,190,2,0,0,0,130,0.855
Course 3,37,32,1.16,0.41,55,100.0,0,0,0,0,0,53,100.0,27.69,560,0.0,0.0,0.0,0.0,0.0,0.0,0.0,0.0,13.47,31,1384.0,12,990,1065,1478,1478,59,144,150,248,277,112,28,5,42,111,200,102,0,0,0,0,49,0.666
Course 3,54,41,1.32,0.51,10,100.0,0,0,0,0,0,87,100.0,34.09,1079,0.0,0.0,0.0,0.0,0.0,0.0,0.0,0.0,11.96,41,3933.0,9,2115,2182,2415,2415,235,92,391,667,544,186,0,0,67,0,125,108,0,0,0,0,86,0.675
Course 3,91,71,1.28,0.84,63,100.0,0,0,0,0,0,133,100.0,33.8,2179,0.0,0.0,0.0,0.0,0.0,0.0,0.0,0.0,11.36,71,5078.0,13,4019,4568,5170,5171,339,450,444,902,960,924,350,43,156,201,227,174,1,0,0,0,130,0.86
Course 3,61,53,1.15,0.65,108,100.0,0,0,0,0,0,105,100.0,36.2,1562,0.0,0.0,0.0,0.0,0.0,0.0,0.0,0.0,15.27,53,2205.0,11,3143,3369,3769,3769,286,247,367,955,730,558,103,23,100,0,213,187,0,0,0,0,103,0.782
Course 3,75,61,1.23,0.72,13,100.0,0,0,0,0,0,117,100.0,35.73,1624,0.0,0.0,0.0,0.0,0.0,0.0,0.0,0.0,13.74,61,3931.0,12,2768,3248,3682,3684,218,210,349,877,543,571,85,0,395,87,149,198,2,0,0,0,117,0.788
Course 3,125,63,1.98,0.76,139,100.0,0,0,0,0,0,130,100.0,34.34,1628,0.0,0.0,0.0,0.0,0.0,0.0,0.0,0.0,12.79,62,7293.0,12,2965,3452,3963,3963,235,262,362,889,673,544,189,17,281,153,195,163,0,0,0,0,128,0.819
Course 3,78,57,1.37,0.71,83,100.0,0,0,0,0,0,105,100.0,29.84,1620,0.0,0.0,0.0,0.0,0.0,0.0,0.0,0.0,13.16,57,2299.0,12,3141,3365,3614,3614,284,283,412,1006,618,538,98,89,37,131,88,30,0,0,0,0,101,0.808
Course 3,13,12,1.08,0.71,14,100.0,0,0,0,0,0,30,100.0,42.73,276,0.0,0.0,0.0,0.0,0.0,0.0,0.0,0.0,14.37,12,175.0,3,671,671,671,671,249,251,171,0,0,0,0,0,0,0,0,0,0,0,0,0,30,0.831
Course 3,27,19,1.42,0.53,39,100.0,0,0,0,0,0,45,100.0,44.15,626,0.0,0.0,0.0,0.0,0.0,0.0,0.0,0.0,16.68,18,2039.0,6,1466,1466,1466,1466,206,151,279,425,301,104,0,0,0,0,0,0,0,0,0,0,44,0.791
Course 3,9,7,1.29,0.5,19,100.0,0,0,0,0,0,11,100.0,45.32,138,0.0,0.0,0.0,0.0,0.0,0.0,0.0,0.0,15.81,7,95.0,3,329,329,329,329,0,86,147,96,0,0,0,0,0,0,0,0,0,0,0,0,11,0.74
Course 3,46,40,1.15,0.5,104,100.0,0,0,0,0,0,84,100.0,35.06,1509,0.0,0.0,0.0,0.0,0.0,0.0,0.0,0.0,15.42,40,1511.0,10,2940,3129,3469,3469,159,160,111,841,777,892,0,0,189,136,62,142,0,0,0,0,82,0.729
Course 3,59,40,1.48,0.56,33,100.0,0,0,0,0,0,94,100.0,31.79,1460,0.0,0.0,0.0,0.0,0.0,0.0,0.0,0.0,13.57,40,3847.0,10,2735,3226,3312,3312,185,187,331,911,735,386,0,97,394,59,27,0,0,0,0,0,94,0.779
Course 3,87,49,1.78,0.6,104,100.0,0,0,0,0,0,104,100.0,34.01,1341,0.0,0.0,0.0,0.0,0.0,0.0,0.0,0.0,16.42,49,5222.0,11,2351,2745,3082,3082,137,267,357,640,458,492,84,0,310,77,147,113,0,0,0,0,104,0.756
Course 3,97,67,1.45,0.81,125,100.0,0,0,0,0,0,116,100.0,34.51,2216,0.0,0.0,0.0,0.0,0.0,0.0,0.0,0.0,13.17,67,8931.0,12,4220,4767,5122,5122,457,464,662,995,880,762,148,78,321,198,96,61,0,0,0,0,113,0.854
Course 3,129,58,2.22,0.73,151,100.0,0,0,0,0,0,130,100.0,31.38,1476,0.0,0.0,0.0,0.0,0.0,0.0,0.0,0.0,13.75,58,9829.0,12,2789,3200,3574,3574,266,189,384,790,721,439,86,60,265,143,159,72,0,0,0,0,123,0.813
Course 3,69,48,1.44,0.59,76,100.0,0,0,0,0,0,92,100.0,38.36,1351,0.0,0.0,0.0,0.0,0.0,0.0,0.0,0.0,13.0,47,2874.0,12,2692,2873,3134,3134,173,250,298,909,543,519,16,111,54,88,79,94,0,0,0,0,92,0.775
Course 3,79,48,1.65,0.61,262,100.0,0,0,0,0,0,100,100.0,34.12,1459,0.0,0.0,0.0,0.0,0.0,0.0,0.0,0.0,15.84,48,2893.0,11,2997,3282,3472,3472,269,501,302,794,647,484,96,0,189,64,61,65,0,0,0,0,95,0.763
Course 3,68,55,1.24,0.77,93,100.0,0,0,0,0,0,103,100.0,38.94,2318,0.0,0.0,0.0,0.0,0.0,0.0,0.0,0.0,13.87,55,3368.0,11,4483,5036,5238,5238,249,284,440,1532,1059,919,56,320,177,152,50,0,0,0,0,0,101,0.862
Course 3,83,48,1.73,0.62,102,100.0,0,0,0,0,0,107,100.0,33.84,1174,0.0,0.0,0.0,0.0,0.0,0.0,0.0,0.0,13.87,48,6118.0,12,2180,2549,2835,2835,150,212,284,742,563,229,83,70,216,119,109,58,0,0,0,0,106,0.782
Course 3,78,62,1.26,0.77,9,100.0,0,0,0,0,0,144,100.0,27.34,1886,0.0,0.0,0.0,0.0,0.0,0.0,0.0,0.0,13.42,56,5579.0,12,3699,4303,4855,4855,198,379,424,1256,928,514,256,71,277,151,228,173,0,0,0,0,129,0.83
Course 3,101,52,1.94,0.66,113,100.0,0,0,0,0,0,112,100.0,34.05,1343,0.0,0.0,0.0,0.0,0.0,0.0,0.0,0.0,14.21,52,8468.0,12,2482,2886,3206,3206,271,216,275,717,706,297,89,84,231,127,130,63,0,0,0,0,112,0.799
Course 3,101,77,1.31,0.91,162,100.0,0,0,0,0,0,133,100.0,34.59,1733,0.0,0.0,0.0,0.0,0.0,0.0,0.0,0.0,12.12,77,4977.0,13,3154,3583,4137,4139,309,306,343,1007,651,538,225,58,146,184,199,171,2,0,0,0,133,0.863
Course 3,41,37,1.11,0.52,42,100.0,0,0,0,0,0,75,100.0,34.01,967,0.0,0.0,0.0,0.0,0.0,0.0,0.0,0.0,13.9,36,2272.0,10,2075,2256,2429,2429,316,340,242,484,571,122,0,83,98,85,88,0,0,0,0,0,75,0.725
Course 3,95,63,1.51,0.74,192,100.0,0,0,0,0,0,133,100.0,30.87,1670,0.0,0.0,0.0,0.0,0.0,0.0,0.0,0.0,15.55,63,6043.0,12,2997,3525,4126,4129,299,241,482,810,629,536,95,0,433,214,180,207,3,0,0,0,124,0.792
Course 3,94,53,1.77,0.68,102,100.0,0,0,0,0,0,103,100.0,36.44,1840,0.0,0.0,0.0,0.0,0.0,0.0,0.0,0.0,14.34,53,5678.0,12,3775,4205,4452,4452,505,670,619,783,693,505,203,47,180,125,104,18,0,0,0,0,98,0.822
Course 3,144,74,1.95,0.87,151,100.0,0,0,0,0,0,136,100.0,31.84,1384,0.0,0.0,0.0,0.0,0.0,0.0,0.0,0.0,13.32,74,13657.0,13,2496,2962,3468,3470,233,191,379,699,628,366,88,162,216,156,186,164,2,0,0,0,131,0.843
Course 3,40,32,1.25,0.48,42,100.0,0,0,0,0,0,59,100.0,38.22,894,0.0,0.0,0.0,0.0,0.0,0.0,0.0,0.0,15.07,32,2454.0,9,1961,2044,2067,2067,218,181,119,659,571,213,43,0,40,23,0,0,0,0,0,0,58,0.699
Course 3,17,15,1.13,0.23,40,100.0,0,0,0,0,0,35,100.0,36.34,726,0.0,0.0,0.0,0.0,0.0,0.0,0.0,0.0,14.9,14,381.0,6,1641,1641,1641,1641,39,220,54,271,904,153,0,0,0,0,0,0,0,0,0,0,34,0.745
Course 3,96,61,1.57,0.72,80,100.0,0,0,0,0,0,110,100.0,36.04,1577,0.0,0.0,0.0,0.0,0.0,0.0,0.0,0.0,15.15,60,3670.0,13,3115,3532,3912,3913,286,270,462,815,638,644,264,45,108,68,155,157,1,0,0,0,109,0.83
Course 3,90,63,1.43,0.74,112,100.0,0,0,0,0,0,123,100.0,35.3,1561,0.0,0.0,0.0,0.0,0.0,0.0,0.0,0.0,13.23,63,5164.0,13,3107,3423,3910,3912,289,485,309,801,669,554,94,54,168,172,184,131,2,0,0,0,120,0.819
Course 3,24,21,1.14,0.34,35,100.0,0,0,0,0,0,46,100.0,44.82,1070,0.0,0.0,0.0,0.0,0.0,0.0,0.0,0.0,15.13,21,924.0,6,2286,2288,2288,2288,226,229,209,995,627,0,0,0,2,0,0,0,0,0,0,0,45,0.6
Course 3,105,74,1.42,0.89,168,100.0,0,0,0,0,0,137,100.0,32.84,1822,0.0,0.0,0.0,0.0,0.0,0.0,0.0,0.0,12.71,74,10549.0,12,3434,3996,4743,4743,421,395,480,901,618,619,263,56,243,231,267,249,0,0,0,0,134,0.868
Course 3,59,43,1.37,0.53,47,100.0,0,0,0,0,0,81,100.0,35.28,1450,0.0,0.0,0.0,0.0,0.0,0.0,0.0,0.0,15.72,43,5294.0,11,3175,3260,3510,3510,285,397,436,975,723,359,59,0,26,69,82,99,0,0,0,0,74,0.763
Course 3,45,35,1.29,0.54,44,100.0,0,0,0,0,0,67,100.0,20.07,720,0.0,0.0,0.0,0.0,0.0,0.0,0.0,0.0,16.55,34,2149.0,10,1467,1711,1785,1785,128,287,286,653,31,82,90,84,70,74,0,0,0,0,0,0,64,0.748
Course 3,84,64,1.31,0.77,71,100.0,0,0,0,0,0,132,100.0,34.43,1633,0.0,0.0,0.0,0.0,0.0,0.0,0.0,0.0,14.12,64,1472.0,12,2732,3137,3743,3743,257,250,271,841,590,523,215,32,158,193,218,195,0,0,0,0,131,0.822
Course 3,51,39,1.31,0.49,59,100.0,0,0,0,0,0,73,100.0,36.18,1065,0.0,0.0,0.0,0.0,0.0,0.0,0.0,0.0,12.16,39,3039.0,11,2432,2477,2661,2661,178,241,512,1046,431,24,1,0,44,39,76,69,0,0,0,0,72,0.723
Course 3,78,56,1.39,0.68,118,100.0,0,0,0,0,0,104,100.0,37.11,1508,0.0,0.0,0.0,0.0,0.0,0.0,0.0,0.0,15.61,56,4399.0,12,3005,3401,3739,3739,289,260,352,924,721,459,103,141,152,103,131,104,0,0,0,0,104,0.81
Course 3,57,47,1.21,0.57,83,100.0,0,0,0,0,0,84,100.0,33.23,1031,0.0,0.0,0.0,0.0,0.0,0.0,0.0,0.0,17.02,47,1933.0,12,1977,2174,2464,2464,222,203,49,755,516,232,95,1,101,69,87,134,0,0,0,0,84,0.758
Course 3,102,78,1.31,0.92,80,100.0,0,0,0,0,0,133,100.0,34.22,1975,0.0,0.0,0.0,0.0,0.0,0.0,0.0,0.0,10.85,74,5222.0,13,3549,4020,4535,4536,265,250,293,1136,855,750,289,37,145,175,179,161,1,0,0,0,133,0.866
Course 3,89,67,1.33,0.81,52,100.0,0,0,0,0,0,125,100.0,30.09,1678,0.0,0.0,0.0,0.0,0.0,0.0,0.0,0.0,13.06,67,6678.0,12,3051,3476,3998,3998,301,280,338,898,723,511,226,39,160,211,151,160,0,0,0,0,125,0.839
Course 3,70,59,1.19,0.71,112,100.0,0,0,0,0,0,120,100.0,35.69,1498,0.0,0.0,0.0,0.0,0.0,0.0,0.0,0.0,13.6,59,4064.0,12,2991,3465,3840,3840,320,364,338,792,628,549,142,168,164,121,128,126,0,0,0,0,119,0.815
Course 3,77,58,1.33,0.7,47,100.0,0,0,0,0,0,113,100.0,34.26,1475,0.0,0.0,0.0,0.0,0.0,0.0,0.0,0.0,13.32,59,3877.0,12,2482,2884,3360,3360,83,165,311,771,620,532,164,124,114,82,184,210,0,0,0,0,113,0.803
Course 3,152,73,2.08,0.87,214,100.0,0,0,0,0,0,87,100.0,26.82,1084,0.0,0.0,0.0,0.0,0.0,0.0,0.0,0.0,13.99,73,16831.0,13,2167,2382,2624,2626,210,218,297,925,303,214,48,4,163,52,80,110,2,0,0,0,77,0.83
Course 3,94,70,1.34,0.83,89,100.0,0,0,0,0,0,119,100.0,32.15,1633,0.0,0.0,0.0,0.0,0.0,0.0,0.0,0.0,13.24,70,6887.0,13,2915,3298,3802,3804,196,282,347,988,652,450,93,131,159,190,177,137,2,0,0,0,118,0.839
Course 3,61,52,1.17,0.64,70,100.0,0,0,0,0,0,101,100.0,37.28,1645,0.0,0.0,0.0,0.0,0.0,0.0,0.0,0.0,15.41,52,1750.0,11,3296,3605,3905,3905,310,330,372,968,741,575,167,0,142,123,114,63,0,0,0,0,101,0.78
Course 3,61,47,1.3,0.59,69,100.0,0,0,0,0,0,105,100.0,37.27,1925,0.0,0.0,0.0,0.0,0.0,0.0,0.0,0.0,15.02,47,2443.0,11,3472,3890,4106,4106,320,235,524,1184,744,465,91,0,327,98,60,58,0,0,0,0,104,0.795
Course 3,51,38,1.34,0.49,62,100.0,0,0,0,0,0,84,100.0,37.19,1338,0.0,0.0,0.0,0.0,0.0,0.0,0.0,0.0,16.6,38,2133.0,10,2857,2942,3056,3056,310,199,446,881,654,367,0,0,85,40,40,34,0,0,0,0,83,0.7
Course 3,72,57,1.26,0.67,75,100.0,0,0,0,0,0,104,100.0,28.52,1303,0.0,0.0,0.0,0.0,0.0,0.0,0.0,0.0,14.08,57,2898.0,13,2427,2719,3122,3125,299,245,305,586,624,368,103,32,157,76,170,157,3,0,0,0,103,0.793
Course 3,94,71,1.32,0.85,35,100.0,0,0,0,0,0,135,100.0,34.25,2111,0.0,0.0,0.0,0.0,0.0,0.0,0.0,0.0,13.25,71,4370.0,13,3533,3960,4676,4677,323,329,445,1107,778,551,220,36,171,274,230,212,1,0,0,0,134,0.859
Course 3,143,71,2.01,0.85,157,100.0,0,0,0,0,0,133,100.0,33.98,1684,0.0,0.0,0.0,0.0,0.0,0.0,0.0,0.0,12.32,71,7172.0,13,3093,3593,4177,4178,284,262,298,852,790,607,216,20,264,157,208,219,1,0,0,0,132,0.856
Course 3,40,26,1.54,0.39,39,100.0,0,0,0,0,0,58,100.0,39.29,813,0.0,0.0,0.0,0.0,0.0,0.0,0.0,0.0,16.06,26,2292.0,7,1832,1832,1861,1861,130,210,349,620,434,89,0,0,0,29,0,0,0,0,0,0,58,0.574
Course 3,52,37,1.41,0.49,68,100.0,0,0,0,0,0,82,100.0,38.33,1226,0.0,0.0,0.0,0.0,0.0,0.0,0.0,0.0,13.55,37,1036.0,10,2600,2816,2882,2882,138,210,344,902,553,453,92,93,31,0,66,0,0,0,0,0,80,0.743
Course 3,46,40,1.15,0.51,48,100.0,0,0,0,0,0,80,100.0,36.26,1221,0.0,0.0,0.0,0.0,0.0,0.0,0.0,0.0,17.54,40,1632.0,9,3052,3071,3086,3086,471,356,512,878,619,216,0,0,19,0,10,5,0,0,0,0,76,0.705
Course 3,119,77,1.55,0.92,89,100.0,0,0,0,0,0,132,100.0,34.0,1731,0.0,0.0,0.0,0.0,0.0,0.0,0.0,0.0,11.67,77,6366.0,13,2941,3406,4054,4057,314,248,297,980,579,523,242,34,189,219,204,225,3,0,0,0,132,0.86
Course 3,86,70,1.23,0.84,133,100.0,0,0,0,0,0,134,100.0,33.45,1867,0.0,0.0,0.0,0.0,0.0,0.0,0.0,0.0,14.35,70,5673.0,12,3853,4466,5196,5196,544,524,543,908,752,582,159,69,385,199,289,242,0,0,0,0,133,0.86
Course 3,36,32,1.13,0.42,34,100.0,0,0,0,0,0,63,100.0,42.69,976,0.0,0.0,0.0,0.0,0.0,0.0,0.0,0.0,15.8,30,606.0,7,2175,2175,2198,2198,185,220,306,847,447,170,0,0,0,0,23,0,0,0,0,0,63,0.536
Course 3,44,40,1.1,0.49,44,100.0,0,0,0,0,0,71,100.0,9.04,466,0.0,0.0,0.0,0.0,0.0,0.0,0.0,0.0,14.95,40,677.0,11,928,994,1205,1205,42,149,121,272,223,121,24,0,42,85,55,71,0,0,0,0,69,0.628
Course 3,121,72,1.68,0.87,158,100.0,0,0,0,0,0,143,100.0,30.48,2241,0.0,0.0,0.0,0.0,0.0,0.0,0.0,0.0,13.83,72,5290.0,12,4153,4818,5483,5483,451,486,621,1177,795,623,332,42,291,281,237,147,0,0,0,0,135,0.871
Course 3,45,39,1.15,0.49,48,100.0,0,0,0,0,0,82,100.0,38.55,1175,0.0,0.0,0.0,0.0,0.0,0.0,0.0,0.0,15.43,39,895.0,11,2467,2588,2674,2674,288,215,306,849,534,275,39,46,36,0,29,57,0,0,0,0,81,0.685
Course 3,30,25,1.2,0.32,43,100.0,0,0,0,0,0,43,100.0,26.67,354,0.0,0.0,0.0,0.0,0.0,0.0,0.0,0.0,15.4,25,1366.0,9,579,579,913,913,35,61,82,126,189,86,0,0,0,80,81,173,0,0,0,0,40,0.482
Course 3,68,55,1.24,0.67,51,100.0,0,0,0,0,0,117,100.0,34.83,2366,0.0,0.0,0.0,0.0,0.0,0.0,0.0,0.0,14.24,55,3174.0,12,4339,4862,5312,5312,238,274,423,1227,1130,1047,287,31,205,94,162,194,0,0,0,0,117,0.827
Course 3,38,29,1.31,0.56,46,100.0,0,0,0,0,0,71,100.0,42.2,1188,0.0,0.0,0.0,0.0,0.0,0.0,0.0,0.0,13.93,29,648.0,7,2620,2625,2625,2625,0,228,540,702,631,519,1,0,4,0,0,0,0,0,0,0,68,0.735
Course 3,43,35,1.23,0.47,49,100.0,0,0,0,0,0,66,100.0,42.58,1196,0.0,0.0,0.0,0.0,0.0,0.0,0.0,0.0,15.13,35,2201.0,10,2546,2584,2666,2666,197,179,182,923,749,316,0,7,31,55,27,0,0,0,0,0,66,0.735
Course 3,61,43,1.42,0.54,150,100.0,0,0,0,0,0,85,100.0,34.18,980,0.0,0.0,0.0,0.0,0.0,0.0,0.0,0.0,14.01,43,2576.0,11,1984,2126,2493,2493,212,197,293,600,448,234,88,0,54,90,180,97,0,0,0,0,84,0.716
Course 3,95,46,2.07,0.65,160,100.0,0,0,0,0,0,85,100.0,36.65,1260,0.0,0.0,0.0,0.0,0.0,0.0,0.0,0.0,14.89,46,4438.0,11,2335,2848,2900,2900,170,171,288,618,603,485,96,3,414,36,16,0,0,0,0,0,84,0.806
Course 3,81,62,1.31,0.76,224,100.0,0,0,0,0,0,106,100.0,31.92,1401,0.0,0.0,0.0,0.0,0.0,0.0,0.0,0.0,13.62,62,5586.0,12,2717,2969,3370,3370,274,241,293,789,628,492,24,6,222,123,142,136,0,0,0,0,105,0.815
Course 3,86,63,1.37,0.78,143,100.0,0,0,0,0,0,123,100.0,29.38,2242,0.0,0.0,0.0,0.0,0.0,0.0,0.0,0.0,14.62,63,3918.0,12,4136,4655,5226,5226,272,266,443,1532,903,720,190,40,289,155,243,173,0,0,0,0,121,0.865
Course 3,4,2,2.0,1.0,4,100.0,0,0,0,0,0,4,100.0,48.5,36,0.0,0.0,0.0,0.0,0.0,0.0,0.0,0.0,16.26,2,1377.0,1,94,94,94,94,0,94,0,0,0,0,0,0,0,0,0,0,0,0,0,0,4,0.907
Course 3,19,14,1.36,0.54,22,100.0,0,0,0,0,0,30,100.0,42.33,333,0.0,0.0,0.0,0.0,0.0,0.0,0.0,0.0,14.28,14,1571.0,4,799,799,799,799,0,280,275,110,134,0,0,0,0,0,0,0,0,0,0,0,29,0.746
Course 3,41,26,1.58,0.74,73,100.0,0,0,0,0,0,57,100.0,40.54,923,0.0,0.0,0.0,0.0,0.0,0.0,0.0,0.0,14.35,25,2702.0,6,2100,2102,2102,2102,0,387,224,385,489,615,2,0,0,0,0,0,0,0,0,0,55,0.865
Course 3,9,7,1.29,0.28,8,100.0,0,0,0,0,0,10,100.0,20.5,134,0.0,0.0,0.0,0.0,0.0,0.0,0.0,0.0,14.57,7,1077.0,3,367,367,367,367,0,145,32,0,190,0,0,0,0,0,0,0,0,0,0,0,9,0.581
Course 3,40,28,1.43,0.42,33,100.0,0,0,0,0,0,47,100.0,37.87,1036,0.0,0.0,0.0,0.0,0.0,0.0,0.0,0.0,11.81,27,2660.0,7,2212,2216,2323,2323,0,187,300,1197,493,35,0,4,0,0,107,0,0,0,0,0,47,0.662
Course 3,20,14,1.43,0.58,26,100.0,0,0,0,0,0,29,100.0,41.37,558,0.0,0.0,0.0,0.0,0.0,0.0,0.0,0.0,13.95,14,496.0,4,1206,1206,1206,1206,0,29,347,701,129,0,0,0,0,0,0,0,0,0,0,0,28,0.814
Course 3,37,26,1.42,0.72,93,100.0,0,0,0,0,0,61,100.0,34.47,1030,0.0,0.0,0.0,0.0,0.0,0.0,0.0,0.0,11.36,26,1081.0,6,2306,2307,2307,2307,0,424,179,838,520,345,1,0,0,0,0,0,0,0,0,0,60,0.853
Course 3,17,10,1.7,0.3,41,100.0,0,0,0,0,0,17,100.0,34.01,304,0.0,0.0,0.0,0.0,0.0,0.0,0.0,0.0,13.26,10,792.0,4,488,704,704,704,0,0,0,0,488,0,109,7,100,0,0,0,0,0,0,0,16,0.63
Course 3,13,10,1.3,1.0,13,100.0,0,0,0,0,0,16,100.0,20.38,300,0.0,0.0,0.0,0.0,0.0,0.0,0.0,0.0,12.54,10,1171.0,2,731,731,731,731,0,0,0,142,589,0,0,0,0,0,0,0,0,0,0,0,15,0.901
Course 3,49,17,2.88,0.44,75,100.0,0,0,0,0,0,41,100.0,41.84,906,0.0,0.0,0.0,0.0,0.0,0.0,0.0,0.0,15.24,17,2889.0,4,1947,2013,2013,2013,0,0,0,981,710,256,0,0,66,0,0,0,0,0,0,0,38,0.684
Course 3,8,5,1.6,1.0,21,100.0,0,0,0,0,0,10,100.0,42.03,227,0.0,0.0,0.0,0.0,0.0,0.0,0.0,0.0,14.13,5,741.0,1,524,524,524,524,0,0,0,0,524,0,0,0,0,0,0,0,0,0,0,0,10,0.92
Course 3,12,6,2.0,0.67,19,100.0,0,0,0,0,0,12,100.0,33.35,274,0.0,0.0,0.0,0.0,0.0,0.0,0.0,0.0,14.63,6,1534.0,2,616,616,616,616,0,0,0,140,476,0,0,0,0,0,0,0,0,0,0,0,12,0.848
Course 3,9,7,1.29,0.58,30,100.0,0,0,0,0,0,16,100.0,27.29,339,0.0,0.0,0.0,0.0,0.0,0.0,0.0,0.0,13.24,7,838.0,2,757,757,757,757,0,0,0,0,674,83,0,0,0,0,0,0,0,0,0,0,14,0.811
Course 3,20,13,1.54,0.41,62,100.0,0,0,0,0,0,20,100.0,13.41,371,0.0,0.0,0.0,0.0,0.0,0.0,0.0,0.0,9.37,13,1050.0,4,828,857,857,857,0,0,0,0,470,358,7,0,22,0,0,0,0,0,0,0,19,0.647
Course 3,16,9,1.78,0.27,36,100.0,0,0,0,0,0,17,100.0,18.14,348,0.0,0.0,0.0,0.0,0.0,0.0,0.0,0.0,10.93,9,822.0,4,749,795,795,795,0,0,0,0,645,104,0,4,42,0,0,0,0,0,0,0,16,0.636
